﻿,goods_id,goods_name,goods_price,goods_store,goods_commit
0,100007010715,机械师（MACHENIKE）未来战舰 十代吃鸡游戏台式机电脑电竞主机 （i7-10700 16G 256G+1T RTX2060 6G独显）,7299.00,机械师京东自营旗舰店,1.2万+条评价
1,100015586698,惠普(HP)小欧S01商务办公台式电脑整机（十代i5-10400 16G 512SSD UMA Win10 注册五年上门）21.5英寸,4299.00,惠普京东自营官方旗舰店,5.2万+条评价
2,100015489388,"京品电脑	
华硕(ASUS) 灵耀X逍遥 英特尔Evo平台11代酷睿i7 13.3英寸轻薄4K OLED触控笔记本(i7-1165G7 16G 512G)墨玉黑",9999.00,华硕京东自营官方旗舰店,3200+条评价
3,21674665426,戴尔（DELL）灵越5000燃5493轻薄本14英寸办公学生手提商用笔记本电脑 i3-1005G1 8GB 256G固态推荐定制 【十代酷睿】皓月银 高性能核显 高清屏,3299.00,戴尔速达专卖店,1.2万+条评价
4,100005638677,Apple 2019款 MacBook Pro 16 九代i7 16G 512G 深空灰 RP5300M显卡 笔记本电脑 轻薄本 MVVJ2CH/A,18099.00,Apple产品京东自营旗舰店,"去看二手
							10万+条评价"
5,10343697212,【自带WiFi】武极i5 10400F/P620/1T/专业图形设计渲染台式电脑主机DIY组装机,3588.00,武极电脑DIY旗舰店,1400+条评价
6,10106444498,狄派 英特尔酷睿i5办公电脑台式主机家用商用财务设计师炒股电脑英雄联盟吃鸡游戏独显组装台式机整机全套 电脑主机+24英寸曲面显示器 家用娱乐 酷睿i5/8G/240G/游戏独显,2199.00,狄派电脑旗舰店,7000+条评价
7,52858882944,酷耶 酷睿i5四核/8G/240G/商务远程办公台式机电脑主机整机 学生网上课堂电脑 电脑主机+24英寸显示器 套餐一,1998.00,酷耶电脑旗舰店,1400+条评价
8,59641930111,硕扬 intel八核十六线程/GTX1060独显/32G台式电脑主机DIY组装机吃鸡LOL游戏办公 电脑主机 +显示器 套餐一（i5级四核+高清核显+120G SSD）,1089.00,硕扬DIY电脑旗舰店,8800+条评价
9,58030049186,战翔酷睿i5 9400F/高配独显吃鸡游戏电竞台式机电脑主机LOL组装家用办公全套整机送24英寸曲屏 套餐三酷睿i5/256G/1050ti 4G独显,3099.00,战翔电脑旗舰店,4400+条评价
10,100005188045,"拍拍	
【二手99新】英特尔i7级游戏二手台式机电脑8G独显吃鸡电脑GTX1070家用办公主机设计渲染组装机 三：i7级六核/8G/GTX750独显（整机） 全套",1599.00,顺电二手商品专营店,2.4万+条评价
11,39993326203,华橙AMD高频处理器/GTX1050 Ti独显240G台式组装电脑主机DIY组装机吃鸡游戏企业办公 主机全套（含显示器） 套餐二20W跑分+i7级+240G+4G独显,1398.00,华橙电脑旗舰店,1.6万+条评价
12,100014025798,联想（Lenovo）威6 2020款 英特尔酷睿 i7 14英寸窄边框轻薄笔记本电脑(i7-10510U 8G 512G  2G独显 )相思灰,5299.00,联想扬天京东自营旗舰店,8.6万+条评价
13,100007742175,航向者 intel八核十六线程/GTX泰坦6G/16G台式组装电脑主机DIY组装机吃鸡LOL游戏办公 主机+显示器 套二(i9级六核+8G内存+4G游戏独显),1399.00,航向者组装电脑旗舰店,3600+条评价
14,100015870744,华橙AMD高频处理器/GTX1050 Ti独显240G台式组装电脑主机DIY组装机吃鸡游戏企业办公 主机全套（含显示器） 套餐—17W跑分+i5级+120G+高阶核显,1178.00,华橙电脑旗舰店,1.6万+条评价
15,37768121158,华橙i5 9400F升10400/GTX1650 4G/256G吃鸡游戏台式电脑主机DIY组装机全套 套餐五/i5 10400F/GTX1650图灵显卡,3439.00,华橙电脑旗舰店,1.5万+条评价
16,11672444043,惠普(HP)小欧S01商务办公台式电脑整机（十代i5-10400 8G 1TB UMA Win10 注册五年上门）21.5英寸,3799.00,惠普京东自营官方旗舰店,5.2万+条评价
17,70194458767,惠普(HP)小欧S01商务办公台式电脑整机（十代i5-10400 8G 512SSD UMA Win10 注册五年上门）21.5英寸,3999.00,惠普京东自营官方旗舰店,5.2万+条评价
18,100008404481,惠普(HP)星14 14英寸轻薄窄边框笔记本电脑(i5-1135G7 16G 512GSSD MX450 2G独显 FHD IPS 72% NTSC)月光银,6099.00,惠普京东自营官方旗舰店,1.3万+条评价
19,100014417270,"拍拍	
【二手9成新】联想台式机 商用/家用/办公电脑主机i3 i5 i7二手主机/二手电脑/二手品牌电脑 AMD双核/4G/120G固态开机只需要15秒",319.00,诚信二手电脑 .配件专营店,1.6万+条评价
20,100007763017,酷耶(Cooyes) i5 9400F/GTX1060独显/台式机电脑主机整机全套组装家用游戏电竞 套三：酷睿i5+GTX1060 3G独显吃鸡,2479.00,酷耶电脑旗舰店,6万+条评价
21,100016057888,联想（Lenovo）天逸510Pro 锐龙版 商务办公 家用网课 台式电脑 18升大机箱 WIFI Ryzen5_2400G 8G 512G 固态硬盘,2399.00,联想京东自营官方旗舰店,8700+条评价
22,100005855036,AOC AIO大师721 23.8英寸高清IPS屏办公家用一体机台式电脑 (酷睿i5-9400 16G 512GSSD WiFi蓝牙 3年上门),4099.00,AOC电脑京东自营旗舰店,11万+条评价
23,7047622,联想(Lenovo)扬天M4000q英特尔酷睿i3 商用办公台式电脑整机(i3-10100 8G 1T+256G 键鼠4年上门)19.5英寸,3399.00,联想扬天京东自营旗舰店,1.3万+条评价
24,100009010158,和谐号 设计师游戏台式机电脑主机(新十代i5 10400F/GTX1650 4GD6升级版/8GD4/256G固态) 电竞独显组装整套,3499.00,和谐号电脑京东自营官方旗舰店,5000+条评价条评价
25,10023464222822,联想(Lenovo)天逸510Pro AMD个人商务台式机电脑整机(锐龙5-4600G 16G 1TB+256G SSD )单主机,3799.00,联想京东自营旗舰店,10万+条评价
26,56933152325,逆世界 intel八核十六线程/GTX1050Ti台式整机全套LOL游戏办公电脑主机/DIY组装机 电脑主机 套餐三：i9级八核十六线程+1050Ti电竞独显,1389.00,逆世界电脑DIY旗舰店,1.2万+条评价
27,5933094,攀升商睿2代办公商用台式机电脑主机（九代i3-9100F 8G 240GSSD 2G独显 商务键鼠 3年上门）23.8英寸整机,2699.00,攀升京东自营官方旗舰店,4.6万+条评价
28,70583843460,京天 Duel D5X i5 10400F/GTX1650 D6/16G DDR4/240G SSD台式吃鸡游戏组装电脑DIY主机UPC,3599.00,京天（KOTIN）电脑京东自营旗舰店,6800+条评价
29,100013333218,攀升G1设计师游戏台式机电脑主机（酷睿i5-9400F GTX1650-4G 8G 240GSSD 3年上门）电竞独显,3699.00,攀升京东自营官方旗舰店,9300+条评价
30,100007763017,金正(NINTAUS) i59400F/10400核显/独显组装电脑台式机游戏吃鸡电脑主机办公家用 I5 9400F+8G+240G+1050独显,2699.00,金正电脑显示器旗舰店,1条评价
31,25487054335,逆世界 intel八核十六线程/GTX1050Ti台式整机全套LOL游戏办公电脑主机/DIY组装机 电脑主机 套餐一：i5级四核+高清核显+120G固态,689.00,逆世界电脑DIY旗舰店,1.2万+条评价
32,71351333441,宏硕 酷睿i5四核/i5 9400F六核/台式机电脑主机家用游戏办公组装电脑整机全套 套餐二【游戏独显电脑主机】,1899.00,宏硕电脑旗舰店,6200+条评价
33,15113556327,攀升 P39 新i7 10700F八核/华硕RTX2060S 8G/512G固态/高频16G吃鸡游戏台式DIY组装电脑主机京东游戏UPC,7199.00,IPASON攀升电脑京东自营旗舰店,5.2万+条评价
34,69182877976,华硕电脑 i5 10400F/RTX2060 6G/16G直播吃鸡水冷电竞游戏台式主机/DIY组装机,4969.00,超信达DIY电脑旗舰店,900+条评价
35,11226056059,"京品电脑	
联想ThinkPad T14 酷睿版 英特尔酷睿i5 2020款(4FCD) 14英寸轻薄笔记本电脑(i5-10210U 8G 512GSSD 2G独显 广视角屏)",8499.00,ThinkPad京东自营旗舰店,5400+条评价
36,100013041288,和谐号 设计师游戏台式机电脑主机(新十代i5 10400F/GTX1650 4GD6升级版/8GD4/256G固态) 电竞独显组装整套,3499.00,和谐号电脑京东自营官方旗舰店,5000+条评价
37,49681708909,名龙堂i7 10700/10700K/RTX2060水冷台式组装电脑主机网吧电竞吃鸡直播游戏组装机,5699.00,名龙堂DIY电脑旗舰店,5200+条评价
38,58649233537,航向者 AMD升酷睿i5/8G内存/企业商务办公家用台式组装电脑主机/DIY组装机全套台式机整机,899.00,航向者组装电脑旗舰店,5700+条评价
39,100007291152,乐事(Le')英特尔酷睿i3/i5/i7系列微边框可壁挂旋转一体机 台式机 一体机电脑 AMD双核/4G/60G 19英寸,1199.00,乐事数码旗舰店,4500+条评价
40,100015055656,佐瀚（zuohan）19-27英寸一体机电脑办公家用游戏台式主机整机 19英寸 AMD四核/4G/128G(办公）送赠品 一体机电脑套餐,920.00,佐瀚淘森专卖店,2700+条评价
41,100007081491,惠普（HP）光影精灵6 新十代酷睿标压 暗夜暗影电竞游戏笔记本电脑 旗舰店官网【2020热款】 i5-10200H GTX1650Ti-4G 电竞 16G 512G PCIE【热款规格】 15.6英寸,6199.00,惠普授权旗舰店,8200+条评价
42,57121974609,攀升 intel酷睿i5 9400F/10400F/GTX1650游戏台式电脑主机DIY组装机,3088.00,攀升DIY电脑旗舰店,1万+条评价
43,52593158780,"京品电脑	
联想(Lenovo)扬天 威6 23.8英寸商务家用窄边框 一体机台式电脑(英特尔酷睿i5-10210U 8G 1T+128G SSD 三年上门)",4699.00,联想扬天京东自营旗舰店,1700+条评价
44,100007228155,联想(Lenovo)扬天M7200d 锐龙四核高性能商务家用网课办公台式电脑整机 21.5英寸全高清屏 定制R3-2200G/8G/1T+128G双硬盘,3399.00,联想扬天京东自营授权旗舰店,900+条评价
45,100015628518,联想新品IdeaPad14s 2020款 十代英特尔酷睿i3/i5 14英寸 高性能轻薄笔记本电脑 Intel i3 10110U银 标配款丨 8G内存+512G固态,3449.00,联想航电授权专卖店,5.8万+条评价
46,41352840945,联想ThinkPad E14 酷睿版 十代英特尔酷睿i3/i5/i7 14英寸商务办公轻薄笔记本电脑 十代i5 8G 512GSSD 独显 2JCD,4999.00,ThinkPad京东官方自营旗舰店,6800+条评价
47,50537475805,神舟 HASEE 新瑞E20-4340S2W 商用办公台式电脑主机 (G4930 4G DDR4 256GSSD 内置WIFI WIN10),1588.00,神舟电脑京东自营旗舰店,8000+条评价
48,29201084660,ROG魔霸新锐 十代8核 英特尔酷睿 i7液金导热 15.6英寸 144Hz 高色域 高刷新 高端电竞 游戏笔记本电脑(i7-10870H 16G 512G RTX2060满血版),9499.00,玩家国度ROG京东自营官方旗舰店,2.7万+条评价
49,70531059110,联想(Lenovo)异能者 电竞吃鸡游戏设计高配台式组装主机 AMD三代锐龙八核3700X /GTX1660S,6299.00,联想京东自营旗舰店,1900+条评价
