﻿,goods_id,goods_name,goods_price,goods_store,goods_commit
0,67598284673,联想台式机电脑主机兼容Win7 扬天M2600D/M4610D/M6603D台式税控办公电脑 单主机（含键鼠） 定制：i5-9400 8G 1T 无驱 W7专业版,3899.00,联想扬天华南授权专卖店,1200+条评价
1,13888942205,联想（Lenovo）拯救者R7000P2020新品 游戏吃鸡电竞屏高色域竞技版性能笔记本电脑 标配 R7-4800H 16G 512G RTX2060-6G/钛晶灰,8569.00,联想汇汉授权专卖店,3000+条评价
2,100013263290,"京品电脑	
三星平板电脑  2020新款 Galaxy Tab S6 Lite 10.4英寸 SPEN影音娱乐游戏学习 4G+64G WiFi版 (静谧蓝) P610",2799.00,三星平板京东自营旗舰店,2700+条评价
3,44494051963,机械师F117 17.3英寸144Hz全面屏游戏本十代i7-10870H/RTX2060笔记本电脑 荣耀版10代i7/8G/512G PCIE高速固态,9269.00,MACHENIKE机械师旗舰店,3800+条评价
4,69140639769,惠普（HP） 薄锐ENVY15 X360 15.6英寸轻薄本触控翻转游戏本超薄窄边框超极本笔记本电脑 新品i7-1165G7 MX450-2G 高色域 16G内存1TB PCI-E固态【指纹/背光】定,9499.00,惠普华辉专卖店,6900+条评价
5,10021387468970,戴尔（DELL）Latitude智锐3410/3510商用办公笔记本电脑便携手提学生轻薄本3400升 磨砂黑 15.6英寸 定制：赛扬5205U 4G 128G固态,2549.00,戴尔商用瑞华专卖店,500+条评价
6,71353159991,联想拯救者R7000P 15.6英寸大Y灯效2060显卡144Hz电竞游戏笔记本电脑锐龙 八R7-4800H 16G 512G固态 标配 6G发烧级游戏光线追踪显卡 钛晶灰,8649.00,联想有点授权专卖店,1700+条评价
7,52677103724,toposh 【酷睿i7+2G独显】笔记本电脑15.6英寸金属商务办公学生手提流畅吃鸡原神天刀游戏本 i7-6500U+2G独显+16G+512G固态,3959.00,toposh笔记本旗舰店,100+条评价
8,65154179462,联想(Lenovo)拯救者y7000游戏笔记本电脑 2020款 十代酷睿i7 100%高色域轻薄本 i7-10750H 8G 512G固态 GTX1650 4G电竞独显 精装升级,7699.00,联想华南授权专卖店,1.4万+条评价
9,49853093373,戴尔（DELL）Latitude3400/3500笔记本电脑超薄商务办公本14/15英寸3490升级 定制：4205U/8G/1T/256G/集显,2999.00,戴尔商用雷泰龙专卖店,700+条评价
10,71491462691,【酷睿i7+高性能独显】大学生游戏本 快速者K81轻薄本 15.6英寸笔记本电脑 酷睿i7+2G独显+ 8G内存+256G固态,3699.00,快速者电脑旗舰店,100+条评价
11,71387883387,戴尔（DELL）OptiPlex7080MT十代八核i7设计建模渲染台式机电脑 7070升级版 单主机 i7/16G/256+1T/1050Ti-4G独显,6988.00,戴尔商用祥云专卖店,1100+条评价
12,47269587707,戴尔（DELL）Latitude 7400 14英寸窄边轻薄便携笔记本电脑 商用办公 7490升级款 I5-8265U|8G|256G固态|高分原厂,5999.00,戴尔商用顺兴专卖店,300+条评价
13,72011521165,华为笔记本MateBook 2020款 14英寸 13英寸 轻薄本手提全面屏商务办公超极本2K显示屏 13银丨十代i5 16G 512G 独显 触屏 2020款,6299.00,华为恒泰专卖店,1600+条评价
14,57800152225,华硕电脑 i7 10700F/华硕ROG RTX3070直播吃鸡游戏水冷台式电脑主机/DIY组装机 默认规格,7969.00,超信达DIY电脑旗舰店,6条评价
15,37476299348,联想拯救者Y9000X 2020款15.6英寸酷睿i5/i7标压轻薄游戏笔记本电脑学生编程办公设计本 i5-9300H 16G 1T固态 定制 双雷电,6399.00,联想西南授权专卖店,1700+条评价
16,69250366898,苹果Apple 2020新款 13.3 英寸【带触控栏】 MacBook Pro 笔记本电脑 轻薄本 银色 20款 8代i5  8GB 256G固态 标配,9599.00,Apple爱豆专卖店,600+条评价
17,100007345175,ROG冰刃4Plus 十代8核英特尔酷睿i7 17.3英寸液金导热300Hz游戏本笔记本电脑(i7-10875H 32G 1T RTX2080SMQ),29999.00,玩家国度ROG京东自营官方旗舰店,1900+条评价
18,28317809671,联想拯救者Y7000 2020新品酷睿i5/i7十代P高色域性能独显游戏本 吃鸡学生设计师笔记本电脑 升级 i5-10200H 8G 256G+1T  GTX1650-4G电竞显卡,6889.00,联想汇汉授权专卖店,2.8万+条评价
19,10023739148100,2020十代酷睿i7笔记本电脑 15.6英寸全面屏高性能轻薄游戏办公设计学生超极本 i7-10510U 16G内存 2T+512G固态 2G独显 背光键盘 IPS全高清屏 精装升级 灰色,7299.00,联想佳运汇通专卖店,6300+条评价
20,40480509767,华硕(ASUS) 天选 15.6英寸游戏笔记本电脑144Hz电竞屏学生办公设计娱乐吃鸡飞行堡垒8 钛空灰 R7-4800H 1650Ti-4G独显 配置一 8G内存/512G固态,6569.00,华硕金硕专卖店,1200+条评价
21,55033602027,宁美 i7 9700升10700F/P620/16G设计3D渲染摄影后期电脑主机组装电脑DIY组装机 【标准版】i7/P620/16G/256G+1T,5499.00,宁美官方旗舰店,700+条评价
22,71236380066,横远 i5 9400F/10400/1660S 6G高配水冷台式吃鸡直播游戏组装电脑主机全套网吧 配置六(10400+16G+GTX1060 6G),4999.00,横远DIY电脑旗舰店,700+条评价
23,10021164713498,【三年质保，上门服务】雷神 911黑武士-光舰 水冷电竞吃鸡游戏台式电脑整机设计师电脑全套主机 i7-10700/RTX2070S/16G/1T,11499.00,Thunderobot雷神旗舰店,60+条评价
24,68348369802,戴尔（DELL）灵越5493/5593燃5000酷睿十代轻薄商务办公笔记本电脑学生手提电脑2G独显 14英寸 i5-1035G1 四核 银色  16G内存 512G SSD无机械硬盘 定制版,4299.00,戴尔启予专卖店,900+条评价
25,25579891663,【2020新品】华为matepad平板电脑10.4英寸 麒麟八核处理器 办公学生学习娱乐网课pad 贝母白丨6g+128g wifi版 【官方标配】多重护眼/专属教育中心/平板电...,2299.00,咖博电脑专营店,9900+条评价
26,10022368083661,联想ThinkPad  E14 14英寸FHD高清轻薄商务办公手提游戏笔记本电脑 酷睿十代 十代i3 8G 256G固态@39CD银色,3199.00,ThinkPad华东授权专卖店,3000+条评价
27,10022961278711,华硕(ASUS) 天选 15.6英寸游戏笔记本电脑144Hz电竞屏学生办公设计娱乐吃鸡飞行堡垒8 钛空灰 R7-4800H 1660Ti-6G独显 配置三 16G内存/512G固态,7269.00,华硕金硕专卖店,1300+条评价
28,10020500213686,联想ThinkPad T14 锐龙版 14英寸商务办公设计游戏笔记本电脑 高性能 FHD高清全面屏 8核锐龙R7 Pro-4750U 7纳米 04CD 16G内存 512G固态硬盘 官方标配,6499.00,ThinkPad成都授权专卖店,100+条评价
29,10020000889490,戴尔（DELL）灵越5593笔记本 15.6英寸5000系列轻薄固态商务学生手提电脑【三期免息】 15寸| 十代酷睿i5-1035G1|2G独显 【旗舰版】8G内存 512GPCIe固态+1T机械,4599.00,戴尔瑞泰专卖店,300+条评价
30,10020531620084,华为（HUAWEI）笔记本电脑MateBook D15/14 轻薄便携商务办公学生超薄本 D15灰｜i5-10210U 8G 512G 固态,5499.00,华为新通路专卖店,2万+条评价
31,25532927577,小米游戏本 15.6英寸 2019款酷睿标压处理器高刷高色域吃鸡电竞屏学生手提笔记本电脑 九代i5 8G 512G 1660Ti 144Hz,5749.00,小米北翔专卖店,100+条评价
32,43641283106,华为MateBook XPro 2020款笔记本全面屏轻薄本超极本商务办公手提笔记本电脑 深空灰|十代i7 16G+512G独显 2020款,9999.00,华为德信专卖店,400+条评价
33,40589957948,联想笔记本电脑小清新ideapad15s 2020新款高性能轻薄本 标配i3-1005G1 8G 512G固态 数字小键盘 银色,3699.00,联想有点授权专卖店,5600+条评价
34,67932106046,【新品】苹果（Apple）2019年新款ipad mini5平板电脑 7.9英寸 WLAN版 金色 64G ( 官 方 标 配 ),2599.00,APPLE翔合专卖店,5.9万+条评价
35,45987038354,联想（Lenovo）小新Air14 2021酷睿i5/i7高性能游戏办公设计超轻薄笔记本电脑14英寸 标配i5-1135G7 8G 256G丨MX450 星空银 11代芯能猛虎,5399.00,联想卓电授权专卖店,1.1万+条评价
36,17935749850,华为平板电脑 matepad 10.4英寸 麒麟810八核处理器影音娱乐护眼办公学习教育平板电脑 【麒麟810】6+128g/wifi/灰色 多重护眼  一屏两用 四声道四扬声器 专...,2199.00,昌族数码官方旗舰店,5900+条评价
37,13261026315,GPD MicroPC 工程师6英寸轻薄移动便携笔记本商务电脑多串口机房手提运维神器笔记本电脑 GPD MicroPC 8GB 128GSSD,2599.00,GPD游戏机 手柄 战神官方旗舰店,700+条评价
38,68735843435,华硕（ASUS）飞行堡垒8 Plus 17.3英寸竞技游戏笔记本电脑IPS电竞大屏十代酷睿i7 十代I7-10750H/GTX1650Ti独显 16G 512G+1T 定制,8399.00,华硕汉腾专卖店,1200+条评价
39,41589829155,戴尔台式机（DELL） OptiPlex7070MT 酷睿八核九代i7 家用商用塔式机箱办公台式电脑 单主机（预装win10家庭版） I7/16G/1T+256/1060-6G独显,7199.00,戴尔商用祥云专卖店,900+条评价
40,44150226987,华硕i3 9100F 10100F四核独显游戏台式电脑主机家用办公游戏台式组装电脑主机DIY组装机 【套餐一】家用办公商务优选,1999.00,华硕电脑配件专卖店,200+条评价
41,10020500213680,惠普（HP）星15系列/星14青春版笔记本电脑畅游人i5窄边框超极本轻薄便携学生游戏本 静谧银i7 1065G7【高色域/MX250独显】 推荐七：16G/512G高速固态+1T,7399.00,惠普蓝星专卖店,1.2万+条评价
42,10021513749353,酷耶 i5 9600KF六核/技嘉主板/RTX2060独显 台式电脑主机 吃鸡游戏DIY组装整机全套 主机 16GD4/240G/GTX1070独显8G,6099.00,酷耶电脑旗舰店,60+条评价
43,72076448709,戴尔（DELL）灵越5593笔记本 15.6英寸5000系列轻薄固态商务学生手提电脑【三期免息】 15寸| 十代酷睿i5-1035G1|2G独显 【店长推荐】8G内存 512GPCIe固态,4299.00,戴尔瑞泰专卖店,300+条评价
44,100008512011,2020款华为（HUAWEI）MateBook 14 全面屏轻薄商务办公固态笔记本手提电脑 六核心R5-4600H 16G 512触摸屏银,5898.00,华为兰焜专卖店,1400+条评价
45,69598116967,联想YOGA Duet 2020款 13.0英寸高色域十代i5触屏轻薄学生商务办公二合一笔记本电脑 标配:i5-10210U 16GB 512G 耀石灰 IPS触摸屏 人脸识别 带电容笔,7669.00,联想华南授权专卖店,1000+条评价
46,100008323227,三星Galaxy Tab S7 11英寸影音办公游戏平板电脑(6G+128GB/WLAN版/120Hz+2K全面屏/骁龙865+/T870）迷雾金,5199.00,三星平板京东自营旗舰店,1600+条评价
47,59086470348,武极 十代i7 10700/RTX3080吃鸡战区游戏台式电脑主机DIY组装机水冷电竞主播直播,12389.00,武极电脑DIY旗舰店,80+条评价
48,100015180638,神舟(HASEE)战神TX9-CU5DA 英特尔酷睿i5-10400 RTX 2070 8G 16.1英寸144Hz游戏笔记本(8G 512GSSD72%色域),7799.00,神舟电脑京东自营旗舰店,5100+条评价
49,67410389170,"拍拍	
【二手9成新】联想2二手台式机电脑品牌主机显示器i3双核i5四核i7商务办公游戏独显DIY组装机电脑 套餐一E8400/4G/320G集显 主机加送19寸品牌显示器",556.00,易点二手办公电脑专营店,500+条评价
50,68462245049,三星Galaxy Tab S7 11英寸影音办公游戏平板电脑(8G+256GB/WLAN版/120Hz+2K全面屏/骁龙865+/T870）迷雾金,5799.00,三星平板京东自营旗舰店,1600+条评价
51,54202932960,戴尔（DELL）灵越游匣 G3/G5 3500 15.6英寸窄边框轻薄标压学生电竞游戏本笔记本电脑 i5-10200H GTX1650电竞屏120Hz 8GB内存 512G PCIe固态 无机械 定制,5299.00,戴尔速达专卖店,1.1万+条评价
52,71893843448,雷神911MP伪装者2代 17.3英寸游戏笔记本电脑10代I7-10750H 8G 512GSSD 旗舰版-RTX2060 6G 144HZ屏,8599.00,雷神京东官方自营旗舰店,300+条评价
53,66743501335,13.3英寸四核酷睿i5学生女生商务办公超极本轻薄便携全面屏游戏手提电脑威6同款 官方标配丨i5-8265U 8G内存 256G固态 IPS高清屏 电源指纹识别 集显 星银...,4366.00,联想扬天航电授权专卖店,600+条评价
54,10021393288377,【12期免息】 机械革命S2/S3十代14英寸英特尔酷睿i5/i7轻薄商务办公设计游戏笔记本手提电脑 i7-10510U/8G/512/MX350银或灰,4999.00,机械革命旗舰店,70+条评价
55,64826932871,苹果（Apple） 2020款 MacBook Pro 13.3英寸超轻薄学生办公游戏笔记本电脑国行 MacBook Pro 13.3【商务灰】 【2020款】i5/8GB/512GB/G645,11188.00,苹果百桔专卖店,700+条评价
56,10020430734272,联想ThinkPad E14 锐龙版 2020新款 14英寸黑色金属轻薄商务办公学生IBM笔记本电脑 六核R5 8G内存 512G定制（05CD） 快充  高清屏 两面金属,4099.00,ThinkPad广东授权专卖店,200+条评价
