﻿,goods_id,goods_name,goods_price,goods_store,goods_commit
0,10023914894903,迅众 酷睿i3 9100F/i5 9400F/i7/32G电竞游戏吃鸡台式机组装电脑主机DIY整机 主机+24英寸曲面 配置一 【9100F/1050Ti】流畅吃鸡,2468.00,迅众旗舰店,7条评价
1,43520124636,阿玛塔 i7/GTX1060/32G游戏吃鸡组装电脑主机 台式组装机DIY 配置二(i7/32G/480)GTX1060 5G,3798.00,阿玛塔电脑旗舰店,2.1万+条评价
2,100007662740,"京品电脑	
AOC AIO大师721 23.8英寸高清IPS屏办公家用一体机台式电脑 (九代酷睿i3-9100 8G 256GSSD WiFi蓝牙 键鼠)",3099.00,AOC电脑京东自营旗舰店,11万+条评价
3,100013099252,戴尔(DELL)灵越3880英特尔酷睿i5商用办公台式机电脑整机(十代i5-10400 8G 256GSSD 1T 三年上门)23.8英寸,4499.00,戴尔京东自营官方旗舰店,4万+条评价
4,100016085452,联想(Lenovo)YOGA 14c 英特尔Evo平台2021款全面屏超轻薄笔记本电脑(i5-1135G7 16G 512G 翻转触控 高色域)灰,6299.00,联想京东自营旗舰店,33万+条评价
5,68767776383,"京品电脑	
戴尔（DELL）旗舰店灵越5593/5493 15.6英寸/14英寸网课办公酷睿固态轻薄笔记本电脑 5493-1629|i5 8G 512G 2G独显",4099.00,戴尔官方旗舰店,2.5万+条评价
6,100014562256,宏碁(Acer)商祺SQX4270 560N 商用办公台式电脑整机 家用电脑（十代i3-10100 8G 512GSSD wifi ）21.5英寸,2999.00,宏碁京东自营旗舰店,2.8万+条评价
7,100004051739,"京品电脑	
戴尔DELL灵越AIO 5491 英特尔酷睿i5微边框高色域一体机台式电脑 23.8英寸(i5-10210U 8G 256G 1T 2G独显)银",4999.00,戴尔京东自营官方旗舰店,"去看二手
							3.9万+条评价"
8,100013206314,"京品电脑	
机械革命（MECHREVO）蛟龙P AMD 17.3英寸144Hz游戏笔记本电脑(锐龙7nm 8核 R7-4800H 16G 512G  RTX 2060)",7599.00,机械革命京东自营官方旗舰店,2.1万+条评价
9,64828641959,彐星（XUEXING） 一体机电脑窄边超薄商务办公家用游戏台式电脑整机 A1:标配办公 酷睿i3/4G/128G 19英寸,979.00,华牛电脑专营店,3200+条评价
10,100004105127,惠普(HP)战66 商用办公台式电脑主机（九代i3-9100 8G 1TB Win10 Office WiFi蓝牙 注册五年上门）21.5英寸,2799.00,惠普京东自营官方旗舰店,1.7万+条评价
11,13836773522,酷耶(Cooyes) i5 9400F/GTX1060独显/台式机电脑主机整机全套组装家用游戏电竞 RX560独显4G主机+24英寸显示器,2578.00,酷耶电脑旗舰店,6万+条评价
12,100008983809,惠普(HP)战66 微边框商用一体台式机电脑23.8英寸(十代i5-10500 8G 256GSSD+1TB 独显 Office 注册五年上门),5099.00,惠普京东自营官方旗舰店,1.4万+条评价
13,13836773521,酷耶(Cooyes) i5 9400F/GTX1060独显/台式机电脑主机整机全套组装家用游戏电竞 套二：酷睿i5+RX560独显4G电脑主机,1979.00,酷耶电脑旗舰店,6万+条评价
14,50532516300,战神盟主 酷睿i5 9400F/i7四核/GTX1060独显 吃鸡游戏台式机电脑主机组装整机 主机+24英寸曲面显示器 i7四核/16G/240G/GTX1060独显6G,4098.00,战神盟主电脑旗舰店,3500+条评价
15,100012583262,惠普(HP)战99 G2 商用办公台式电脑主机（十代i5-10500 8G 512GSSD Win10 Office注册五年上门）21.5英寸,3999.00,惠普京东自营官方旗舰店,1.8万+条评价
16,100011847382,硕扬 intel八核十六线程/GTX1060独显/32G台式电脑主机DIY组装机吃鸡LOL游戏办公 电脑主机 套餐一（i5级四核+高清核显+120G SSD）,689.00,硕扬DIY电脑旗舰店,8800+条评价
17,46778152061,戴尔DELL灵越5000 酷睿i5 15.6英寸网课学习轻薄笔记本电脑(i5-1035G1 8G 512GSSD MX230 2G独显)银,4469.00,戴尔京东自营官方旗舰店,5.4万+条评价
18,71824509564,酷耶(Cooyes) i7四核/GTX1060独显吃鸡游戏台式机电脑主机组装全套整机 主机+24英寸显示器 套餐一(i7四核/8G/GTX1050 2G),2898.00,酷耶电脑旗舰店,500+条评价
19,100013273408,联想（Lenovo）来酷一体机LecooAIO 办公家用一体电脑 23.8英寸全高清屏 赛扬 J4105 4G 256G SSD 无线键鼠,2099.00,联想京东自营官方旗舰店,1200+条评价
20,100004366047,联想(Lenovo)AIO520C 英特尔酷睿i5微边框一体台式机电脑27英寸(十代i5-10400T 16G 512G SSD 无线键鼠)白,5299.00,联想京东自营旗舰店,5.5万+条评价
21,1741622741,"京品电脑	
戴尔DELL灵越5000fit 15.6英寸英特尔酷睿i5轻薄窄边框笔记本电脑(十代i5-10210U 8G 512G MX250 2G 2年整机)",4599.00,戴尔京东自营官方旗舰店,"去看二手
							5.4万+条评价"
22,52651260900,"京品电脑	
武极 英特尔酷睿i5 10400企业家用办公游戏台式电脑主机设计师电脑DIY组装机 10400+8G+480G【JD仓配】",2488.00,武极电脑DIY旗舰店,3.9万+条评价
23,100006365929,长城(Great Wall)四核一体机电脑酷睿I3/I5/高配游戏家用办公台式一体式整机 23.8英寸 四核J1900 8G 256G,1988.00,长城电脑自营旗舰店,3100+条评价
24,100013273404,LG gram20款14英寸Wifi6 999克 雷电3长续航 十代酷睿i5-1035G7 8G 512GB轻薄本笔记本电脑银色14Z90N-V.55,8099.00,LG笔记本电脑京东自营旗舰店,1万+条评价条评价
25,100016053720,联想(Lenovo)AIO520C十代英特尔酷睿i5 微边框一体台式机电脑23.8英寸(i5-10400T 16G 1TB +256G SSD 独显)黑,5299.00,联想京东自营旗舰店,5.5万+条评价
26,26877580262,联想ThinkBook 15 2021款 酷睿版 英特尔酷睿i5 15.6英寸轻薄笔记本(i5-1135G7 16G 512G MX450独显 高色域),5499.00,ThinkPad京东自营旗舰店,3.6万+条评价
27,1486374822,惠普（HP）星14青春版 14英寸轻薄便携 超轻薄金属商务办公学生游戏手提笔记本电脑 星14青春版【优雅银-高清屏】 套餐一 8G/PCI-E 256G【推荐】,3399.00,惠普赞晓专卖店,1.3万+条评价
28,100013037500,一品国度 AMD跑分16万四核SSD固态/游戏组装电脑主机DIY组装机台式办公 套一 7480/8G/120G固态(16万跑分）,899.00,一品国度DIY旗舰店,1万+条评价
29,100006365929,"京品电脑	
联想ThinkPad 翼14 Slim（1SCD）英特尔酷睿i7 14英寸轻薄笔记本电脑(i7-10510U 16G 512GSSD 2G独显)银",6399.00,ThinkPad京东自营旗舰店,4.8万+条评价
30,100016057820,LG gram20款14英寸Wifi6 999克 雷电3长续航 十代酷睿i5-1035G7 8G 512GB轻薄本笔记本电脑银色14Z90N-V.55,8099.00,LG笔记本电脑京东自营旗舰店,1万+条评价
31,70584437538,硕扬 i7 9700/10700F/泰坦6G独显/16G大内存/水冷游戏台式吃鸡电脑主机DIY组装机,2899.00,硕扬DIY电脑旗舰店,1.9万+条评价
32,25168769082,联想(Lenovo)YOGA 27可旋转27英寸4K屏一体机台式电脑(AMD R7_4800H 16G 2T+512G SSD 电视果智能投屏）,6699.00,联想京东自营旗舰店,9100+条评价
33,100012920592,华硕电脑 i5 9400F/10400F/1050Ti升1650S吃鸡LOL游戏台式主机DIY组装机,2569.00,超信达DIY电脑旗舰店,1300+条评价
34,11930425331,联想ThinkPad E480 14英寸窄边框商务办公手提笔记本电脑超轻薄本 酷睿八代 【i3】8G 256G固态@3PCD定制,2899.00,ThinkPad华东授权专卖店,1.4万+条评价
35,100016053734,"京品电脑	
戴尔(DELL)成就3681商用办公高性能台式机电脑整机(十代i7-10700 8G 256GSSD 1T 三年上门售后)23.8英寸",5899.00,戴尔京东自营官方旗舰店,15万+条评价
36,100007329775,航向者 AMD高频/GTX泰坦6G独显/16G内存台式组装电脑主机DIY组装机全套吃鸡游戏企业办公 电脑主机+显示器 套一 (i5级+120G+高清核显),1099.00,航向者组装电脑旗舰店,6.9万+条评价
37,100012816164,联想ThinkBook 15 2021款 酷睿版 英特尔酷睿i7 15.6英寸轻薄笔记本(i7-1165G7 16G 512G MX450独显 高色域),6299.00,ThinkPad京东自营旗舰店,3.6万+条评价
38,100013431578,"京品电脑	
惠普(HP)暗影精灵6 英特尔酷睿i5游戏台式电脑主机(十代i5 8G 256GBSSD+1TB GTX1650 4G独显)",4799.00,惠普京东自营官方旗舰店,5.8万+条评价
39,70081447800,"京品电脑	
雷神（ThundeRobot）911黑武士Ⅲ 水冷游戏台式电脑电竞主机（十代i7-10700 16G RTX2060 256G SSD+1T ）",7199.00,雷神京东自营官方旗舰店,2.1万+条评价
40,100015225646,联想(Lenovo)IdeaPad14s 2020 英特尔酷睿i3 14英寸网课办公窄边轻薄笔记本电脑(十代i3 8G 512G固态 FHD)银,3299.00,联想京东自营旗舰店,5.3万+条评价
41,100009093211,联想(Lenovo)小新13 十代酷睿13.3英寸超轻薄高色域全面屏便携手提笔记本电脑 银色｜i5-10210U 8G 512G｜标配 win10 附带Office,5199.00,联想众信授权专卖店,5000+条评价
42,100009090473,微星(msi)强袭2 GE66 15.6英寸游戏笔记本电脑(十代i7-10875H 16G 1TB SSD RTX2070 240Hz电竞屏 赛睿),13999.00,微星游戏本京东自营官方旗舰店,3100+条评价
43,100014639662,联想(Lenovo)AIO520C 英特尔酷睿i5微边框一体台式机电脑23.8英寸(十代i5-1035G4 16G 512G SSD 无线键鼠)黑,4999.00,联想京东自营旗舰店,5.5万+条评价
44,54604655322,联想(Lenovo)YOGA 27可旋转27英寸4K屏一体机台式电脑(AMD R5_4600H 16G 2T+256G SSD 电视果智能投屏）,5999.00,联想京东自营旗舰店,9100+条评价
45,17966612275,惠普（HP）战X 锐龙版13.3英寸高性能轻薄笔记本电脑（锐龙8核16线程 R7Pro-4750U 16G 512G 400尼特高色域）,5499.00,惠普京东自营官方旗舰店,7700+条评价
46,66699780306,航向者 AMD高频/GTX泰坦6G独显/16G内存台式组装电脑主机DIY组装机全套吃鸡游戏企业办公 电脑主机+显示器 套二 (i7级+16G内存+4G游戏独显),1499.00,航向者组装电脑旗舰店,6.9万+条评价
47,54604655321,水冷高配intel/GTX1660super吃鸡家用游戏型diy家用台式电脑组装电脑主机全套整机 套餐六 吃鸡大型游戏款,2999.00,振平组装电脑旗舰店,3.6万+条评价
48,100007247953,攀升 i5 10400F/RTX2060 6G/技嘉B460直播吃鸡游戏台式电脑主机DIY电竞组装机,4699.00,攀升DIY电脑旗舰店,4400+条评价
49,6111324,联想（Lenovo）小新Air14 2020英特尔酷睿 14英寸全面屏高性能轻薄笔记本电脑 i5-1035G1 16G 512G固态MX350 鼠标套装,5366.00,联想京东自营官方旗舰店,1.2万+条评价
50,69019922762,水冷高配intel/GTX1660super吃鸡家用游戏型diy家用台式电脑组装电脑主机全套整机 套餐五 大型网游版,2599.00,振平组装电脑旗舰店,3.6万+条评价
51,52593158782,"京品电脑	
华硕(ASUS)天选 15.6英寸游戏笔记本电脑(新锐龙 7nm 8核 R9-4900H 16G 512GSSD RTX2060 144Hz+100%sRGB)蓝",8999.00,华硕京东自营官方旗舰店,16万+条评价
52,100013273406,AOC AIO大师734 21.5英寸高清办公一体机台式电脑 (Intel四核赛扬J3160 4G 128G固态 内置WiFi 三年上门),1799.00,AOC电脑京东自营旗舰店,11万+条评价
53,100013420504,联想（Lenovo）天逸510Pro 锐龙版 商务办公 家用网课 台式电脑 18升大机箱 WIFI Ryzen3_2200G 8G 1TB机械硬盘,2099.00,联想京东自营官方旗舰店,8700+条评价
54,64975124552,酷耶 十代i5i7/技嘉主板/16G DDR4 吃鸡电竞游戏台式机电脑主机组装整机全套 电脑主机 套餐三(i5-9400F/GTX1060独显6G),3699.00,酷耶电脑旗舰店,2700+条评价
55,49816652076,联想(Lenovo)AIO520C 英特尔酷睿i5微边框一体台式机电脑27英寸(十代i5-10400T 16G 512G SSD 无线键鼠)黑,5299.00,联想京东自营旗舰店,5.5万+条评价
56,71886401381,"京品电脑	
机械革命（MECHREVO）Code01 15.6英寸(R7-4800H 16G 512G PCIE 100%sRGB WIFI6)轻薄笔记本电脑 媲美游戏本",5299.00,机械革命京东自营官方旗舰店,1.6万+条评价
