﻿,goods_id,goods_name,goods_price,goods_store,goods_commit
0,51679228017,笔记本电脑 女超薄本办公本 得峰 网课笔记本电脑 银色Intel-J4105-12G内存 SSD256G固态硬盘+高档蓝牙耳机套餐,1980.00,得峰旗舰店,3100+条评价
1,100009090451,联想(Lenovo)YOGA 27可旋转27英寸量子点4K屏一体机台式电脑(R7_4800H 32G 2T+512G RTX2060 电视果投屏）,10499.00,联想京东自营旗舰店,9100+条评价
2,71175901647,狄派 intel酷睿i7四核独显 吃鸡游戏 电竞台式机 电脑主机 组装电脑 整机全套 主机+24英寸曲面显示器 配置二(酷睿i7/8G/240G/GTX1650),3399.00,狄派电脑旗舰店,200+条评价
3,45048963191,狄派 Intel四核i3-9100F/AMD八核战机/电竞台式机电脑主机/办公吃鸡游戏组装电脑整机 主机+27英寸2K电竞显示器 套餐三 （i3-9100F/16G/4G独显）,3659.00,狄派电脑旗舰店,2.7万+条评价
4,100007838917,"京品电脑	
联想(Lenovo)拯救者刃9000K 2020英特尔酷睿i7游戏电脑主机(i7-10700K RTX2070Super 16G 2T+512G 水冷ARGB)",12999.00,联想京东自营旗舰店,2.5万+条评价
5,10021487059224,2020新品英特尔十代酷睿i7超轻薄独显14英寸全面屏设计师商务办公学生笔记本电脑 i7-10510U 24G内存 1T+512G固态 2G独显 全高清屏 背光键盘 星空灰 精装升...,6399.00,联想佳运汇通专卖店,20+条评价
6,10020293425429,学生网上课堂电脑 远程办公本 得峰 超级本 轻薄女笔记本电脑 新款白色-Intel-J4105 12G内存512G高速固态+高档蓝牙耳机套餐,1920.00,得峰旗舰店,1.3万+条评价
7,71804830093,戴尔（DELL）灵越3880 高性能商用办公台式机电脑主机 英特尔酷睿i5-10400 i5-10400 8G 1T+128G 定制,3479.00,戴尔新通路专卖店,1400+条评价
8,100003344505,神舟(HASEE)精盾U45A1畅玩版 英特尔酷睿i5-8265U 14英寸轻薄笔记本电脑(8G 512G PCIeSSD MX250 2G IPS),3499.00,神舟电脑京东自营旗舰店,5.4万+条评价
9,100015893838,惠普(HP)战66 微边框商用一体台式机电脑23.8英寸(十代i5-10500 16G 512GSSD 独显  Office 注册五年上门),5299.00,惠普京东自营官方旗舰店,1.4万+条评价
10,46584678582,"【十代新品】AOC 荣光815系列台式电脑 商用办公绘图设计台式机电脑整机 主机+AOC 23.8""显示器 十代双核G5905/8G/256G固态",2499.00,AOC电脑龙辰专卖店,4600+条评价
11,31240776282,长城(Great Wall)办公游戏商用台式机电脑主机整机 主机+23.8英寸ADS显示器 十代 i3-10100 8G 256G 配置一,2699.00,长城电脑旗舰店,4400+条评价
12,62567192284,联想小新Air14锐龙版2020款R5笔记本电脑超薄本六核超级本R7学生用轻薄女生商务办公游戏超极本 标配R5-4600U 16G 512G固态 深空灰 IPS屏,4989.00,联想率秀图新授权专卖店,4.7万+条评价
13,64015388838,京天AMD六核R5 2600/RX580 4G独显吃鸡游戏台式机组装电脑主机DIY组装机整机 默认配置一,2299.00,京天DIY电脑旗舰店,2600+条评价
14,10020346347514,小米RedmiBook 16 锐龙版超轻薄全面屏高性能全金属办公学生网课游戏本手提笔记本电脑红米 【六核R5-4500U 16G内存 512固态 】,4068.00,小米瑞通专卖店,100+条评价
15,15308619122,佐瀚（zuohan）ADM 四核/8G/4G独显/台式电脑主机整机全套组装家用商务办公游戏 电脑主机+24英寸电竞曲屏显示器 套餐一 A4+4G+120G固态 家用办公,1499.00,淘森电脑专营店,100+条评价
16,16053693952,京天 十代i7 10700F/RTX3070/16G内存  直播游戏台式电脑主机DIY组装机,7999.00,京天DIY电脑旗舰店,2800+条评价
17,17651966215,酷耶(Cooyes) i5 9400F/GTX1060独显/台式机电脑主机整机全套组装家用游戏电竞 套四：i5 9400F+GTX1060 5G独显,3869.00,酷耶电脑旗舰店,6万+条评价
18,100013273410,联想(Lenovo)AIO520C 微边框一体台式机电脑27英寸(十代i7-10700T 16G 1TB+512G SSD 2G独显 无线键鼠)白,7499.00,联想京东自营旗舰店,5.5万+条评价
19,10022123175872,DELL戴尔PrecisionT3630/T3640图形工作站台式机塔式服务器设计电脑主机定制 十代i9-10900K/64G/1TB固态 4T P1000-4G图形显卡,15899.00,戴尔商用北纬专卖店,1条评价
20,65466040221,联想（Lenovo）AIO 520C 微边框高色域一体机台式电脑 网课电脑21.5英寸 i3-8145U 4G 256G固态 黑色,2999.00,联想京东自营官方旗舰店,3200+条评价
21,10265477084,狄派 Intel四核i3-9100F/AMD八核战机/电竞台式机电脑主机/办公吃鸡游戏组装电脑整机 电脑主机+24英寸显示器 套餐一 （AMD八核战机/8G/240G）,1699.00,狄派电脑旗舰店,2.7万+条评价
22,100007264887,"京品电脑	
惠普(HP)暗影精灵6 英特尔酷睿i7游戏台式电脑主机(十代i7 16G 256GB SSD+1TB RTX 2060 6G独显)",7799.00,惠普京东自营官方旗舰店,5.8万+条评价
23,35207395457,华硕（ASUS）一体机猎鹰V4 21.5英寸家用办公整机窄边框公司商务会议台式机电脑 学习推荐｜3867U/8G/128G固态,3099.00,华硕恩荣专卖店,2400+条评价
24,100013967804,"京品电脑	
惠普(HP)暗影精灵6 15.6英寸游戏笔记本电脑(i7-10750H 16G 512GSSD RTX2060 6G独显 144Hz)",8699.00,惠普（HP）OMEN暗影精灵京东自营旗舰店,7.8万+条评价
25,100004707049,惠普(HP)星14 青春版 14英寸轻薄窄边框笔记本电脑(i5-10210U 8G 512GSSD R530 2G FHD IPS)闪耀银,4599.00,惠普京东自营官方旗舰店,1.3万+条评价
26,59086470362,"拍拍	
【二手9成新】联想2二手台式机电脑品牌主机显示器i3双核i5四核i7商务办公游戏独显DIY组装机电脑 套餐二Q8400/4G/500G集显 主机加送19寸品牌显示器",638.00,易点二手办公电脑专营店,500+条评价
27,69347495468,攀升 战神水冷十代i7 10700F电竞游戏台式电脑主机/DIY组装机 配置三【十代i7 10700F RTX2060】 单主机,6899.00,攀升官方旗舰店,700+条评价
28,69337243069,戴尔(DELL)新品游匣G5 15.6英寸酷睿十代标压固态电竞游戏笔记本电脑 2646十代i5 16G 512G 1650Ti 官方标配,6099.00,戴尔官方旗舰店,4800+条评价
29,71000696462,【2020款指纹解锁】全新十代处理器笔记本电脑15.6英寸轻薄便携办公商务设计师手提电脑超级本 十代5205U 16G内存 512G固态,3299.00,海鲅官方旗舰店,1300+条评价
30,38266134032,亚当贝尔 i5 9400F/i7/GTX1650独显16G内存家用办公游戏吃鸡组装台式电脑主机整套 配置二I7/1650独显主机+24英寸电竞显示器,3299.00,亚当贝尔电脑旗舰店,50+条评价
31,29328212520,宏华 AMD高频处理器/4G独显/32G内存吃鸡游戏家用企业影音公司办公台式组装电脑主机 主机 主机 配置三 i7级16G内存/GTS 4G独显,1198.00,宏华组装电脑旗舰店,2.5万+条评价
32,70861248771,11.6英寸新款超轻薄本 高速固态硬盘 学生网上课堂电脑 远程办公本 得峰 超级本 轻薄女笔记本电脑 新款白色-Intel-J4105 8G内存SSD512G高速固态硬盘,1780.00,得峰旗舰店,1.3万+条评价
33,100013285672,华硕a豆adolbook14 2020 增强版 英特尔酷睿i5高性能轻薄本学生笔记本电脑(i5-10210U 16G 512G MX350)千禧粉,5499.00,华硕京东自营官方旗舰店,1.2万+条评价
34,32421759213,惠普（hp）旗舰店 星14进阶版 11代新品 星13系列轻薄超薄商用手提学生女游戏笔记本电脑超极本 初恋粉：【背光键盘版-11代进阶丨稀缺货源】 吃鸡版...,6199.00,惠普授权旗舰店,3.9万+条评价
35,10023474137801,酷耶 十代i5i7/技嘉主板/16G DDR4 吃鸡电竞游戏台式机电脑主机组装整机全套 主机+27英寸曲面显示器 套餐一(i5-9400F/GTX1050独显2G),3298.00,酷耶电脑旗舰店,2600+条评价
36,30240147159,联想(Lenovo)拯救者刃9000K 2020游戏台式电脑主机(i7-10700K RTX3070 8GB显卡 16G 2T+512G水冷 ARGB侧透),12999.00,联想京东自营旗舰店,2.5万+条评价
37,29708458237,亚当贝尔 十代酷睿i5/i7-10700F八核/GTX2060电竞办公游戏吃鸡组装台式电脑主机整机 单主机 配置二：十代酷睿i5/1650 4G/512G,3299.00,亚当贝尔电脑旗舰店,2.8万+条评价
38,33740871910,惠普（HP） 暗影精灵5/6代plus电竞游戏本暗夜air笔记本电脑【RTX2060/70可选】新品 【电竞级热款】i7/GTX1650/144电竞屏 进阶一：16G/512G PCIE 【热款规格】,8199.00,惠普授权旗舰店,1.9万+条评价
39,100004245972,联想 天逸510S 家用商用台式机办公电脑主机酷睿i3-10100四核 8G 1T 集显 WiFi 蓝牙 Win10 三年上门,2599.00,联想昂德台式机授权专卖店,1700+条评价
40,10022813732791,Apple iPad mini 5 2019年新款平板电脑 7.9英寸（64G WLAN版/A12芯片 MUQY2CH/A）金色,2921.00,Apple产品京东自营旗舰店,"去看二手
							58万+条评价"
41,100004900121,博仑帅（BOLUNSHUAI） 18.5-27英寸一体机电脑办公家用游戏台式主机整机 D1高速办公 升级21.5英寸i3 4G/120G,1299.00,博仑帅一体机电脑旗舰店,3.7万+条评价
42,10238558211,宁美国度 魂 设计游戏台式机电脑主机(i5 9400F/GTX1650-D6升级版/8G/512G固态 三期免息）,3199.00,宁美国度一体机京东自营旗舰店,2100+条评价
43,100016157926,梵泰（FOTEN）英特尔酷睿i3/i5企业商务家用台式组装电脑办公主机 单主机 酷睿i3/4G内存/120G固态/办公高清核显,688.00,梵泰电脑官方旗舰店,400+条评价
44,62123533856,航向者 AMD高频/GTX泰坦6G独显/16G内存台式组装电脑主机DIY组装机全套吃鸡游戏企业办公 电脑主机 套四 (i9级+16G内存+GTX泰坦6G),1999.00,航向者组装电脑旗舰店,6.9万+条评价
45,27307261429,荣耀平板6 10.1英寸 4+64GB WiFi版 华为海思麒麟710A 影音娱乐游戏学习办公平板电脑 薄荷绿+黑色边框,1399.00,荣耀京东自营旗舰店,36万+条评价
46,10022415167874,联想(Lenovo)小新Air14 2020锐龙版轻薄本 全面屏办公笔记本电脑 典型值定制丨新锐龙R3-4300U 8G 512G 14英寸  W10 深空灰,4499.00,联想电脑授权专卖店,1.2万+条评价
47,53774369129,联想ThinkBook 十代酷睿i5/i7轻薄游戏本 指纹解锁笔记本电脑ThinkPad 15-3QCD(10代i7/背光键盘/全高清屏 32G内存512GBNVME高速固态）升配,6799.00,ThinkPad华北授权专卖店,4900+条评价
48,100015705506,戴尔（DELL）灵越5000 5593/5493 成就3401超极本学生办公女生轻薄本手提笔记本电脑 14英寸|银色|十代i5-1035G1|2G独显 8G内存 256GPcie固态硬盘 定制版,3799.00,戴尔华宏创天专卖店,1.1万+条评价
49,10021081008566,快速者K83超级笔记本电脑 8代英特尔3867U+独显2G+ 16G内存+512G固态硬盘+1000G机械硬盘,3588.00,快速者电脑旗舰店,700+条评价
50,10422230413,"拍拍	
【二手99新】英特尔i5/i7商务办公电脑主机/台式机组装机/整机全套/学习娱乐家用LOL吃鸡游戏 套餐一 送19寸高清显示器（办公款）",799.00,极客盟二手电脑专营店,2400+条评价
51,65648643334,戴尔dell灵越7700微边框高色域台式机一体机电脑家用办公27英寸（十一代i5-1135G7 8G 256GSSD+1T）银,6999.00,戴尔京东自营官方旗舰店,3.9万+条评价
52,69425230686,攀升i9 10900K/P4000升RTX4000平面设计师台式电脑专业建模渲染绘图主机DIY组装机 默认配置,13999.00,攀升DIY电脑旗舰店,300+条评价
53,71823253433,联想(Lenovo)旗舰店小新Pro13s锐龙版高性能超轻薄笔记本电脑 标配R7-4800U 16G 512G固态冰瓷莹玉,6279.00,联想授权旗舰店,4300+条评价
54,100015839594,华橙 AMD锐龙R5 2600升R7 2700/RX580 8G游戏吃鸡台式电脑主机DIY组装机 套餐三/2600/180G/RX580-8G,2499.00,华橙电脑旗舰店,5100+条评价
55,100013173326,AK 酷睿I5 9400F/RTX2060/16G DDR4内存游戏台式吃鸡电脑主机/DIY组装机 配置3A：9400F六核/1060 6G+27曲面,4099.00,AK旗舰店,600+条评价
