﻿,goods_id,goods_name,goods_price,goods_store,goods_commit
0,42753192129,2020新款联想笔记本电脑IdeaPad15s 十代酷睿i3小清新大学生超轻薄14商务办公大屏本 I3-10110U 20G内存 512G固态 15.6英寸高清屏 精装升级 银色,3999.00,联想德信专卖店,1.1万+条评价
1,28959777577,华橙 intel十二核二十四线程GTX1080 8G/16G内存吃鸡游戏台式组装电脑主机DIY组装机 配置一:十二核/GTX1060 6G/16G,3299.00,华橙电脑旗舰店,1600+条评价
2,10020836870814,【2020新款】戴尔（DELL）灵越5000 14.0英寸酷睿i5超极轻薄学生商务办公游戏笔记本电脑 【十代新-灵越14/银】 定制款丨i5/16G/512G/MX230,4799.00,卓品数码旗舰店,1.1万+条评价
3,37029266346,小米笔记本 RedmiBook 14英寸 增强版 高性能超轻薄 游戏办公学生网课手提 红米笔记本电脑 酷睿i3-1005G1 8G 256G 银 新品,3149.00,小米北翔专卖店,600+条评价
4,10021240461862,华为（HUAWEI）笔记本电脑MateBook D15/14 轻薄便携商务办公学生超薄本 D15灰｜i5-10210U 16G+512G固态,5699.00,华为新通路专卖店,2万+条评价
5,68249207041,【2020款指纹解锁】全新十代笔记本电脑15.6英寸窄边框轻薄大学生游戏女生款便携办公商务手提超级本 十代5205U 16G内存 256G固态 轻薄商务游戏金属本,2788.00,爱尔游旗舰店,200+条评价
6,11038818380,联想（Lenovo）V340 2020十代酷睿i5 14英寸高性能轻薄学生笔记本电脑手提办公游戏本 i5-1035G1 16G内存 512G固态丨高配 2G独显 背光键盘 IPS屏 星空灰 精装升级,4999.00,联想佳运汇通专卖店,4000+条评价
7,71592489340,苹果（Apple） MacBook Air 13.3英寸轻薄办公笔记本电脑 20款 256G 金色标配,6888.00,APPLE翔合专卖店,2.5万+条评价
8,69084604328,戴尔（DELL）灵越5493燃5000 14英寸酷睿十代轻薄便携独显窄边框商务办公手提笔记本电脑 i7-1065G7 16G 512G固态+1T定制,6299.00,戴尔速达专卖店,7800+条评价
9,100014661306,2020新款华为MateBook D14/15轻薄本全面屏商务办公学生设计手提超薄笔记本电脑 D14银独显i7-10510U 16G 512标配,6799.00,华为康特专卖店,4700+条评价
10,56882541194,世纪之星 英特尔酷睿i3-9100F升酷睿i5/GTX1650独显吃鸡多开LOL游戏组装电脑台式整机 单主机 配置一：九代i3/GTX750/8G,1699.00,世纪之星电脑整机旗舰店,200+条评价
11,10020321805659,台电（TECLAST）T22 Air 21.5英寸一体机电脑办公电脑（英特尔J3160 8G 256G固态 WiFi 无线键鼠 三年上门）,1749.00,台电一体机京东自营官方旗舰店,2200+条评价
12,60665115752,联想小新Air14英寸超轻薄笔记本电脑超极本办公游戏设计本2021款新一代酷睿i5可选 i5-1035G1 16G 512GMX350标配,5599.00,联想西南授权专卖店,6400+条评价
13,57166599464,惠普（HP）战66 三代AMD版 指纹识别+背光键盘轻薄笔记本电脑 商务精英办公 学生本 全新锐龙 14英寸 精装升级版 六核R5-4500U/8G/512G固态/高色域,4599.00,惠普峻峰专卖店,1.2万+条评价
14,47669728717,【2020新品】小米笔记本RedmiBook 14 二代锐龙版全面屏学生商务办公游戏轻薄全金属本电脑 i5-1035G1 16G/512G MX350,4998.00,小米阳光专卖店,4800+条评价
15,10022660621671,亚当贝尔 酷睿i5/i7/GTX1650 4G独显 办公游戏迷你家用组装吃鸡台式机电脑主机整机 主机+32英寸曲面显示器 配置三（i7级六核+游戏独显+8G+256G）,2199.00,亚当贝尔电脑旗舰店,1.8万+条评价
16,41290095746,戴尔（DELL）灵越5000 5493/5593独显轻薄超极本办公网课学生游戏笔记本电脑 5493 14英寸/十代i5 MX230-2G独显 16G内存 512GPCI-E固态+1T机械 定制,4599.00,戴尔崇云专卖店,2600+条评价
17,71807902837,【新品10代酷睿处理器】四核学生游戏笔记本电脑 高性能游戏本 快速者Z18商务办公便捷轻薄本 奔腾4405U双核四线程 8G内存+256G固态,2588.00,快速者电脑旗舰店,800+条评价
18,69214593085,武极 九代G5420/9100F/9400F吃鸡游戏LOL办公台式电脑主机/DIY组装机 配置五 i5-9400F独显游戏主机,2499.00,武极电脑DIY旗舰店,3200+条评价
19,30114406022,神舟(HASEE) 战神K670系列 英特尔酷睿/奔腾处理器 8G内存 IPS高清屏 游戏笔记本电脑 K670T-G6A2|十代i5+MX350,4499.00,神舟电脑旗舰店,4600+条评价
20,32114127143,神舟战神K670T/K670E/ZX6吃鸡游戏本MX350/GTX1650独显15.6英寸笔记本电脑 K670E-G4A6升级版:G5420 16G,3899.00,神舟屹创专卖店,1500+条评价
21,13790493271,联想V14 2020款高端性能十代酷睿i5窄边框超薄本轻薄学生超极本商务办公手提游戏笔记本电脑 定制 i5-1035G1 12G  1T+512G MX330 2G独显 全高清屏 星空灰,5789.00,联想扬天京东自营授权旗舰店,90+条评价
22,70127731922,戴尔（DELL）灵越5493/5593 燃5000 手提轻薄超极本商务办公网课学生游戏笔记本电脑 酷炫银|14.0英寸|i7-1065G7|2G独显 8G内存 512GPCI-E纯固态硬盘 定制版,5199.00,戴尔华宏创天专卖店,3万+条评价
23,67040627145,神舟战神Z7M/G8系列酷睿标压处理器RTX2060/GTX1650独显全面屏游戏本笔记本电脑 Z7T-CU7升级版/十代i7/16G/512G,6388.00,神舟游戏本专卖店,5.7万+条评价
24,10023254063364,内置wifi i7 9700/RTX2060 2070 吃鸡游戏直播台式组装电脑主机DIY组装机鑫锐 配置四:i7/泰坦6G+27英寸显示器,4999.00,鑫锐电脑旗舰店,1.9万+条评价
25,52650293851,世纪之星 i5升I7级八核/1650 4GD6/16G内存商务吃鸡办公游戏组装台式电脑主机整机全套 主机+24英寸曲面显示器 配置四：i9级八核/1650 4GD6/16G,3299.00,世纪之星电脑整机旗舰店,300+条评价
26,51622614542,独显新款15.6英寸I7高色域设计全面屏窄边框轻薄游戏本 得峰 吃鸡游戏本笔记本电脑 16G内存/SSD256G高速固态硬盘 超轻薄本红色,3199.00,得峰旗舰店,300+条评价
27,41962424921,华为荣耀笔记本电脑MagicBook 14英寸/15英寸2020款轻薄本家用商务高清屏 【16pro】R5-3550H16+512原装包鼠,4999.00,荣耀京诚专卖店,5600+条评价
28,13931804613,联想ThinkPad E480 14英寸窄边框商务办公手提笔记本电脑超轻薄本 酷睿八代 【i3】8G 500+256G@3PCD定制,3199.00,ThinkPad华东授权专卖店,1.4万+条评价
29,10020700504335,京天 AMD六核锐龙5 3600/RTX2060-6G独显台式机水冷吃鸡电脑游戏主机DIY组装机,4699.00,京天DIY电脑旗舰店,300+条评价
30,70150883275,【定制Win7-32位】联想台式机 商用办公税控台式电脑主机 WIN7系统电脑整机 大机箱（无显示器） 定制i5 8G 128G+1T 2G DVD W7,5299.00,联想扬天华南授权专卖店,3100+条评价
31,43822926251,宏碁(Acer)暗影骑士4·擎 威武骑士 酷睿i5 微边框 游戏本笔记本电脑 设计师高色域 四核十代i5|1650Ti-4G独显 高配版：16G内存 512G PCIE 大固态硬盘,6899.00,宏碁天赐专卖店,1.1万+条评价
32,65548867718,【多仓发货】海尔（haier）窄边框 笔记本电脑轻薄 学生网课 办公手提电脑 【14英寸】S14Pro 定制12G内存 128G+120G存储【定制双硬盘】,2259.00,海尔电脑旗舰店,1万+条评价
33,69084604335,ROG 魔霸4十代酷睿i7 15.6英寸240hzRTX2060游戏笔记本电脑轻薄便携新款 RTX2060+16G+512G,10969.00,玩家国度ROG桑核专卖店,20+条评价
34,72229068902,戴尔（DELL）成就3671 商用办公台式机电脑 设计制图游戏主机 主机+21.5英寸显示器 i5-9400 8G 1T 128G固态 定制,4099.00,戴尔百诚台式机专卖店,1.6万+条评价
35,21674665425,华为笔记本 MateBook 13 2020款13英寸轻薄笔记本电脑超薄本办公商务本 银R5-4600H/16G/512G+原装包鼠 标配,5299.00,华为肆玖专卖店,1800+条评价
36,40190701083,世纪之星 英特尔酷睿i3-9100F升酷睿i5/GTX1650独显吃鸡多开LOL游戏组装电脑台式整机 主机+24英寸曲面显示器 配置四：酷睿i5/1650/16G,2999.00,世纪之星电脑整机旗舰店,200+条评价
37,100012689608,15.6英寸 笔记本电脑 超薄本 锐龙R7可选金属轻薄本 全面屏 吃鸡LOL游戏本昂福镭仕办公学习 LOL: Ryzen 5 8G内存+256G固态,3498.00,昂福镭仕电脑专营店,700+条评价
38,100016528462,戴尔（DELL）灵越5000燃5493轻薄本14英寸办公学生手提商用笔记本电脑 i3-1005G1 8GB 128G高速固态定制 【十代酷睿】皓月银 高性能核显 高清屏,3199.00,戴尔速达专卖店,1.2万+条评价
39,40259992053,联想YOGA C740 14英寸s高色域二合一触摸超轻薄笔记本办公电脑酷睿10代i7/i5处理器 i5-10210U 16G 512G 灰色 标配,6349.00,联想西南授权专卖店,3900+条评价
40,10031129669,雷神(ThundeRobot) 新911MP伪装者 17.3英寸游戏笔记本电脑(十代i7-10750H 8G 512GSSD GTX1660Ti 144Hz),7699.00,雷神京东自营官方旗舰店,200+条评价
41,28167168681,京天(KOTIN)商机G591十代赛扬商务办公娱乐台式机电脑主机(G5905 8G 1T 三年上门 正版WIN10),1799.00,京天京东自营官方旗舰店,600+条评价
42,100016528400,联想ThinkPad E480 14英寸窄边框商务办公手提笔记本电脑超轻薄本 酷睿八代 【i5】8G 512G固态@4LCD定制,4199.00,ThinkPad华东授权专卖店,1.4万+条评价
43,10020293425421,联想小新Pro13 2020锐龙版2.5K高清全面屏13.3英寸金属超薄本六核轻薄手提笔记本电脑 深空灰｜六核R5-4600U 16G 1TB升级,6299.00,联想众信授权专卖店,3800+条评价
44,10023356465054,戴尔（DELL）成就3671 商用办公 台式机电脑 家用游戏整机 设计制图 带23.8英寸显示器/GT710-2G独显 i5-9400 16G 1T+256GSSD 定制,5099.00,戴尔康特台式机专卖店,3100+条评价
45,31595170135,京天(KOTIN)商机G641十代奔腾商务办公娱乐台式机电脑主机(G6400 8G 1T 三年上门 正版WIN10),1999.00,京天京东自营官方旗舰店,600+条评价
46,11532709257,学生网上课堂电脑 远程办公本 得峰 超级本 轻薄女笔记本电脑 新款银白色-Intel-J4105 12G内存512G高速固态+高档蓝牙鼠标套餐,1896.00,得峰旗舰店,1.3万+条评价
47,100013748964,华为笔记本MateBook D 14 14英寸全面屏轻薄超极本商务办公手提电脑 银｜R5-4500U+16G+512G【集显】 【预装Win 10+自带Office软件】,4888.00,华为德信专卖店,1600+条评价
48,10022231391147,小米红米笔记本电脑RedmiBook 16 16.1英寸轻薄本超薄手提超极本商务办公学生 灰|R5-4500U+8G+512G高色域 官方标配,3699.00,千百回电脑专营店,1900+条评价
49,41493450943,联想(Lenovo)小新Pro14 2021款高性能全面屏轻薄笔记本电脑 标i5-1135G7 16G 512G MX450,6679.00,联想授权旗舰店,100+条评价
50,10022106902270,戴睿2020指纹解锁超轻薄笔记本电脑15.6英寸窄边框全新四核便携手提学生商务办公游戏上网本背光键盘 贵雅红 【套5】12G内存+512固态硬盘,2358.00,戴睿旗舰店,2.1万+条评价
51,33824699746,神舟(HASEE) 战神K670系列 英特尔酷睿/奔腾处理器 8G内存 IPS高清屏 游戏笔记本电脑 K670E-G6A6|九代i5+1050 3G,4499.00,神舟电脑旗舰店,4600+条评价
52,69140639768,戴尔DELL XPS15-9500 15.6英寸全面屏设计笔记本电脑(i5-10300H 8G 512G GTX1650Ti 4G独显)银 送两年碎屏保,15999.00,戴尔京东自营官方旗舰店,10+条评价
