﻿,goods_id,goods_name,goods_price,goods_store,goods_commit
0,31595170136,戴睿2020指纹解锁超轻薄笔记本电脑15.6英寸窄边框全新四核便携手提学生商务办公游戏上网本背光键盘 贵雅红 【套6】背光键盘+指纹解锁 16G+256G,2558.00,戴睿旗舰店,2.1万+条评价
1,11825744823,【十代新品】联想V15 15.6英寸酷睿i5笔记本电脑 高性能轻薄学生设计游戏娱乐商务办公手提本 定制i5-1035G1 8G 1T+128G固态 2G独显 MX330 星空灰,4269.00,联想北达兴科专卖店,5400+条评价
2,64999998317,新品华为笔记本MateBook D 14/15 轻薄本商务办公本笔记本电脑学生 D15 i5-10210U 16 512G独显银,5688.00,华为兰焜专卖店,2200+条评价
3,32153309708,戴尔（DELL）OptiPlex 3050升级3060MT 商用办公台式机电脑主机 支持win7系统 单主机不含显示器 i5-8500 8G 512G纯固态 定制,3299.00,戴尔商用润弘专卖店,1200+条评价
4,69884672801,华为笔记本MateBook 13轻薄本商务手提笔记本电脑13英寸2020款 皓月银 六核R7 4800H 16G 512G硬盘,4988.00,华为兰焜专卖店,1400+条评价
5,70127731925,世纪之星 i5升I7级八核/1650 4GD6/16G内存商务吃鸡办公游戏组装台式电脑主机整机全套 主机+27英寸曲面显示器 配置三：i9级八核/1650 4G独显/16G,3299.00,世纪之星电脑整机旗舰店,300+条评价
6,10478746392,戴尔（DELL）成就3268升级版 商用台式机电脑 mini整机 游戏炒股主机全套 主机+23.6英寸高清显示器 i5-9400 8G 1T+128G固态 定制,4249.00,戴尔康特台式机专卖店,1600+条评价
7,65445304536,联想ThinkBook 十代酷睿i5/i7轻薄商务办公手提学生游戏笔记本电脑ThinkBook 14-28CD i7-1065G7 2G独显 16G内存 512G固态 指纹解锁 升配,5999.00,ThinkPad广东授权专卖店,1600+条评价
8,58851414623,华为笔记本MateBook X Pro 2020款13.9英寸十代酷睿全面屏轻薄本商务办公手提电脑 翡冷翠|十代i7 16G+512G独显 2020款,9999.00,华为康特专卖店,900+条评价
9,47473375136,惠普（HP）星14青春版 星系列 14英寸窄边框轻薄笔记本电脑AMD锐龙超极本女学生游戏商务 星空银：R3-3250U IPS 微边框 升级版：8G 256G+1TB 双硬盘,3799.00,惠普老熟人专卖店,1800+条评价
10,10361676588,雷诺塔 i5 10400F/RTX2060/16G吃鸡大型单机游戏台式电脑主机/DIY组装机,4599.00,雷诺塔组装电脑旗舰店,200+条评价
11,29699752622,联想（Lenovo）拯救者刃7000 2020吃鸡游戏设计家用台式电脑电竞主机十代I5-10400F 定制16G 1T+256G GTX1660S-6G 主机+23.8IPS屏,7399.00,联想同诚台式机授权专卖店,1800+条评价
12,10021073792580,戴睿2020指纹解锁超轻薄笔记本电脑15.6英寸窄边框全新四核便携手提学生商务办公游戏上网本背光键盘 幻夜黑 【套6】背光键盘+指纹解锁 16G+256G,2558.00,戴睿旗舰店,2.1万+条评价
13,10021950549470,2020新款平板电脑12英寸全网通4g安卓平板手机十核10g平板高清学习机超薄大屏娱乐吃鸡游戏平板 小米金128g（免费试用+分期免息+鼠标蓝牙键盘） 12英...,838.00,博智星颍川世家专卖店,3800+条评价
14,49304031274,"拍拍	
【二手9成新】电脑主机 DELL戴尔 双核 四核 i3 i5 i7高端办公主机 二手电脑 二手台式机 套餐8：E8400/4G/320G硬盘",368.00,鑫森佳业二手电脑专营店,2.1万+条评价
15,44864535564,13.3英寸轻薄便携高色域翻转触控屏笔记本电脑 FHD高色域触摸翻转屏 背光键盘 指纹识别 R5-4500U 16G 512G固态 木纹黑标配,6449.00,惠普华辉专卖店,5000+条评价
16,100013479676,浪 LOONGTR（GT i77 SOUL-S）i9 10900K/RTX3070 8G台式机组装电脑网红主播直播电竞DIY水冷高端游戏主机,14999.00,LOONGTR京东自营旗舰店,20+条评价
17,40910134888,惠普（HP)星15 笔记本电脑 15.6英寸星系列窄边框时尚学生娱乐游戏轻薄本 i5-1035G1 MX330独显 14英寸 标配8G 512G PCIE固态 高清屏,5299.00,惠普华辉专卖店,1700+条评价
18,37356097989,惠普（HP）星14青春版 小欧14S笔记本电脑星14英寸轻薄便携窄边框学生家用商务办公手提电脑 黑灰色【R5-3500U】 推荐四：8G/256G固态,3599.00,惠普老熟人专卖店,4500+条评价
19,12673528027,联想小新Pro13 2020款超轻薄笔记本电脑 酷睿十代i5/i7 超极本学生商务办公超薄手提电脑 标配：i7-10710 16G 512G固态 2G独显 100%sRGB高色域2.5K屏人脸识别,7299.00,联想华北授权专卖店,2.6万+条评价
20,70801692637,华为 荣耀笔记本电脑 MagicBook 14/15.6英寸2020轻薄本超极本高清屏学生商务办公 15银六核R5-4500U 16G+512固态 官方标配,4999.00,荣耀咖博专卖店,2100+条评价
21,32796001797,纵横卓创 十代i7 10700K/GTX1660S设计师3D渲染建模视频剪辑影视后期组装台式电脑主机 配置二：主机+戴尔P2419H带旋转设计显示器,8099.00,纵横卓创组装电脑旗舰店,1000+条评价
22,14519323251,戴尔（DELL）成就3268升级款 商用办公 台式机电脑主机 mini整机 游戏炒股主机全套 主机+21.5英寸SE2218HV显示器 i3-9100 8G 1T机械硬盘 定制,3095.00,戴尔康特台式机专卖店,200+条评价
23,55195863010,惠普（HP）战66 三代 AMD 全芯锐龙 超轻薄商务办公学生编程设计笔记本电脑 预装office 15.6英寸 全新7nm锐龙 IPS雾面屏 定制 R5-4500U六核 16G 512G固态 高色域,4499.00,惠普商域专卖店,700+条评价
24,31204952898,【12期免息】华为荣耀笔记本电脑MagicBook pro/14英寸轻薄本学生网课商务办公手提超极本 【14英寸】R5-3500U+8+256,4599.00,荣耀策山专卖店,9400+条评价
25,46245157076,戴尔（DELL） OptiPlex7070MT商用办公台式电脑主机酷睿i7游戏台式机主机3D建模设计 整机含27英寸显示器 设计I7 16G 1T+256G/1050Ti4G,7299.00,戴尔商用瑞华专卖店,4900+条评价
26,63750558488,DELL戴尔7070mff 微型台式电脑迷你小主机酷睿I5I7游戏商用台式机办公MINI客厅HTPC 单主机/含键盘鼠标 i9-10900/64G/1T固态+1T/定制,11399.00,戴尔商用千臣专卖店,5600+条评价
27,10022882137742,武极 i9 10850K/RTX3080/RTX3090/游戏台式吃鸡电脑主机DIY组装机 配置三丨i9 10900K+3090,21499.00,武极电脑DIY旗舰店,100+条评价
28,62123533883,联想ThinkBook 十代酷睿i5/i7轻薄游戏本 指纹解锁笔记本电脑ThinkPad 14-05CD (10代i7/背光键盘/全高清屏 32G内存512GBNVME高速固态）升配,6799.00,ThinkPad华北授权专卖店,4900+条评价
29,10023353960813,联想（Lenovo）AIO520C 23.8英寸 一体机台式电脑 商务办公家用电脑 i3-10110U 8G 256G SSD 黑色,3699.00,联想京东自营官方旗舰店,5000+条评价
30,100008364339,雷神(ThundeRobot) 911MT黑武士 15.6英寸游戏笔记本电脑(十代八核i7-10870H 16G 512GSSD RTX2060 144Hz),8499.00,雷神京东自营官方旗舰店,2万+条评价
31,57046748093,戴尔（DELL）成就5490/5402 14英寸酷睿10代/11代窄边框轻薄学生办公手提笔记本电脑 银色 成就5490 i5-10210U 2G独显  16GB 512GB高速固态 定制,4899.00,戴尔宇熙世纪专卖店,1100+条评价
32,64475862554,戴尔（DELL）成就5880酷睿十代i5台式机电脑吃鸡游戏设计家用办公全套整机 定制i5-10400 主机+27英寸显示器 16G 1T+256G GTX1050Ti-4G,6099.00,戴尔华行台式机专卖店,1700+条评价
33,10021516289831,联想ThinkPad E14 19CD 14英寸轻薄商务办公笔记本电脑十代酷睿六核i7-10710U 32G内存 1T大固态硬盘【定制】 FHD全高清 独显2G Win10+Office,8699.00,ThinkPad华中授权专卖店,7000+条评价
34,68382194045,苹果（Apple）2020款 MacBook Air 13.3英寸超轻薄学生办公手提笔记本电脑 国行 【2020款】MacBook Air【商务灰】 【旗舰版】十代i5/8G/256G【12期免息分期,9088.00,苹果百桔专卖店,700+条评价
35,59082335539,联想（Lenovo）V14 2020十代酷睿 14英寸超轻薄手提办公学生独显笔记本电脑 i3-1005G1 8G内存 1T+256G固态 MX330 2G独显 全高清屏 星空灰 精装升级,3699.00,联想佳运汇通专卖店,5800+条评价
36,25839850982,联想威6 轻薄笔记本电脑 14英寸商用办公设计学生本十代酷睿i7 精装升级 R625性能2G独立显卡 i7-10510U 16G 512G固态｜爆款,5799.00,联想扬天授权旗舰店,600+条评价
37,29315318595,戴尔台式机 OptiPlex7060升级7070MT i7九代八核商用绘图设计3D渲染建模台式机电脑 配21.5英寸E2216HV全高清液晶屏 I7/16G/1T+256/1050Ti-4G独显,6999.00,戴尔商用祥云专卖店,3200+条评价
38,35140504649,壹号本（1代S+版）7英寸英特尔八代酷睿掌上迷你电脑口袋笔记本电脑平板电脑二合一商务轻薄迷你笔记本 浅蓝色 8G+256G,3919.00,壹号本旗舰店,2700+条评价
39,65512163666,联想ThinkBook 十代酷睿i5/i7轻薄商务办公手提学生游戏笔记本电脑ThinkBook 13s-CECD i7-8565U 2G独显 16G内存 512G固态 指纹解锁 升配,5799.00,ThinkPad广东授权专卖店,1600+条评价
40,70266293567,联想小新15笔记本电脑 2020英特尔十代酷睿i5 15.6英寸高性能独显大学生游戏办公轻薄设计本 I5-1035G1 8G内存 1T大容量固态 MX350 2G独显 升级版 IPS雾面屏 ...,5999.00,联想德信专卖店,1万+条评价
41,69287897686,玖嘉久 十代i5 10400f 10600kf 台式电脑主机3070吃鸡电竞游戏整机diy组装全套 i5 10400/F/RTX2070S/512G,6999.00,均龙紫光电脑专营店,100+条评价
42,42437935075,神舟战神Z7M/Z8/G7/G8/Z9/G9/Z10/G10吃鸡游戏本GTX/RTX独显笔记本电脑 Z7-CU5NB升级版:i5 16G 1650Ti,5499.00,神舟屹创专卖店,300+条评价
43,10023739148102,戴尔台式机 OptiPlex7060升级7070MT i7九代八核商用绘图设计3D渲染建模台式机电脑 单主机（预装win10家庭版） I7/16G/1T+256G/P1000-4G独显,7599.00,戴尔商用祥云专卖店,3200+条评价
44,10020601510097,华硕(ASUS) 天选 15.6英寸游戏笔记本电脑144Hz电竞屏学生办公设计娱乐吃鸡飞行堡垒8 钛空灰 R7-4800H 1650Ti-4G独显 配置三 16G内存/512G固态,6869.00,华硕金硕专卖店,1300+条评价
45,27632328141,小米RedmiBook 小米14增强版i7高性能MX250独显公游戏笔记本电脑红米商务手提小米Pro i7-10510U 8G内存 512G固态 2G,4168.00,小米瑞通专卖店,100+条评价
46,57566525320,神舟战神Z7M/Z8系列酷睿标压处理器GTX1650Ti RTX2060 独显电竞游戏笔记本手提电脑 Z7-CU5旗舰版 十代i5 16G 512+1T 官方标配/定制,5799.00,神舟天美专卖店,2.1万+条评价
47,40405365833,惠普（hp）星14系列【20年新品】十一代酷睿进阶版金属超轻薄学生女游戏商用办公手提笔记本电脑 静谧银：i5-1135 g1十一代【mx450】 推荐四：16g/512g固...,5886.00,惠普电脑授权专卖店,3100+条评价
48,27180149742,宏碁（Acer）墨舞EX215 15.6英寸商务笔记电脑 蓝牙 WiFi A4-9120e处理器 集成显卡 套餐七 8G内存 256G Pcie固态,2499.00,宏碁沃美嘉专卖店,300+条评价
49,10877316987,【支持更改Win7系统】联想（Lenovo）扬天M4000s 商用台式机电脑家用娱乐办公主机 单主机（含键鼠） i3-9100/8G/1T+128G/集显定制,3099.00,联想严选授权专卖店,3900+条评价
50,69481653264,联想ThinkPad P15V i5/i7轻薄移动图形工作站3D建模设计师15.6英寸绘图笔记本电脑 04CD】P620专业卡FHD屏i7-10750H 【定制升配】32G内存 512G固态硬盘,10099.00,ThinkPad华南授权专卖店,2200+条评价
51,38040837887,联想ideapad14S 2020款 锐龙版 手提超轻薄本学生设计师商务办公超薄笔记本电脑 游戏本 定制｜R3-4300U｜20G｜512G固态,4499.00,联想华北授权专卖店,2.7万+条评价
52,70644059184,华硕（ASUS） 英特尔酷睿十代 猎鹰V4微边框商用办公大屏一体机电脑 黑色 1T+256G 十代酷睿i3 8G 集显,3999.00,华硕电脑京东自营官方旗舰店,300+条评价
53,67929640447,联想小新15 2020新品15.6英寸（全新7nm）锐龙R5轻薄笔记本电脑 游戏设计本上网课商务本 升级【R7-4800U 16G 1TB固态】 高色域IPS屏 银色,5899.00,联想航电授权专卖店,2800+条评价
54,38479537664,惠普（HP）星13.3英寸超轻薄办公学习商务笔记本电脑 酷睿十代背光键盘【2021款新品】 静谧银 i5-1035G1 8G 512G【旗舰版】,4999.00,惠普中成德胜专卖店,2200+条评价
55,65358080203,2020新款 联想笔记本电脑小清新IdeaPad15s 锐龙版轻薄游戏商务办公学生手提本6核12线程 R5-4600U 12G内存 512G固态 FHD全高清屏  精装定制版 银色,4259.00,联想德信专卖店,1400+条评价
56,35223090177,戴尔(DELL)成就3671商用办公家用网课财务炒股台式电脑 定制主机支持win7九代I5-9400 主机+23.8英寸显示器全套 定制:i5/8G/1T/2G独显,4549.00,戴尔鼎新台式机专卖店,2200+条评价
