﻿,goods_id,goods_name,goods_price,goods_store,goods_commit
0,29699752627,联想（Lenovo）拯救者刃7000 2020吃鸡游戏设计家用台式电脑电竞主机十代I5-10400F 定制16G 2T+256G GTX1660S-6G 单主机无显示屏,6499.00,联想同诚台式机授权专卖店,1800+条评价
1,70862928535,得峰（Deffad） 15.6英寸窄边框低功耗 超极本 办公笔记本电脑 娱乐游戏学生 超轻薄本超级本 全尺寸键盘J4105-12G内存 SSD500固态硬盘,2061.00,得峰旗舰店,1.4万+条评价
2,28404544532,戴尔（DELL）燃7000 灵越5493/5490/5590 轻薄超极本商务办公学生手提笔记本电脑 14英寸|十代i7-1065G7|独显MX230 8G内存 512GPCI-E固态+1T机械 定制,5499.00,戴尔华宏创天专卖店,2万+条评价
3,71405481306,惠普(HP)星14 十一代青春版 14英寸轻薄便携 超轻薄金属商务办公学生游戏手提笔记本电脑 星空银：R3-3250U 高清屏 微边框 升级版：8G 256G SSD 纯固态,3369.00,惠普惠购专卖店,5700+条评价
4,24211822541,华为荣耀笔记本电脑MagicBook 14/15英寸超薄本轻薄本学生商务办公手提笔记本电脑 Pro I7- 8G 512G 银Linux版,4999.00,金博盛笔记本专营店,3.5万+条评价
5,100014766366,华为笔记本MateBook 13轻薄本商务手提笔记本电脑13英寸2020款 深空灰 i5 10210U 16G 512G触摸屏,6399.00,华为兰焜专卖店,1400+条评价
6,10020808873403,联想（ThinkPad）T14S-08CD 14英寸商用轻薄笔记本电脑 R7-4750u/16G/512GSSD/集显/FHD/Win10/包含鼠标和包,6999.00,,40+条评价
7,55047173888,戴尔（DELL）智锐3410（Latitude）14英寸商务办公超轻薄笔记本电脑 i5-10210U MX230 2G独显 定制 8G内存 256G固态 1T机械,5399.00,戴尔商用京东自营官方旗舰店,300+条评价
8,46445681602,惠普（HP） 星14/15青春版十代酷睿15.6英寸窄边框轻薄商务本学生游戏设计笔记本电脑 i5-1035G1 MX330 2G独显 静谧银 16GB内存 1T高速固态 设计师定制,5698.00,惠普易企营专卖店,4100+条评价
9,14184533666,华橙 intel八核十六线程/GTX1050TI独显/16G内存游戏台式吃鸡电脑主机/DIY组装机 配置一/4G电竞独显/8G/256G,1099.00,华橙电脑旗舰店,800+条评价
10,48774949050,联想（Lenovo）扬天V330 14英寸笔记本电脑娱乐商务影音家用学生手提电脑 高清屏 定制A4-9125 8G内存 256G固态,2688.00,联想扬天丽邦专卖店,4800+条评价
11,65533092499,小米红米笔记本电脑RedmiBook 14 14英寸轻薄本超薄手提超极本商务办公大学生 银丨i7-10510U/8G/512GB+独显,4399.00,千百回电脑专营店,4200+条评价
12,14536169991,华为笔记本 MateBook 14 全面屏超极本 2020新款14英寸2K轻薄本商务办公笔记本电脑 十代i7/16G/512G/独显/触屏/灰 官方标配含赠品礼包,7799.00,华为比特专卖店,1900+条评价
13,69214593086,联想(Lenovo)商用办公台式机电脑整机 支持win7系统 精装定制 DVD光驱 英特尔J3355 4G内存 500G win7 主机(无显示器),1999.00,联想扬天授权旗舰店,900+条评价
14,10341483906,神舟战神K670T/K670E/ZX6吃鸡游戏本MX350/GTX1650独显15.6英寸笔记本电脑 K670E-G6A6:i5 8G 512G,4399.00,神舟屹创专卖店,1500+条评价
15,66770331087,联想(Lenovo) 来酷 Lecoo一体台式机电脑23英寸 四核微边框全高清屏一体台式机电脑 23.8英寸 J4105 8G 256G 定制黑色,2699.00,联想昂德台式机授权专卖店,5100+条评价
16,50531532643,苹果（Apple）2020年新款 iPadPro 11英寸/12.9英寸轻薄办公学习 多合一平板电脑 11 银色 + 官 方 标 配 128G WLAN版,5949.00,APPLE翔合专卖店,1.8万+条评价
17,13622798024,战神盟主 i5四核/GTX1060独显 台式电脑主机 家用游戏吃鸡电竞组装整机 主机+24英寸曲面显示器 16G/240G/GTX1060独显3G,3268.00,战神盟主电脑旗舰店,200+条评价
18,100007679565,惠普hp小欧系列 23.8英寸窄边框家用办公游戏商用一体主机台式电脑【内置无线蓝牙】 【主流推荐】英特尔双核/8G/512G加速纯固态,3689.00,卓品数码旗舰店,900+条评价
19,71681824758,戴尔(DELL)G7 17.3英寸精工大屏电竞游戏本英特尔酷睿i7笔记本电脑(十代i7 16G 1T RTX2070 8G)300Hz 外星人,15999.00,戴尔京东自营官方旗舰店,4.6万+条评价
20,30646311740,小米笔记本RedmiBook 16 全面屏10代增强版MX350高性能独显超轻薄学生办公电脑 i5-1035G1 16G内存 512G固态,4699.00,小米阳光专卖店,2200+条评价
21,43399986270,联想拯救者Y7000 15.6英寸2020十代酷睿i5/i7高色域游戏本p 学生设计师吃鸡笔记本电脑 升级【i5-10200H 16G 1T+512G】 GTX1650 4G电竞显卡,7499.00,联想航电授权专卖店,4.6万+条评价
22,27800476499,纵横卓创 十代i7 10700K/GTX1660S设计师3D渲染建模视频剪辑影视后期组装台式电脑主机 配置三：主机+戴尔P2421D专业设计2K显示器,8599.00,纵横卓创组装电脑旗舰店,1000+条评价
23,32514264326,威龙远航 intel八核/32G内存/GTX1060-5G 游戏吃鸡电脑主机台式机DIY组装机,2699.00,威龙远航DIY电脑旗舰店,9700+条评价
24,100004917490,联想（Lenovo） ThinkCentre M910T 高端商用办台式电脑 主机+23英寸窄边框显示器 标配 i7-7700 8G 1T D刻 2G独显,6999.00,联想ThinkCentre旗舰店,10+条评价
25,11467035189,神舟(HASEE)战神Z7M-CT5NA 英特尔酷睿i5-9300H GTX1650 4G 15.6英寸游戏笔记本电脑(8G 512G SSD IPS),4499.00,神舟电脑京东自营旗舰店,9万+条评价
26,10021641742363,联想ThinkPad E490 14英寸手提轻薄游戏商务办公笔记本电脑 i5-8265u 8G 128G+1T机械@32CD升级,4299.00,ThinkPad北京授权专卖店,4000+条评价
27,10023055150122,惠普（HP）星14青春版超薄微窄边框轻薄笔记本商务学生AMD锐龙R7八核电脑 星空银：R5 3500U 高清屏【15.6英寸】 【大内存】16G+512G PCI-E固态,4399.00,惠普蓝星专卖店,9300+条评价
28,65459208145,外星人（ALIENWARE）全新Aurora R11 十代酷睿独显显卡吃鸡游戏台式电脑主机 现货 7998白i9/2T+2T/3090 24G 官方标配,54999.00,外星人官方旗舰店,200+条评价
29,10022106902262,联想ThinkBook 十代酷睿i5/i7轻薄商务办公手提学生游戏笔记本电脑ThinkBook 15-3QCD i7-1065G7 2G独显 16G内存 512G固态 指纹解锁 升配,5599.00,ThinkPad广东授权专卖店,1600+条评价
30,100007121103,2020新款 酷睿i7轻薄本 锐龙R5R7游戏本可选15.6英寸笔记本电脑 商务办公超薄本 昂福镭仕 LOL:Ryezn R5 8G内存+512G固态,3888.00,昂福镭仕电脑专营店,2000+条评价
31,65358061499,雷霆世纪 觉醒X22 酷睿十代品牌游戏台式机/电脑主机（i5 10400 GTX1660Super 16G 256G+1T WIN10 三年上门）,5499.00,雷霆世纪（Raytine）京东自营旗舰店,300+条评价
32,66369315076,华为笔记本MateBook 13 2020新款13英寸超薄本全面屏轻薄商务办公学生笔记本电脑超极本 六核R5-4600H/16G/512G/灰色,4899.00,华为比特专卖店,5500+条评价
33,63729553047,华硕VivoBook15S笔记本电脑酷睿十代i5 全面屏轻薄本学生办公游戏手提电脑 15.6寸冰晶银十代i51035G1 配置六 12G/512G+1T机械,5099.00,华硕奇达专卖店,1100+条评价
34,21235096381,华硕（ASUS）一体机猎鹰V4 21.5英寸家用办公整机窄边框公司商务会议台式机电脑  商务办公｜4417U/8G/128G固态,3499.00,华硕恩荣专卖店,2400+条评价
35,19203314305,惠普（HP）星14青春版 十代酷睿14英寸窄边框商务办公学生轻薄游戏笔记本电脑 畅玩推荐【星空银-锐龙版R7】 配置三：16G内存/512G固态,4699.00,惠普中成德胜专卖店,1.1万+条评价
36,63608138641,Apple苹果 新款MacBook Pro13.3英寸超薄笔记本电脑支持Air drop 20款 标配 512G 银色,10288.00,APPLE翔合专卖店,7600+条评价
37,10877262940,华硕（ASUS）一体机猎鹰V4 21.5英寸家用办公整机窄边框公司商务会议台式机电脑 学习推荐｜3867U/8G/256G固态,3399.00,华硕恩荣专卖店,2400+条评价
38,10021395860642,联想（Lenovo）V340 2020十代酷睿i5 14英寸超轻薄高性能办公游戏学生手提笔记本电脑 i5-1035G1 16G内存 1T+512G固态 2G独显 背光键盘 IPS屏 星空灰 精装升级,5299.00,联想佳运汇通专卖店,5700+条评价
39,10023670582004,i9 9900K/i9 10900K/华硕Z490/RTX3080 10G/电竞直播吃鸡游戏电脑主机 i9 9900KF/海盗船16G/RTX3080,14999.00,速佳宜组装电脑旗舰店,1100+条评价
40,10021713150874,联想ThinkPad E15 15.6英寸全尺寸键盘IBM商务笔记本电脑十代英特尔i5轻薄便携游戏本 （i5-10210u 8G内存 512GB固态硬盘 Win10系统 带小数字键盘 定制0PCD）,4999.00,ThinkPad华南授权专卖店,7600+条评价
41,52768333970,机械革命钛钽OG十代i7 电竞级游戏台式电脑高端设计制图品牌主机3年上门保修 i7-10700/RTX2080 super-8G 发烧电竞：32G/1TB PCIe+2T机械,12999.00,机械革命电脑整机旗舰店,200+条评价
42,10020700504340,联想(Lenovo)威6 Pro 13.3英寸超薄本酷睿i7四核轻薄学生游戏商务办公手提笔记本电脑 标配I7-8565U 8G 512G固态 2G独显 IPS全高清屏 银灰色,5699.00,联想扬天京东自营授权旗舰店,300+条评价
43,47460526817,联想小新Pro14 2021新款11代i5高端金属超轻薄本2.2K高色域全面屏人脸识别手提笔记本电脑 银色 i5-1135G7 16G 1TB丨升级 MX450独显 2.2K高清全面屏,7499.00,联想众信授权专卖店,3800+条评价
44,49450442748,苹果（Apple）ipad2019/2020新款第8代10.2英寸air2更新版平板电脑 WiFi版 2020款 金色 128G 品质皮套+ 膜,3139.00,APPLE翔合专卖店,18万+条评价
45,69861061789,联想ThinkPad E系列 15.6英寸大屏轻薄笔记本电脑 游戏本 E595 0MCD(R5-3500U AMD锐龙) 【定制】8G内存 512G固态 W10,3269.00,ThinkPad华东授权专卖店,4300+条评价
46,100010959374,【多仓发货】海尔（haier）窄边框 笔记本电脑轻薄 学生网课 办公手提电脑 【15.6英寸】S15Pro 定制12G内存 128G+120G存储【定制双硬盘】,2399.00,海尔电脑旗舰店,1万+条评价
47,71192048230,联想(Lenovo)V340 2020款 14英寸轻薄笔记本电脑全新十代酷睿i5/i7 i5-10210U 8G内存 512G固态 标配 相思灰,4499.00,联想扬天授权旗舰店,2400+条评价
48,100013427778,戴尔（DELL)2020款G5 5500 15.6英寸学生固态办公设计电竞屏游戏笔记本电脑 i7-10750H 6G独显 16G/512G/GTX1660Ti 144H定制,8199.00,戴尔卓越专卖店,1400+条评价
49,50022616395,苹果Apple MacBook Air 2020新款13.3英寸苹果笔记本电脑超薄轻薄本 深空灰色 【20年款】10代i5/8G/256G,7999.00,Apple爱豆专卖店,1100+条评价
50,26115791734,联想V14 2020款高端性能十代酷睿i5窄边框超薄本轻薄学生超极本商务办公手提游戏笔记本电脑 定制 i5-1035G1 8G  1T +512G MX330 2G独显 全高清屏 星空灰,5489.00,联想扬天京东自营授权旗舰店,90+条评价
51,25838292103,联想ThinkPad S3 2020(07CD)英特尔酷睿i7 14英寸轻薄笔记本电脑(i7-10510U 8G 512G傲腾增强型SSD)钛度灰,7399.00,ThinkPad京东自营旗舰店,4200+条评价
52,100006151429,戴尔（DELL）灵越5493 5593 燃5000 十代酷睿独显轻薄超极本商务办公学生游戏笔记本电脑 15.6英寸 i7-1065G7 4G独显 8GB 256G PCIe固态+1TB机械 定制,5399.00,戴尔速达专卖店,1500+条评价
53,69861061785,雷蛇(Razer)灵刃15精英版 GeForce RTX 2070Super（Max-Q设计）2020款 15.6英寸轻薄游戏笔记本电脑（i7-10875H 16G 512G 300Hz PD充电）,18999.00,雷蛇电脑京东自营旗舰店,3100+条评价
54,59264600721,戴尔（DELL）成就3671 商用办公 台式机电脑 英特尔酷睿i5/i7 设计师游戏吃鸡主机 i5-9400/主机+23.6英寸显示器 16G 1T+128G 1060-6G独显 定制,5749.00,戴尔康特台式机专卖店,200+条评价
