﻿,goods_id,goods_name,goods_price,goods_store,goods_commit
0,68994600106,世纪之星 i5-9400F六核/4G独显/游戏吃鸡台式机电脑主机/电竞高配组装电脑游戏整机全套 电脑 单主机 配置五：酷睿i7+GTX1050ti+16G,2499.00,世纪之星电脑整机旗舰店,70+条评价
1,64096840411,欧雄 酷睿i5 9400F/10400F/RTX2060台式直播吃鸡电脑全套组装CF水冷DIY主机 配置二,3499.00,欧雄DIY电脑旗舰店,200+条评价
2,72493362597,学生网上课堂电脑 办公笔记本电脑 全尺寸键盘Intel-J4105-12G内存 SSD512G高速固态+高档蓝牙鼠标套餐,2139.00,得峰旗舰店,1.4万+条评价
3,31464287152,邪手水冷 迷你主机/游戏台式吃鸡电脑主机/DIY组装机 套餐三 R5 2600 RTX2060-6G,4499.00,邪手MOD水冷电脑旗舰店,900+条评价
4,71433751086,【新品】惠普（HP）星14 青春版 笔记本电脑 小欧14s 14英寸轻薄便携 商务办公女学生手提电脑 静谧银【速龙双核3050U】 升级版：8G运行内存/512G固态硬盘,3299.00,惠普宇熙世纪专卖店,100+条评价
5,62764268653,联想（Lenovo）威6Pro 13.3英寸酷睿i5/i7轻薄便携商务办公学生游戏独显手提笔记本电脑 i5-8265U 8G内存 256G固态 2G独显 100%sRGB高色域 太空灰 精装升级,3899.00,联想佳运汇通专卖店,90+条评价
6,46645001214,【王源代言】联想ThinkBook 15商务办公15.6英寸女生轻薄游戏本ThinkPad笔记本电脑 十代i7 16G内存 1TB全固态@3QCD定制 FHD高清屏 2G独显 背光键盘 指纹Win10,6599.00,ThinkPad福建授权专卖店,2200+条评价
7,100007098638,AOC一体机电脑9代六核i5/酷睿i3i7高配游戏家用办公台式一体式整机可选十代i5 10400 【23.8】六核i5 9400+8G+512G固态,4199.00,AOC电脑海克专卖店,1.1万+条评价
8,70861907947,攀升（IPASON）P94 AMD锐龙R7 3700X/华硕RTX2060/16G/512GM.2水冷吃鸡台式组装电脑/京东游戏主机UPC,6599.00,IPASON攀升电脑京东自营旗舰店,2.1万+条评价
9,58847113246,苹果（Apple）ipad2019/2020新款第8代10.2英寸air2更新版平板电脑 WiFi版 2020款 银色 128G 品质皮套+ 膜,3139.00,APPLE翔合专卖店,18万+条评价
10,10021221745963,京天 i5 10400F/10600KF/RTX2070S/3070游戏台式电脑主机DIY电脑组装机 配置一 10400F/RTX2070S/250G,5899.00,京天DIY电脑旗舰店,90+条评价
11,66754606797,武极i7 10700K/RTX 3070升3080/3090游戏台式电脑主机DIY组装机 配置三丨i7 10700K+RTX 3090,19799.00,武极电脑DIY旗舰店,800+条评价
12,61740366132,APPLE苹果2020年新款iPad Pro 11英寸12.9二合一平板电脑20款全面屏 11灰色+二代笔+壳膜 128G WLAN版,6898.00,科族数码专营店,1.7万+条评价
13,38494733139,联想M920T九代i7-9700八核RX550 4G独显高端定制商用办公设计制图台式电脑整机 i7-9700 16G 1T+512G固态4G独显 主机+23英寸高清显示器,8299.00,联想众信商用专卖店,100+条评价
14,33861710518,战翔 酷睿六核i5-9400F独显台式机电脑整机吃鸡电脑主机组装游戏LOL家用商务办公电脑 电脑主机+24英寸曲屏显示器 套餐七六核i5-9400F+GTX1060 6G,4498.00,战翔电脑旗舰店,1300+条评价
15,70103903985,惠普（HP） 旗舰店 翻转触控x360薄锐envy13/超极本轻薄超薄手提商务笔记本电脑 13.3英寸丨黑金版【柔美背光、翻转触控】 R5-4500U 8G 512G 六核心【上新】,6188.00,惠普授权旗舰店,800+条评价
16,52768333964,惠普（HP）星14 十一代酷睿14英寸学生女粉色笔记本电脑独显 窄边框办公手提轻薄便携本  i5-1035G1/MX330 时尚金 16G内存 512GB高速固态 标配版,4999.00,惠普诚启专卖店,600+条评价
17,47013318683,联想ThinkPad E系列 15.6英寸大屏轻薄笔记本电脑 游戏本 E15 0PCD(i5-10210u 高清独显) 【定制】16G  1TB机械+256G固态,5388.00,ThinkPad华东授权专卖店,4300+条评价
18,44714563326,联想（Lenovo）小新PRO13 锐龙R5/R7高性能轻薄笔记本电脑 2.5K高清屏学生办公游戏本 升配丨R7 4800U 16G内存 1024G固态 高色域IPS屏 深空灰,6199.00,联想航电授权专卖店,2万+条评价
19,68195329538,惠普（HP）星14青春版超薄微窄边框轻薄笔记本商务学生AMD锐龙R7八核电脑 星空银：R3 3250U 高清屏 8G/512G固态,3588.00,惠普蓝星专卖店,9300+条评价
20,61813569973,戴尔（DELL）灵越5300燃5000十代酷睿i5/i7女大学生游戏办公轻薄设计师粉色手提笔记本电脑 72%高色域屏 | 四边窄边框 | 13.3英寸 i7-1165G7/8G/1T/MX350 银色,6988.00,戴尔佳富惠呈专卖店,500+条评价
21,49828745594,神舟战神ZX6TI-CU5DA 酷睿i5-10400 GTX1650TI 15.6英寸游戏笔记本电脑 ZX6TI-升级版十代i5/16G/512G 桌面高频处理器,5999.00,神舟常青专卖店,1300+条评价
22,10444729664,戴尔（DELL）Latitude 智锐3510 15.6英寸笔记本电脑 轻薄商务办公学生家用手提电脑 定制丨 5205U丨8G丨1T+128G固态,2899.00,戴尔商用顺兴专卖店,2100+条评价
23,30380068101,威龙远航 酷睿i5/16G大内存/泰坦6G独显 吃鸡游戏电竞台式组装电脑主机DIY组装机 酷睿i5+8G+HD7570 4G,1899.00,威龙远航DIY电脑旗舰店,4.1万+条评价
24,70804485381,Apple苹果 新款MacBook Pro13.3英寸超薄笔记本电脑支持Air drop 20款 高配 1 T B 银色,14188.00,APPLE翔合专卖店,7600+条评价
25,12575779503,【十代主机】DELL戴尔Optiplex 7080MFF酷睿I5 I7微型迷你台式电脑小主机商用办公 十代酷睿i9-10900(10核20线程 标压版) 64G内存/1TB固态+1T/定制版,10499.00,戴尔商用千臣专卖店,100+条评价
26,65358061497,AIERXUAN 焰魔G2 游戏本i7独显144Hz电竞屏 GTX1060/6G显卡 吃鸡笔记本电脑 焰魔G2/第七代 i7-7700HQ 16G内存 256G固态硬盘,5699.00,爱尔轩笔记本电脑旗舰店,4000+条评价
27,46103626394,联想拯救者Y7000 2020 酷睿十代i5/i7制图吃鸡高色域游戏本办公学生设计师p笔记本电脑幻影 标配:i5-10200H 8GB  1T+256G GTX1650-4G显卡 100%sRGB高色,7349.00,联想华北授权专卖店,5600+条评价
28,69679113074,华硕VivoBook15S笔记本电脑酷睿十代i5 全面屏轻薄本学生办公游戏手提电脑 15.6寸冰晶银十代i51035G1 配置二 8G/512G+1T机械,4799.00,华硕奇达专卖店,1100+条评价
29,100010297788,联想（Lenovo）拯救者Y9000K 2020十代英特尔酷睿 高性能电竞15.6英寸游戏笔记本电脑 i7-10875H/RTX2070super MQ,15999.00,联想京东自营官方旗舰店,900+条评价
30,10023882592994,戴尔(DELL) vos成就3881 i7-10700 商用办公高性能台式电脑游戏设计主机 十代酷睿 单主机/GTX1050ti-4G独显 32G 256G固态+2T 定制,7099.00,戴尔鼎新台式机专卖店,800+条评价
31,29751334081,宁美-卓-CA4-JUI42BS i5 9400F/P620/16G内存/256G+1T/专业3D图形设计渲染台式电脑主机/个性定制,3999.00,宁美国度京东自营旗舰店,2600+条评价
32,10020301629743,新品小米Redmi G 16 十代独显超轻薄红米拯救者电竞吃鸡游戏本商务办公学生网课笔记本电脑手提 升级版i5-10200H GTX1650TI  标配版 16G内存 512G固态,5599.00,小米瑞通专卖店,60+条评价
33,100016012948,战翔酷睿九代i5-9400F六核独显GTX1060-6G吃鸡电脑主机台式机家用商务办公游戏整机 电脑主机+24英寸曲屏显示器 套餐五六核i5-9400F/16G/1060吃鸡,4188.00,战翔电脑旗舰店,2600+条评价
34,45166519350,戴尔（DELL） 3000系列商务办公轻薄学生游戏笔记本电脑 15.6英寸2G独显创能黑【PCIe高速固态】 i5-10210U/8G/PCIe512G固态定制,3999.00,戴尔奥莱专卖店,400+条评价
35,65399853600,【教育优惠】Apple 2019款 MacBook Pro 16 九代i7 16G 512G 银色 RP 5300M显卡 轻薄本 MVVL2CH/A,17399.00,Apple产品京东自营旗舰店,200+条评价
36,10021469809878,华硕a豆 adolbook14笔记本电脑i5 14英寸轻薄上网本手提电脑超薄女生 银蓝灰  i5-10210U/8G/512G/FHD/背光,4499.00,华硕恩荣专卖店,2900+条评价
37,30691510652,【白条6期免息】机械师T58-V 全面屏游戏本十代i7/GTX1650Ti 4G独显轻薄笔记本电脑 加强版16G/512G PCIE高速固态,6989.00,MACHENIKE机械师旗舰店,2.3万+条评价
38,100000972712,联想（Lenovo）V14 2020新款 14英寸十代酷睿超轻薄笔记本电脑设计商务办公学生游戏本 i3-1005G1 8G内存 256G高速固态 MX330 2G独显 全高清屏 精装升级,3299.00,联想扬天华东授权专卖店,600+条评价
39,65395029094,戴尔（DELL）灵越5000窄边框5300戴尔十代酷睿超轻薄女学生粉色办公手提笔记本电脑13.3英寸 【初恋粉】全金属+72%高色域 i5-10210U/8G/512G/MX330,5799.00,戴尔佳富惠呈专卖店,1500+条评价
40,39895622804,智美科 32英寸壁挂触控教学会议一体机多媒体培训电子白板电脑触摸显示屏win7专业版系统（超窄边 1.2CM  ）,2899.00,智美科京东自营旗舰店,800+条评价
41,37424367735,惠普（HP）星14青春版 小欧14S笔记本电脑星14英寸轻薄便携窄边框学生家用商务办公手提电脑 静谧银【R3-3250U】 升级五：8G/128G固态+1T,3699.00,惠普老熟人专卖店,4500+条评价
42,10021824812788,戴尔（DELL）笔记本电脑 灵越5493/5593/5490 学生网课商务办公超轻薄十代独显手提电脑 灵越14英寸|i5-1035G1|独显MX230 16G内存 512G高速固态硬盘 高配版,4269.00,戴尔京灵笔记本专卖店,200+条评价
43,10023220815501,戴尔台式机（DELL） OptiPlex7070MT 酷睿八核九代i7 家用商用塔式机箱办公台式电脑 配27寸P2719H微边框旋转升降屏 定制I7-9700/64G/2T+512固态/2G,9659.00,戴尔商用祥云专卖店,900+条评价
44,66642984233,戴尔（Dell）灵越5593燃5000 15.6英寸商务办公轻薄笔记本电脑酷睿四核i5-1035G1 MX230 2G独显 8G内存 256G固态 定制,4269.00,戴尔天赐专卖店,1.1万+条评价
45,10020700504336,攀升战神二代 十代i7 10700K/RTX3080-10G设计师水冷游戏台式电脑主机整机 i7 10700K | RTX3080,14999.00,攀升官方旗舰店,60+条评价
46,25550398161,华为荣耀笔记本电脑MagicBook Pro 16.1英寸商务办公轻薄便携本超薄学生网课本超极本游戏 R5 16+512银色 集显,4349.00,尊达数码专营店,20+条评价
47,58842841929,华为荣耀笔记本电脑MagicBook14/15 超薄本轻薄本男女学生商务办公猎人游戏本手提电脑pro 14英寸 R5-3500U 16G 512G,4488.00,集洋数码专营店,3300+条评价
48,66930795482,【多仓发货】海尔（haier）窄边框 笔记本电脑轻薄 学生网课 办公手提电脑 【14英寸】S14Pro 定制12G内存 128G+240G存储【定制双硬盘】,2399.00,海尔电脑旗舰店,1万+条评价
49,41219665905,联想（Lenovo）拯救者 刃7000 2020新品性能版 游戏台式机 吃鸡设计 制图电脑主机 八核 i7-10700 32G 1TB固态 定制 RTX2070-8G独显 WIN10系统,9999.00,联想响得美授权专卖店,200+条评价
50,17055012544,【十代酷睿i7】联想ThinkPad E14 2020新品 14英寸 轻薄商务办公手提笔记本电脑 标配：十代i5 8G 1T 128G@3CCD  十代处理器 Win10 全面高清屏,4899.00,ThinkPad广东授权专卖店,1200+条评价
51,65932412883,【支持win7系统】联想M920T高端商用办公绘图设计3D渲染建模电脑主机带PCI插槽 单主机（含键鼠）无显示器 升级：i7-9700丨16G丨2T+256G丨6G,9399.00,联想朗通金牌专营店,100+条评价
52,100007390077,14英寸10代U窄边框金属轻薄商务办公学生手提笔记本电脑 i5-10210U 16G 512G 2G独显定制 2G独显 极速快充  全国一年上门服务 定制升级,4579.00,戴尔宇熙世纪专卖店,1400+条评价
53,69499918994,联想旗舰店V340/威6 十代酷睿i7 15.6英寸轻薄办公设计笔记本电脑游戏学生便携手提本精装升级 十代酷睿i7 16G内存 1T+512G固态丨爆款,6499.00,联想扬天授权旗舰店,100+条评价
54,71775117792,变异者 组装电脑台式DIY主机i5 9400F/双硬盘/独显 办公设计游戏 战胜G4 黑色,3989.00,变异者组装电脑京东自营旗舰店,50+条评价
55,66166293304,浪 LOONGTR（GT i56）i5 10400/GTX1660S/16G可选RTX2060 吃鸡游戏直播电竞DIY台式组装机办公电脑整机,5099.00,LOONGTR京东自营旗舰店,40+条评价
56,71212269168,15.6英寸 酷睿i5 轻薄笔记本电脑 超薄本 超极本 上网本 游戏本 商务手提办公学生电脑笔记本 银灰色 套餐八{ i 5+16G+1T固态},3488.00,格莱富电脑旗舰店,800+条评价
