﻿,goods_id,goods_name,goods_price,goods_store,goods_commit
0,100013255308,联想ThinkPad X1 Carbon 2020(36CD)英特尔酷睿i5 14英寸轻薄笔记本电脑(i5-10210U 8G 512GSSD FHD)沉浸黑,9999.00,ThinkPad京东自营旗舰店,1.5万+条评价
1,52448407216,武极星耀 九代英特尔酷睿i5 9400F/华硕GTX1650 游戏台式机电脑主机组装电脑整机 i5 9400F+GTX1650,3399.00,武极电脑京东自营官方旗舰店,1500+条评价
2,26215606052,"京品电脑	
联想小新Air14/15 2020锐龙版(全新7nm)八核超轻薄笔记本电脑 学生本商务设计游戏轻薄本 六核芯【R5 4600U 16G内存 512固态】",4899.00,联想航电授权专卖店,1.9万+条评价
3,10022270009183,惠普（HP）惠普星15青春版 2020款超薄本笔记本电脑15.6英寸轻薄女生学生商务办公游戏超级本 石墨黑 i3-1005G1 升级版：8GB 256G SSD 纯固态,3199.00,惠普宇熙世纪专卖店,700+条评价
4,1530032314,梵泰（FOTEN）一体机电脑i5四核商用办公娱乐游戏台式电脑整机 21.5英寸/酷睿i5/4G/120G固态硬盘,1268.00,梵泰电脑官方旗舰店,6100+条评价
5,32421759215,惠普（hp）旗舰店 星14进阶版 11代新品 星13系列轻薄超薄商用手提学生女游戏笔记本电脑超极本 静谧银：【背光键盘版-11代进阶丨稀缺货源】 吃鸡版...,6199.00,惠普授权旗舰店,3.9万+条评价
6,71877048941,逆世界 四核八核/6G独显吃鸡游戏组装电脑主机DIY独显LOL台式机办公整机/DIY组装机 套餐一：i5级高效办公商务家用主机,679.00,逆世界电脑DIY旗舰店,1800+条评价
7,100004770245,乐事(Le')一体机电脑游戏独显台式机英特尔高音质5GWiFi蓝牙家用办公商务一体式电脑 E3 24英寸J4105 8G 128G,1999.00,乐事数码旗舰店,2800+条评价
8,54727395733,"京品电脑	
宏碁(Acer)墨舞EX215 15.6英寸 轻薄 英特尔酷睿i5 大屏笔记本(i5-10210U 8G 512GSSD 独显 全高清 防蓝光)",3659.00,宏碁商用京东自营旗舰店,9900+条评价
9,100012953756,"京品电脑	
华硕（ASUS）VivoBook15s 十代英特尔酷睿 15.6英寸轻薄笔记本电脑 预装Office 银色 i7-1065G7 8G 512G固态 MX330",5399.00,华硕电脑官方旗舰店,4.9万+条评价
10,51964624759,联想(Lenovo)刃7000P 3代锐龙7nm 设计师游戏电脑主机（RYZEN 7_3700x 16G 2TB+512G SSD RTX2070),7999.00,联想京东自营旗舰店,1.7万+条评价
11,10020428752797,水冷高配intel/GTX1660super吃鸡家用游戏型diy家用台式电脑组装电脑主机全套整机 套餐四 中效吃鸡款,2399.00,振平组装电脑旗舰店,3.6万+条评价
12,11285736723,联想(Lenovo) 扬天 威6 14英寸2020款酷睿十代I5窄边框轻薄商务办公学习游戏笔记本电脑 标配i5-1035G1 16G内存 512G固态  2G独显 预装office 上门服务,4499.00,联想朗通金牌专营店,2800+条评价
13,10021647730346,鑫彩影19英寸一体机电脑家用曲屏商用办公设计台式电脑i3i5i7四核整机 A1:19英寸/酷睿i3/4G/120G固态,799.00,鑫彩影一体机电脑旗舰店,500+条评价
14,71034395429,【高性能酷睿I7】 品纯 全面屏轻薄笔记本电脑商务办公手提电脑游戏本超极本超薄本 标压酷睿I7 8G内存 512G固态硬盘,3899.00,品纯官方旗舰店,500+条评价
15,100010137714,宏硕 酷睿i3/独立显卡/8G内存/台式机电脑主机家用炒股票企业公司办公游戏娱乐组装电脑整机全套 单主机 酷睿i3/独立显卡/8G内存/240G固态,1099.00,宏硕电脑旗舰店,100+条评价
16,31906927217,华为平板MatePad Pro 10.8英寸麒麟990影音娱乐办公游戏学习全面屏平板电脑8GB+256GB WIFI（贝母白）,3999.00,华为京东自营官方旗舰店,"去看二手
							28万+条评价"
17,52781076799,"拍拍	
【准新品】酷睿i7i9级秒GTX1070独显吃鸡游戏办公台式i3I5双核四核diy组装电脑主机台式机 i7四核8G内存440G固态LOL独显NDF套餐四 送键盘鼠标",1288.00,联想二手电脑专卖店,1800+条评价
18,66066789202,联想（Lenovo）AIO520C 23.8英寸 一体机台式电脑 商务办公家用电脑 i3-8145U 8G 256G SSD 白色,3699.00,联想京东自营官方旗舰店,6200+条评价
19,100015519182,斐越 intel八核十六线程/GTX1060吃鸡独显32G内存游戏电竞台式组装电脑主机DIY整机全套 单主机 配置一,1098.00,鑫豪源数码专营店,2500+条评价
20,100008858799,宏碁(Acer)新蜂鸟Fun 14英寸轻薄本 学生商务办公笔记本电脑(11代英特尔酷睿i7-1165G7 16G 512GSSD wifi6)银,4499.00,宏碁京东自营旗舰店,1万+条评价
21,10021144690523,戴尔dell灵越5401微边框台式机一体机电脑家用办公独立显卡23.8英寸（十一代i5 8G 256G+1T MX330 2G）银,5699.00,戴尔京东自营官方旗舰店,3.9万+条评价
22,100015672756,联想（Lenovo） 擎天T510A 十代英特尔酷睿 个人商务台式机电脑 14升单主机 i5-10400F 8GB 1T机械 独显+键鼠,3499.00,联想京东自营官方旗舰店,600+条评价
23,30424764524,联想(Lenovo)扬天M6603d 台式机英特尔酷睿i5六核商务家用网课办公电脑整机 23英寸IPS全高清窄边框屏 定制 i5-9400/8G/1T+128G固态,5299.00,联想扬天京东自营授权旗舰店,600+条评价
24,64531560600,惠普(HP)暗影精灵6 15.6英寸游戏笔记本电脑( i5-10200H 16G 512GSSD GTX1650Ti 4G独显),6399.00,惠普（HP）OMEN暗影精灵京东自营旗舰店,7.8万+条评价
25,24865089818,戴尔（DELL）OptiPlex 7070MT I7商用办公台式机整机设计电脑游戏主机7060MT 23.8英寸全高清IPS屏/DP口/E2420H 定制：i7/16G/256G/1T/4G独显,7099.00,戴尔商用雷泰龙专卖店,2700+条评价
26,52593158781,联想（Lenovo）台式机 天逸510S 酷睿八代个人商务办公电脑主机家用台式机电脑整机 带串口 主机+双超23英寸显示器 定制丨i3-9100丨8G丨1+256G丨2G独显,3799.00,联想华辉台式机授权专卖店,100+条评价
27,10020348450994,联想ThinkBook 13s CECD 13.3英寸轻薄商务办公女士手提ThinkPad笔记本电脑 酷睿i7-8565U 8G内存512G固态硬盘,5999.00,ThinkPad重庆授权专卖店,200+条评价
28,47704951465,酷耶 十代i5i7/技嘉主板/16G DDR4 吃鸡电竞游戏台式机电脑主机组装整机全套 电脑主机 套餐二(i5-9400F/GTX1060独显3G),3099.00,酷耶电脑旗舰店,2700+条评价
29,100006461093,【指纹解锁】笔记本电脑游戏本酷睿i7轻便手提窄边框15.6英寸澳典大学生超薄本学习商务办公轻薄本 酷睿i7  16G内存  256G固态,3498.00,澳典笔记本旗舰店,3.3万+条评价
30,69486691945,联想笔记本电脑E41-25 轻薄笔记本简单入门级 文员财务办公家用手提 标配：E2-9000 4G 500G集成 黑色 定制升级款,1899.00,联想德信专卖店,500+条评价
31,29879955047,"拍拍	
【二手9成新】联想2手台式电脑品牌主机显示器i3双核i5四核i7商务办公游戏独显DIY组装机全套 套餐一【限升19寸显示器】",466.00,优爱二手商品专营店,7400+条评价
32,100011979236,"京品电脑	
宏碁 传奇 14英寸 7nm六核处理器 轻薄本 全功能Type-C 金属机身 笔记本电脑(R5-4500U 7纳米 16G 512GSSD )",3999.00,宏碁京东自营旗舰店,2.3万+条评价
33,11704425461,武极 i9 10900K/RTX3080/吃鸡游戏台式水冷电竞直播电脑主机DIY组装机,14988.00,武极电脑DIY旗舰店,100+条评价
34,28716176967,联想笔记本电脑 Ideapad15S 2020酷睿版15.6英寸学生轻薄本办公商务本超薄笔记本电脑 定制：I3-10110U 12G 512G固态  灰色,3499.00,联想亿维授权专卖店,1200+条评价
35,70467963299,Apple 2020新款 MacBook Air 13.3 Retina屏 十代i5 8G 512G SSD 深空灰 笔记本电脑 轻薄本 MVH22CH/A,9399.00,Apple产品京东自营旗舰店,3.8万+条评价
36,60479549986,佐瀚（zuohan）酷睿i5四核4G独显/台式电脑主机家用商务办公游戏组装电脑整机 套餐一 双核处理120G+19英寸显示器（家用） 包含鼠键套装,1199.00,淘森电脑专营店,5100+条评价
37,10021793198696,联想(Lenovo)旗舰店小新Air 14英寸 全新11代轻薄独显便携笔记本电脑 标配i5-1035G1/16G/512G 固态   MX350 2G 轻奢灰,5599.00,联想授权旗舰店,2.1万+条评价
38,100014488264,"拍拍	
【二手9成新】联想二手台式机台式电脑主机+显示器全套商务办公电脑家用双核四核i3i5i7游戏组装机 套餐2:四核Q9400+4G120G+19寸显示器",689.00,远大宏达二手电脑专营店,700+条评价
39,58573082983,水冷高配intel/GTX1660super吃鸡家用游戏型diy家用台式电脑组装电脑主机全套整机 套餐七 发烧游戏型,3599.00,振平组装电脑旗舰店,3.6万+条评价
40,10023369657047,戴尔(DELL)新品游匣G5 15.6英寸酷睿十代标压固态电竞游戏笔记本电脑 2546十代i5 16G 512G 1650 4G +99元加购戴尔原厂包鼠套装,5998.00,戴尔官方旗舰店,4800+条评价
41,51464058096,清华同方（THTF）精锐M820商用办公台式电脑主机(I5-10400 8G 512GSSD 内置WiFi 三年上门）,2999.00,清华同方电脑京东自营官方旗舰店,1.8万+条评价
42,68751879463,华为荣耀笔记本电脑MagicBook pro/14/15全面屏超薄本轻薄本便携学生商务办公本超极本 【20款14】R5-4500U+16+512,4988.00,荣耀策山专卖店,1.4万+条评价
43,100006910898,华硕a豆 adolbook14s增强版 11代酷睿 14英寸金属轻薄笔记本电脑 腾讯怪奇鹅版套装 i5-1135G7 16G 512G MX350,5689.00,华硕电脑官方旗舰店,500+条评价
44,52103618231,戴尔（DELL） OptiPlex7070MT商用办公绘图设计3D渲染建模主机酷睿游戏台式机电脑 【推荐】九代I7 16G 1T+256G固态 GTX1660 6G独显【专业渲染】,6999.00,戴尔商用瑞华专卖店,6500+条评价
45,100006881261,世纪之星 酷睿i5/i7/i9级八核/GTX1060 6G独显/16G游戏吃鸡办公台式组装电脑整机 主机+24英寸显示器 配置二：酷睿i5/RX550 4G/8G,2199.00,世纪之星电脑整机旗舰店,100+条评价
46,100013333220,戴尔(DELL)灵越AIO 7790 微边框 高色域 一体机台式电脑 27英寸(十代i5-10210U 8G 512GSSD 2G独显)银,6599.00,戴尔京东自营官方旗舰店,"去看二手
							3.9万+条评价"
47,100005077771,联想(Lenovo)小新13 2020超轻薄笔记本电脑 高色域全面屏 高性能学生办公设计游戏本 十代i7 8G 512G MX350独显 月光银,5488.00,联想华东授权专卖店,9.8万+条评价
48,63608138639,机械革命（MECHREVO）S2 14英寸（英特尔酷睿i7-10510U 8G 512G MX350）银 轻薄笔记本电脑,4999.00,机械革命京东自营官方旗舰店,5万+条评价
49,100012816158,"京品电脑	
戴尔DELL灵越7000英特尔酷睿轻薄本设计师 笔记本电脑 15.6英寸(十代标压i7 16G 1TSSD GTX1650Ti全面屏)",10499.00,戴尔京东自营官方旗舰店,1.5万+条评价
50,71260763643,戴尔DELL成就5000 13.3英寸远程办公英特尔酷睿i5窄边框轻薄笔记本电脑(十代i5-10210U 8G 512G 高色域)银,4899.00,戴尔京东自营官方旗舰店,3.1万+条评价
51,69331625439,i9 9900K/i9 10900K/华硕Z490/RTX3080 10G/电竞直播吃鸡游戏电脑主机 i9 9900KF/16G/RTX2070 8G,8699.00,速佳宜组装电脑旗舰店,1100+条评价
52,100008507787,"京品电脑	
雷神（ThundeRobot）911黑武士三代 水冷游戏台式电脑主机（十代i7-10700 16G GTX1660Ti 256G SSD+1T）",7499.00,雷神京东自营官方旗舰店,2.1万+条评价
53,100013315042,联想小新Air15 2021款 15.6英寸英特尔i5/i7超轻薄笔记本电脑IPS全面屏设计师办公本 i5-1135G7 16G 512G固态 MX450独显 100%sRGB高色域 银,6599.00,联想电脑授权专卖店,4.9万+条评价
54,100007815187,乐事(Le')英特尔酷睿九十代满血独显游戏设计一体机吃鸡台式机英雄联盟CS设计高端渲染 一体机电脑 Le1 桌面级i3 10100 8Gd4 256G,3269.00,乐事数码旗舰店,1700+条评价
55,56015296628,攀升战魂 i5 10400F/GTX1650/B460吃鸡独显游戏台式电脑主机/DIY组装机,3799.00,攀升DIY电脑旗舰店,2000+条评价
