﻿,goods_id,goods_name,goods_price,goods_store,goods_commit
0,10021793198703,戴尔(DELL)新品游匣G5 15.6英寸酷睿十代标压固态电竞游戏笔记本电脑 2866八核i7 16G 512G 2060 6G +99元加购戴尔原厂包鼠套装,8598.00,戴尔官方旗舰店,4800+条评价
1,71468392650,彐星（XUEXING）15.6英寸超薄笔记本电脑 商务便捷超级本 学生网上课堂远程办公电脑 银白窄边intel-J3455/8G/128G固态,1299.00,华牛电脑专营店,200+条评价
2,56746180717,【支持win7专业版/旗舰版】联想昭阳E53-80 15.6英寸商务办公轻薄便携笔记本电脑 升级i7-8550U 16G 1T+256G 2G 兼容win7系统,10737.06,联想朗通金牌专营店,40+条评价
3,29234203801,联想小新15性能版2020新款15.6英寸大屏十代酷睿四核设计师3D作图学生游戏超轻薄手提笔记本电脑 深空灰｜i5-1035G1/8G/512G固态 MX350 2G独显 正版office,5199.00,联想众信授权专卖店,1600+条评价
4,62322323813,超轻薄高性能独显办公游戏学生手提笔记本电脑 i7-8565U 8G内存 512G固态丨标配 2G独显 100%sRGB高色域 背光键盘 太空灰,4799.00,联想佳运汇通专卖店,1800+条评价
5,10022767342334,联想（Lenovo）V330 14英寸超轻薄独显商务办公学生手提笔记本电脑 A4-9125 8G内存 1T+512G固态丨高配 2G独显 全高清屏 星空灰 精装升级,3599.00,联想佳运汇通专卖店,4000+条评价
6,60421312422,机械革命（MECHREVO）S2/S2AirIR14英寸全金属窄边框轻薄商务办公学生游戏笔记本电脑 【十代银或灰】i7-10510U|MX350 【豪华版】16G/512G固态+1T,5699.00,机械革命旗舰店,500+条评价
7,37614564666,海洛云（HLY）X30A 迷你主机j1900嵌入式微型电脑小主机双网口台式组装电脑工控机mini主机 单网口-N2830 8G内存/128G固态硬盘/WiFi,936.00,海洛云旗舰店,800+条评价
8,71965418244,华为荣耀笔记本电脑MagicBook Pro  16.1英寸高色域超轻薄学生网课商务办公超极本 银｜R5-3550H/16G/512G固态+台灯,4749.00,新通路数码专营店,1000+条评价
9,69607622669,联想（Lenovo）V110 14英寸独显轻薄商务办公手提笔记本电脑 A6-9220 8G内存 128G固态 2G独显 玛瑙黑 精装升级,2549.00,联想佳运汇通专卖店,1000+条评价
10,40910134890,华硕a豆adolbook14 2020增强版14英寸十代酷睿i7轻薄笔记本电脑女生 千禧粉 i7-10510U 16G 512G MX350,5899.00,华硕恩荣专卖店,200+条评价
11,47022735767,苹果（Apple）2020款 MacBook Air 13.3英寸超轻薄学生办公手提笔记本电脑 国行 【2020款】MacBook Air 【香槟金】 【豪华版】十代i5/8G/512G/视网膜屏,9588.00,苹果百桔专卖店,700+条评价
12,10021688121682,惠普（HP)星15 笔记本电脑 15.6英寸星系列窄边框时尚学生娱乐游戏轻薄本 i5-1035G1 MX330独显 14英寸 定制16G 512G PCIE固态 高清屏,5499.00,惠普华辉专卖店,1700+条评价
13,10021076045057,惠普（HP）星14 青春版 超薄14英寸窄边框 轻薄手提笔记本电脑商务游戏学生【新品】 星空银：R5-3500U【高清屏】 配置一  8G/PCI-E 256G固态,3899.00,惠普赞晓专卖店,900+条评价
14,10021781438572,联想（Lenovo）V14 2020新款 14英寸十代酷睿超轻薄笔记本电脑设计商务办公学生游戏本 i5-1035G1 8G内存 256G高速固态 MX330 2G独显 全高清屏 精装升级,3999.00,联想扬天华东授权专卖店,600+条评价
15,68493881416,联想拯救者R7000P 2020款锐龙R7标压游戏本144Hz全面屏学生吃鸡游戏手提笔记本电脑 官配 R7-4800H 16G内存 512G固态,8899.00,联想爱特家专卖店,100+条评价
16,10021936949806,联想(Lenovo)拯救者Y7000P 2020版i7-10875H高色域游戏本吃鸡设计师笔记本电脑 标配i7-10875H  16G内存 512G固态 RTX-2060 6G独显 电竞屏 曜石黑,10099.00,国美官方旗舰店,500+条评价
17,46925977704,【现货】华为笔记本MateBook D14/15英寸IPS全面屏笔记本电脑轻薄本超薄本超级本电脑锐龙 15银｜十代i5 16G内存 512G固态 独显,5699.00,华为桑核专卖店,3200+条评价
18,14672492604,联想小新Air15 2021锐龙版 笔记本电脑高性能全面屏轻薄大学生办公设计游戏超极本 8核R7-4800U 16G 1TB固态  升级 70Wh大电池 100%高色域 背光键盘 指纹解锁,5799.00,联想有点授权专卖店,8100+条评价
19,69788367450,宏基蜂鸟 FUN Swift3 微边框 全金属轻薄本 14英寸商务办公学生笔记本电脑 定制 轻薄款/酷睿十代i5/MX250-2G独显|银灰 【大固态】8G/512G SSD固态,3979.00,宏碁天赐专卖店,1.1万+条评价
20,70490120740,戴尔（DELL）燃7000 灵越5493/5490/5590 轻薄超极本商务办公学生手提笔记本电脑 14英寸|十代i5-1035G1|独显MX230 8G内存 512GPCIE固态硬盘 疾速推荐版,3999.00,戴尔华宏创天专卖店,2万+条评价
21,10021990377088,华为笔记本电脑MateBook D 14 15 全面屏超轻薄商务办公手提学生本 D14银｜i7-10510U 16G+512G固态,6699.00,华为新通路专卖店,1万+条评价
22,27827958115,微星(msi)冲锋坦克2proGP75游戏笔记本电脑17.3英寸144Hz高色域电竞屏 赛睿多彩键盘 十代i7/GTX1660Ti/16G/512G固态,8189.00,微星电脑京东自营旗舰店,100+条评价
23,68529999400,【支持win7系统】联想擎天T510A-15家用学习商用办公分体台式机电脑 主机+23英寸显示器 升级i5-9400 8G  1T+256G 集成,4959.59,ThinkCentre华北授权专卖店,6条评价
24,10021631918599,鑫彩影 一体机电脑23.6英寸曲面一体机电脑 高端四核 酷睿i3 i5 i7 商务办公游戏一体机 A1:23.6曲面/酷睿i3/4G/120固态 23.6英寸,1098.00,鑫彩影一体机电脑旗舰店,500+条评价
25,25244159739,【2020新品上市】惠普（hp） 星15 青春版15.6英寸窄边框轻薄便携学生办公游戏商务笔记本电脑 i5-1035g1【mx330 2g独显】高清屏 定制版：16g内存 512g固态【...,4699.00,惠普宇熙世纪专卖店,1100+条评价
26,10022106902265,华硕(ASUS) VivoBook14/15s 酷睿i5/i7 15.6英寸轻薄笔记本电脑商务办公 15.6英寸冰钻银 i7-1065G7 MX330 配置四 12G/512G PCIE固态+1T机械,5999.00,华硕金硕专卖店,700+条评价
27,68473730717,联想(Leovo)威6Pro 14英寸高性能酷睿i7轻薄学生游戏商务办公超薄本窄边框手提笔记本电脑 标配i7-8565U/8G/128G 固态 IPS 2G独显 全高清屏 星空灰,5699.00,联想扬天京东自营授权旗舰店,100+条评价
28,63646220392,戴尔（DELL）成就3671 商用办公 台式电脑主机 家用游戏整机支持win7 四核i3-9100 主机 + ( 无显示器 ) 16G内存 1T+512G固态 定制,3499.00,戴尔康特台式机专卖店,1000+条评价
29,32114127140,2020新款 酷睿i7轻薄本 锐龙R5R7游戏本可选15.6英寸笔记本电脑 商务办公超薄本 昂福镭仕 办公/游戏: 酷睿i5独 显 8G内存+256G,3988.00,昂福镭仕电脑专营店,2000+条评价
30,71872613836,宏碁（Acer）蜂鸟FUNplus S50新品十一代/十代酷睿轻薄笔记本学生办公游戏电脑15.6英寸 银色【i5-10210U/MX350】 8G/512G PCIeSSD,4389.00,宏碁瑞畅专卖店,600+条评价
31,10023369657048,【十代新品】微星（MSI）海皇戟X Trident X Plus台式机电脑主机 电竞游戏VR电脑 i7-10700K/RTX2070S 8G独显 定制一：16G内存+512G固态硬盘+1T机械硬盘,12299.00,微星圣元授权专卖店,100+条评价
32,66916419442,神舟战神Z7M/G8系列酷睿标压处理器RTX2060/GTX1650独显全面屏游戏本笔记本电脑 Z7T-CU7标准版/十代i7/8G/512G,6188.00,神舟游戏本专卖店,5.7万+条评价
33,10020685819225,联想ideapad14s 2020款增强版14英寸十代酷睿i3轻薄本男女学生网课办公手提笔记本电脑 双盘 | 8G 512G固态+1T机械 十代i3-1005G1 集显,3899.00,联想爱特家专卖店,300+条评价
34,54609924990,华硕a豆 adolbook14s增强版 11代酷睿 14英寸金属轻薄笔记本电脑 腾讯怪奇鹅版套装 i7-1165G7 16G 512G MX350,6689.00,华硕电脑官方旗舰店,400+条评价
35,71106667247,华为荣耀笔记本MagicBook Pro旗舰版全面屏轻薄本超薄本学生商务办公手提电脑超极本网课本 银|锐龙R7/8G/512G固态/高色域 全面屏,4799.00,荣耀方和专卖店,1500+条评价
36,70801692633,华为荣耀笔记本MagicBookPro 16.1英寸电脑i5/i7轻薄本商务办公学习本 2020新款 R7-4800H 16G 512G固态 集显 标配 100%sRGB 冰河银 WIN10系统,5899.00,洁创数码专营店,100+条评价
37,65932412882,华硕(ASUS) VivoBook15s 英特尔酷睿i5 新版15.6英寸轻薄笔记本电脑 15.6英寸丨i5-1035G1丨MX330-2G 16G/512G固态 套餐三,4699.00,华硕智凝专卖店,500+条评价
38,62764268647,【学生钜惠】小米(MI)RedmiBook 14英寸红米全金属超轻薄笔记本商务办公电脑英特尔十代酷睿 十代i3-1005G1 8G 256G集显,3199.00,小米阳光专卖店,600+条评价
39,71148712178,华硕（ASUS）顽石6代14/15.6英寸轻薄便携商务办公笔记本电脑学生游戏本VivoBook15s 【15.6英寸】银i7-1065G7/MX330 配置四 12G/512G固态+1TB机械,5899.00,华硕金硕专卖店,8400+条评价
40,12513857959,华为 荣耀笔记本电脑 MagicBook 14/15.6英寸2020轻薄本超极本高清屏学生商务办公 14银四核R5-3500U 8G+256固态 官方标配,3999.00,荣耀咖博专卖店,2100+条评价
41,10021793198701,变异者 组装电脑台式DIY主机i5 9400F/双硬盘/独显 办公设计游戏 战胜G4 白色,3879.00,变异者组装电脑京东自营旗舰店,50+条评价
42,10022554722273,【王源代言】联想ThinkBook 15商务办公15.6英寸女生轻薄游戏本ThinkPad笔记本电脑 十代i5 16G内存 512G固态@06CD定制 FHD高清屏 2G独显 背光键盘 指纹Win10,4899.00,ThinkPad福建授权专卖店,2200+条评价
43,71992827226,I7商用办公分体整机独显家用游戏学习电脑主机带串口支持多屏  单主机+【携带有线键鼠】  【标配】I5-10400丨8GB内存丨1TB硬盘,3499.00,联想华辉台式机授权专卖店,100+条评价
44,25550398153,惠普（HP）星14 青春版 笔记本电脑 小欧14s 14英寸轻薄便携 商务办公女学生手提电脑【新品】 星空银【AMD-R3】 发烧版 8G内存/500G固态,3699.00,惠普赞晓专卖店,8100+条评价
45,11968246571,戴尔(DELL)新品游匣G5 15.6英寸酷睿十代标压固态电竞游戏笔记本电脑 2846十代i7 16G 512G 1650Ti +249元升至2年原厂上门保修+第1年碎屏保,7148.00,戴尔官方旗舰店,4800+条评价
46,10022976407798,联想拯救者R7000P 新品高端八核15.6英寸144Hz电竞屏3D设计轻薄手提游戏笔记本电脑 R7-4800H八核丨RTX2060 6G独显 32G 1T大固态丨升级版,10199.00,联想众信授权专卖店,2800+条评价
47,24141783881,苹果（Apple）2020新款MacBook Air 13.3英寸超轻薄学生办公手提笔记本电脑 国行 Macbook air 13.3英寸【香槟金】 【2020款】i7/8GB/512G/视网膜显示屏,10388.00,苹果百桔专卖店,3200+条评价
48,65425073576,联想（Lenovo）拯救者 刃7000 2020新品性能版 游戏台式机 吃鸡设计 制图电脑主机 八核 i7-10700 16G 512G固态 定制 RTX2070-8G独显 WIN10系统,9199.00,联想响得美授权专卖店,200+条评价
49,57823637196,联想ThinkPad X395 13.3英寸高色域轻薄笔记本电脑自营同款 100%sRGB锐龙PRO R5-3500U 8G 512G固态@0WCD标配,4299.00,ThinkPad华东授权专卖店,1600+条评价
50,14672492603,戴尔（DELL）灵越5493燃5000轻薄本酷睿十代i5/i7窄边框商务办公学生笔记本电脑 MX230独显2G银色 四核十代i7-1065G7 16G内存+512G固态 定制,5299.00,戴尔康特专卖店,2500+条评价
51,35226234228,名龙堂i7 10700K/RTX3080/3090水冷高端游戏电竞直播台式整套电脑主机DIY组装机,13999.00,名龙堂DIY电脑旗舰店,200+条评价
52,56286275022,华硕（ASUS）顽石6代14/15.6英寸轻薄便携商务办公笔记本电脑学生游戏本VivoBook15s 【14英寸】灰丨i5-1035G1/MX110 配置三 8G/256G固态+1TB机械,4399.00,华硕金硕专卖店,8400+条评价
53,70320534994,横远 高配水冷16G内存台式机吃鸡游戏组装电脑主机直播高端全套 配置八,4999.00,横远DIY电脑旗舰店,600+条评价
54,43892578453,戴尔（DELL）燃7000 灵越5493/5490/5590 轻薄超极本商务办公学生手提笔记本电脑 14英寸|i5-10210U|MX250-2G独显 16G内存 512GPCI-E固态+1T机械 定,4866.00,戴尔华宏创天专卖店,2万+条评价
55,10023365907333,戴尔台式机 OptiPlex 7070mt 商用办公主机电脑 游戏机箱 九代U八核 23.8英寸显示器P2419H I7-9700/16G/1T+256G/4G独显,6999.00,戴尔商用艾沪专卖店,300+条评价
