﻿,goods_id,goods_name,goods_price,goods_store,goods_commit
0,100015460524,惠普(HP)战66 微边框商用一体台式机电脑23.8英寸(十代i3-10100 16G 512GSSD WiFi蓝牙 Office 注册五年上门),4399.00,惠普京东自营官方旗舰店,1.4万+条评价
1,100007278663,联想ThinkPad T14 酷睿版 英特尔酷睿i7 2020款(04CD) 14英寸轻薄笔记本电脑(i7-10510U 16G 512GSSD 2G独显 UHD 4K屏),13499.00,ThinkPad京东自营旗舰店,5400+条评价
2,62175562944,鑫锐 i7 10700/R7/GTX1080升RTX2070游戏吃鸡台式办公电脑主机/DIY组装机 配置五：升级版R7-RTX2070 8G,5699.00,鑫锐电脑旗舰店,1300+条评价
3,100015034916,联想（Lenovo）扬天威6 2020款 英特尔酷睿i5 14英寸窄边框轻薄学生办公游戏笔记本电脑 定制丨十代i5 8G内存 1T+512G 2G独显,4699.00,联想严选授权专卖店,4500+条评价
4,100009596118,联想易捷ThinkCentre K70第九代酷睿i5处理器高性能小机身（i5-9500/8G/512G SSD/无光驱/集显/W10 Home）,3599.00,联想商用自营旗舰店,800+条评价
5,56751822059,联想(Lenovo)扬天M4610d 2020款英特尔酷睿九代i3四核 网课家用商务办公台式电脑整机 27英寸IPS全高清 窄边框屏 定制 i3-9100/16G/1T+256G固态,4999.00,联想扬天京东自营授权旗舰店,800+条评价
6,61838291871,"京品电脑	
联想ThinkBook 13s(0LCD)酷睿版 英特尔酷睿i7 13.3英寸超轻薄笔记本电脑(i7-10510U 8G 512G傲腾SSD 2G独显)",6999.00,ThinkPad京东自营旗舰店,6600+条评价
7,10021271485113,武极 新i7 9700KF/华硕RX 5600XT/ 直播吃鸡游戏台式电脑主机DIY组装机,5688.00,武极电脑DIY旗舰店,100+条评价
8,72478126556,Apple  MacBook Pro 16英寸/ 15.4英寸2019新款笔记本电脑 16英寸 512G 银色,16988.00,集合数码专营店,200+条评价
9,27660558000,华为荣耀笔记本电脑MagicBook Pro 16.1英寸商务办公轻薄便携本超薄学生网课本超极本游戏 R5-3550H 8GB 512G 集成 标配版 冰河银 WIN10系统 高色域 100%sRGB,4388.00,洁创数码专营店,1300+条评价
10,70334368645,联想笔记本 ideapad 15S 2020 全新十代酷睿i3超薄商务办公学生网课手提轻薄笔记本电脑 定制：I3-10110U 12GB 512G固态,3799.00,联想华北授权专卖店,1300+条评价
11,10023353960812,神舟战神TX6/ZX6系列十代酷睿i5六核处理器 GTX1650Ti 4G独显电竞游戏笔记本手提电脑 ZX6-CU5升级版 十代i5 16G 512G,5399.00,神舟天美专卖店,7100+条评价
12,69488943558,华硕(ASUS) 天选 15.6英寸游戏本笔记本电脑新锐龙 7nm 窄边框144Hz电竞屏游戏本 元气蓝 R7-4800H 新GTX1650Ti 16G内存+512G高速固态,7899.00,茂双笔记本旗舰店,4200+条评价
13,48270122332,联想（Lenovo）AIO520C 23.8英寸 一体机台式电脑 商务办公家用电脑 i3-10110U 8G 256G SSD 白色,3799.00,联想京东自营官方旗舰店,5000+条评价
14,5334775,攀升影刃 十代酷睿i5 10400F吃鸡电竞游戏台式电脑主机整机 【十代i5 GTX1050Ti 16G 512G】,3599.00,攀升官方旗舰店,80+条评价
15,62505960843,AOC 美人鱼系列象牙白一体机电脑 商务办公家用娱乐台式电脑整机 四核J4105+8G+256G固态 23.8英寸高清屏,2199.00,AOC电脑龙辰专卖店,9600+条评价
16,57246885545,京天 Duel D72 i7 10700F/RTX2070S/B460/16G DDR4/500G NVMe台式组装电脑电竞吃鸡游戏DIY主机UPC,6999.00,京天（KOTIN）电脑京东自营旗舰店,3400+条评价
17,67954564880,15.6英寸轻薄便携超薄本 轻薄本 超极本 商务办公手提电脑 学生网上课堂 摩天酷笔记本电脑 高级版银色J4115 8G内存+256G固态硬盘,1698.00,摩天酷官方旗舰店,4900+条评价
18,100009021893,戴尔(DELL)台式机电脑 酷睿十代i5-10400家用商用办公吃鸡游戏设计炒股网课整机灵越3880 主机+23.8英寸显示器 8G 1T+128G固态 集显 定制,4249.00,戴尔华行台式机专卖店,4600+条评价
19,30502663790,华为笔记本电脑MateBook D 14 14英寸全面屏轻薄本锐龙手提超薄本超级本 银｜i5-10210U+16G+512G 2G独显 标配【预装Office办公软件】,5599.00,华为千百回专卖店,4200+条评价
20,45844182122,惠普（HP）战99-P2 15.6英寸 工作站 设计本 笔记本i9-10885H/32G/1T SSD/T2000 4G独显/UHD/Win10/3年保修,15999.00,惠普京东自营官方旗舰店,1.6万+条评价
21,32832789273,戴尔台式机 OptiPlex7060升级7070MT i7九代八核商用绘图设计3D渲染建模台式机电脑 配27英寸SE2719HR滤蓝光IPS屏 I7-9700/32G/2T+512固态/2G独显,8059.00,戴尔商用祥云专卖店,3200+条评价
22,66480361387,15.6英寸超轻薄本 高速固态硬盘 笔记本电脑轻薄超级本 学生网上课堂电脑 远程办公本 得峰电脑 银色--超窄边框Intel-J3455/8G内存 SSD128G固态硬盘,1739.00,得峰旗舰店,6.3万+条评价
23,100010240322,戴尔（DELL）灵越5000 5493/5593十代酷睿i5/i7女学生游戏商务办公轻薄笔记本电脑 全新上市 | 十代酷睿【i5/MX230】14寸银 【学长推荐】8G/512G PCIE 7秒开机,4388.00,戴尔佳富惠呈专卖店,7300+条评价
24,57533147472,联想(Lenovo)扬天M6603d 台式机英特尔酷睿i5六核商务家用网课办公电脑整机 23英寸IPS全高清窄边框屏 定制 i5-9400/8G/1T+256G固态,5499.00,联想扬天京东自营授权旗舰店,600+条评价
25,33591698226,联想ThinkPad E14 19CD 14英寸轻薄商务办公笔记本电脑十代酷睿六核i7-10710U 16G 256G固态+1T机械【定制】 FHD全高清 独显2G Win10+Office,6999.00,ThinkPad华中授权专卖店,7000+条评价
26,66723707930,攀升 迁跃者G 27英寸2k屏144Hz一体机电脑（九代i5 GTX1650-4G独显 16G 512GSSD）设计师游戏台式主机,6299.00,攀升京东自营官方旗舰店,2万+条评价
27,53831313330,联想小新air14 14英寸2021酷睿11代i5超轻薄笔记本电脑学生青春超极本商务办公游戏本网课本 定制|11代i5 8G 512G固态 MX450 2G独显 金属机身,5399.00,联想育新授权专卖店,1.5万+条评价
28,100004995384,戴尔（DELL）灵越5000 5493/5593十代酷睿i5/i7女学生游戏商务办公轻薄笔记本电脑 全新上市 | 十代酷睿【i5/MX230】14寸银 【轻奢版】16/1T+512G PCIE,4888.00,戴尔佳富惠呈专卖店,7300+条评价
29,24622471351,联想小新air14 14英寸2021酷睿11代i5超轻薄笔记本电脑学生青春超极本商务办公游戏本网课本 标配|十代i5 16G 512G固态 MX350 2G独显 金属机身,5499.00,联想育新授权专卖店,1.5万+条评价
30,10020598083553,奥珀特酷睿i5 9400f游戏电脑主机高配吃鸡独显组装台式机商用家用网吧英雄联盟LOL整机全套显示器 套餐五酷睿i7/1650独显/16G/512G,3999.00,奥珀电脑专营店,3300+条评价
31,100008704985,攀升（IPASON）商悦 intel J3160/240G SSD/8G内存/商务键鼠/家用办公企业采购台式主机DIY组装电脑京东UPC,1099.00,IPASON攀升电脑京东自营旗舰店,2.2万+条评价
32,100014325186,名龙堂 i5 10600KF/GTX1650/2060 网吧电竞游戏DIY台式组装电脑全套整机主机,3399.00,名龙堂DIY电脑旗舰店,1400+条评价
33,10022233606750,华为荣耀笔记本电脑MagicBook 14 笔记本电脑全面屏14英寸超轻薄便携学生商务办公超极本 14款R5-4500U/16G/512G固态 标配 冰河银 win10系统,4799.00,洁创数码专营店,2400+条评价
34,100013333094,Apple iPad Air 10.9英寸 平板电脑（ 2020年新款 256G WLAN版/A14芯片/触控ID/全面屏MYFX2CH/A）玫瑰金色,5999.00,Apple产品京东自营旗舰店,1.7万+条评价
35,30203325683,宏碁(Acer)墨舞EX215 15.6英寸大屏商务办公学习笔记本(i5-1035G1 16G 512GSSD MX330独显 全高清 Win10),4399.00,宏碁商用京东自营旗舰店,300+条评价
36,69437123075,联想V14 2020款14英寸高性能十代酷睿i7窄边框超薄本轻薄学生超极本商务办公手提游戏笔记本电脑 定制 i7-1065G7 8G 512G+1T MX350 2G独显 全高清屏 星空灰,6599.00,联想扬天京东自营授权旗舰店,900+条评价
37,25688041823,戴尔（DELL）灵越5502/成就5501 15.6英寸高清轻薄全面屏固态笔记本电脑 可选11代酷睿 灵越5502-1608银预订i5 16G 512G 官方标配,4899.00,戴尔官方旗舰店,700+条评价
38,70073706064,AOC AIO大师926 23.8英寸高清办公一体机台式电脑 (AMD锐龙R5 3400G 8G 512GSSD 旋转升降支架 支持壁挂),3699.00,AOC电脑京东自营旗舰店,11万+条评价
39,8770177,戴尔(DELL)成就3881 台式电脑 商用办公台式机  游戏电脑 商务炒股 全新酷睿十代 单主机 十代I7 32G 256G+1T 1650 定制,7099.00,戴尔优显台式机专卖店,1.2万+条评价
40,100007205715,雷神（ThundeRobot）911黑武士 吃鸡游戏台式机电脑主机做图设计编程165Hz曲面屏显示器 27英寸+水冷i7-10700/2070S-8G 16G内存+512GB NVMe固态,11199.00,雷神汇智云端专卖店,1100+条评价
41,100010923352,武极AMD锐龙APU R5 3400GE/8G DDR4/家用办公游戏台式电脑DIY组装主机,1988.00,武极电脑DIY旗舰店,2100+条评价
42,4820165,联想(Lenovo)小新Air14 2021款14英寸11代酷睿全面屏金属超薄本轻薄手提笔记本电脑 11代 i5-1135G7 16G 512G｜标配 附带office,6299.00,联想众信授权专卖店,2800+条评价
43,10023120757746,京天 Blitz 505 i5 10400/8G DDR4/240G台式组装电脑/商务办公企业采购/家用定制游戏主机UPC,2599.00,京天（KOTIN）电脑京东自营旗舰店,3400+条评价
44,31807151803,雷神（ThundeRobot）Master A300SE 23.8英寸高清高性能电脑一体机 (酷睿i3 8G 512GSSD WiFi蓝牙 三年上门),3399.00,雷神京东自营官方旗舰店,2.5万+条评价
45,10021475011523,联想（Lenovo）威6 2020英特尔酷睿i5-14英寸轻薄笔记本电脑学生商用办公游戏本 2G独显 i5-1035G1 16G 1T固态｜轻奢升级,5299.00,联想扬天授权旗舰店,1.2万+条评价
46,47142191707,华硕(ASUS) 猎鹰V4 21.5英寸商用办公一体机台机电脑(Intel 4417U 4G内存 128GSSD+1T 全高清 上门售后)白,2999.00,华硕京东自营官方旗舰店,7700+条评价
47,1053475182,攀升 P26 升10代i7 10700F/GTX1650 4G/B460M/512GM.2固态/高频8G游戏台式DIY组装电脑主机/京东游戏UPC,4999.00,IPASON攀升电脑京东自营旗舰店,5.2万+条评价
48,60975978091,华硕(ASUS)  灵耀14 十代酷睿 13.5mm超轻薄14英寸商务办公笔记本电脑100%sRGB 十代i5 16G 512G 轻约1.1kg 丁香银,5999.00,华硕电脑官方旗舰店,900+条评价
49,50055980932,联想V14 2020款高端性能十代酷睿i3独显窄边框超薄本轻薄学生超极本游戏商务办公手提笔记本电脑 定制 i3-1005G1 12G 256G+1T MX330 2G独显 全高清屏 星空灰,4699.00,联想扬天京东自营授权旗舰店,2200+条评价
50,100011129990,戴尔台式机 OptiPlex7070MT i7 i9 商用绘图设计3D渲染建模台式机电脑7060升 单主机(不含显示器) i9丨32G丨2T+512G丨GTX1650-4G,9099.00,戴尔商用华东专卖店,4300+条评价
51,7611478,戴尔(DELL)成就5880 台式电脑 商用办公主机 游戏吃鸡设计制图3D建模渲染 十代10700  i7-10700 32G 512G固态+2T RTX2070-8G显卡 定制,9999.00,戴尔优显台式机专卖店,2400+条评价
52,10021255793876,华为MateBook X Pro 13.9英寸笔记本电脑2020款超轻薄全面屏触控超极本 深空灰｜i7-10510U 16G 512固态独显,9999.00,华为新通路专卖店,400+条评价
