﻿,goods_id,goods_name,goods_price,goods_store,goods_commit
0,10021169027451,宏碁（acer）高清IPS屏一体机电脑高配办公家用娱乐游戏台式主机一体式全套整机 21.5英寸+八代四核J4105+8G+256G,2399.00,宏碁一体机旗舰店,700+条评价
1,52732210020,Apple苹果 2020新款MacBook Air 13.3英寸 17款超薄笔记本电脑 深空灰色 20款 512G 鼠标套餐,9088.00,APPLE翔合专卖店,4500+条评价
2,72229052893,15.6英寸 笔记本电脑 超薄本 锐龙R7可选金属轻薄本 全面屏 吃鸡LOL游戏本昂福镭仕办公学习 酷睿i5 8G内存+512G固态硬盘,2988.00,昂福镭仕电脑专营店,700+条评价
3,11943085276,戴尔（DELL）灵越5493/5593 燃5000 手提轻薄超极本商务办公网课学生游戏笔记本电脑 酷炫银|15.6英寸|i5-1035G1|2G独显 8G内存 512GPCI-E固态+1T机械 定制版,4399.00,戴尔华宏创天专卖店,3万+条评价
4,34193259822,纵横卓创 十代i7 10700/GTX1650设计师3D渲染视频剪辑后期室内建模组装台式电脑主机 配置三：主机+戴尔P2421D专业设计2K显示器,6999.00,纵横卓创组装电脑旗舰店,3900+条评价
5,33435072085,联想(Lenovo)小新15全新十代酷睿超轻薄笔记本电脑 高配i7-1165G7/16G/512G/2G/银,7299.00,联想授权旗舰店,2800+条评价
6,57579954717,【新款】联想台式机 天逸510Pro 十代i7八核家用娱乐商用台式设计电脑3D绘图建模电脑主机 主机+21.5英寸显示器 i7 16G 512G固态 2G丨定制,6999.00,联想源睿台式机授权专卖店,200+条评价
7,40910134891,惠普（HP)星15 笔记本电脑 15.6英寸星系列窄边框时尚学生娱乐游戏轻薄本 i5-1035G1 MX330独显 14英寸 定制16G 512G固态+1T机械 高清屏,5899.00,惠普华辉专卖店,1700+条评价
8,69528870451,华为荣耀笔记本电脑MagicBook Pro 16.1英寸轻薄本手提商务办公超极本 2020款 银|i7十代 16G 512G 独显 标配,7298.00,千百回电脑专营店,4500+条评价
9,25869938087,【自营同款】联想ThinkPad X13 13.3英寸 高性能商务办公轻薄手提笔记本电脑 08CD@锐龙5 16G内存 512G固态 【官方标配】FHD高清屏 Win10系统,5499.00,ThinkPad北京授权专卖店,1600+条评价
10,26778324434,ThinkPad P15V 2020新品 十代酷睿15.6英寸移动图形工作站设计师图站联想笔记本电脑 04CD （i7-10750H P620-4G图显 16GB内存 1TB PCIE固态硬盘）定制,8999.00,ThinkPad重庆授权专卖店,900+条评价
11,10021255545075,戴尔（DELL）OptiPlex 7480 23.8英寸商务办公微边框台式一体机电脑 7470升级款 i7-10700/1650 4G 配高度可调节支架 标配 8G内存 1T机械 无线键鼠,7899.00,戴尔商用京东自营官方旗舰店,10+条评价
12,69607622671,苹果（Apple）2020款 MacBook Air 13.3英寸超轻薄学生办公手提笔记本电脑 国行 【2020款】MacBook Air【商务灰】 【豪华版】十代i5/8G/512G/视网膜屏,9588.00,苹果百桔专卖店,700+条评价
13,12695607403,AOC 一体机电脑支持壁挂台式办公家用整机733/732系列 四核J1900+4G内存+128G固态硬盘 21.5英寸,1749.00,AOC电脑桔子专卖店,1.2万+条评价
14,11285736722,鑫彩影19英寸一体机电脑家用曲屏商用办公设计台式电脑i3i5i7四核整机 A2:19英寸/酷睿i5/4G/120G固态,889.00,鑫彩影一体机电脑旗舰店,500+条评价
15,53617954034,惠普（HP）光影精灵6 15.6英寸游戏笔记本电脑 暗影精灵6暗夜6 设计师电脑 吃鸡笔记本 i7-10750H/GTX1650Ti 4G高色域 定制四:32G 512G+1T IPS 窄边框,8299.00,惠普峻峰专卖店,1.5万+条评价
16,60185181580,惠普（HP）星14/15【11代新品】青春版笔记本电脑15.6英寸窄边框全面屏轻薄大学生手提游戏本 i5-1135G7【MX450 2G】15寸高清屏 配置四：16G/1T固态【竞速】,6387.00,惠普电脑授权专卖店,2万+条评价
17,10021169027459,宏碁（acer）高清IPS屏一体机电脑高配办公家用娱乐游戏台式主机一体式全套整机 23.8英寸+九代酷睿i3四核+8G+256G,3199.00,宏碁一体机旗舰店,700+条评价
18,41576050839,联想（Lenovo）拯救者刃7000 2020吃鸡游戏设计家用台式电脑电竞主机十代I5-10400F 定制16G 1T+256G GTX1660S-6G 主机+27.0IPS屏,7699.00,联想同诚台式机授权专卖店,1800+条评价
19,65456150998,华为笔记本MateBook 14 2020款锐龙超薄本全面屏超极本轻薄本学生商务办公手提笔记本电脑 银｜十代i7 16G+512G 独显 触屏版【现货,7899.00,华为兴汇聚专卖店,1.6万+条评价
20,70127731916,世纪之星 i5升I7级八核/1650 4GD6/16G内存商务吃鸡办公游戏组装台式电脑主机整机全套 单主机 配置二：i9级八核/游戏独显/8G,1599.00,世纪之星电脑整机旗舰店,300+条评价
21,64975094505,华为笔记本电脑MateBook D 15 15.6英寸轻薄本全面屏锐龙手提超薄本超级本 银｜i7-10510U+16G+512G 独显 标配(预装Win 10),6799.00,华为千百回专卖店,2200+条评价
22,100007365725,未来人类AMD 15.6英寸游戏笔记本电脑(AMD桌面级CPU R9-3900 RTX2070 32G 1TB PCIe SSD 144Hz）,11299.00,未来人类游戏本京东自营旗舰店,800+条评价
23,70901592747,华为荣耀笔记本MagicBook 14 2020大学生超轻薄便携游戏商务办公超级本手提电脑 15.6升级版R5-4500 16G 512G银色,5199.00,荣耀方和专卖店,4700+条评价
24,72492804327,戴尔（DELL）灵越燃5000新5493/5593 15.6英寸家用学生设计办公轻薄手提笔记本电脑 15.6英寸：i5-1035G1、MX230 配置三：16G/512G固态,4639.00,戴尔智杰电脑授权专卖店,3600+条评价
25,68953491052,华为笔记本MateBook 14 2020款 超薄本全面屏超极本轻薄本学生商务办公手提笔记本电脑 银10代i5 16G 512G 触屏【现货】,6599.00,华为泰锐专卖店,2800+条评价
26,20065609581,【酷睿九代网吧性能】嘉莱宝24-27英寸游戏电竞一体机电脑酷睿i3i5i7秒超台式机主机全套 【畅玩吃鸡】九代i3-9100F/独显4g/8G 256G固态,3299.00,嘉人好授权旗舰店,5400+条评价
27,10022051129409,联想ThinkPad E系列 轻薄本 十代英特尔酷睿i5/i7 手提商务办公学生游戏笔记本电脑 独显 E14 i7-10510U 14英寸@1WCD 8G内存 512G SSD 固态硬盘,6299.00,ThinkPad成都授权专卖店,1400+条评价
28,64448243067,联想台式机电脑天逸510pro 可装Win7或10游戏LOL商务办公财务美工设计绘图家用网课 定制版 主机+21.5英寸显示器 锐龙四核R5-2400G 8G 500G机械+128G固态硬盘 ...,3498.00,联想网和生台式机专卖店,1200+条评价
29,100008282755,神舟(HASEE)战神G8-CU7PK 英特尔酷睿i7-10750H RTX2060 6G 17.3英寸144Hz游戏笔记本电脑(16G 256G+1T),8199.00,神舟电脑京东自营旗舰店,5100+条评价
30,10020598083555,华为荣耀笔记本电脑MagicBook 14 笔记本电脑全面屏14英寸超轻薄便携学生商务办公超极本 14款十代i5 16G 512G 2G独显 标配 冰河银 win10系统,5599.00,洁创数码专营店,2400+条评价
31,31595170134,戴睿2020指纹解锁超轻薄笔记本电脑15.6英寸窄边框全新四核便携手提学生商务办公游戏上网本背光键盘 贵雅红 【套4】12G内存+256G,2158.00,戴睿旗舰店,2.1万+条评价
32,26215860371,AOC739 曲面屏一体机电脑高配企业办公家用游戏秒超台式电脑主机全套整机 23.6英寸 免费升级9代I3-9100四核 8G内存  256G固态硬盘,3499.00,AOC善与美电脑专卖店,4400+条评价
33,12652756018,【定制WIN7专业版】联想台式机E74商用办公家用台式电脑主机WIN7系统电脑整机 单主机+23英寸窄边框显示器IPS 【定制】i5-6400 4G 1T W7专业版,5099.00,联想扬天华南授权专卖店,100+条评价
34,10022398625842,惠冠intel八核十六线程独显/32G台式电脑主机DIY组装机吃鸡LOL游戏办公 家用办公游戏 套餐 三,999.00,惠冠电脑办公旗舰店,100+条评价
35,26255538972,宏碁acer宏基笔记本电脑轻薄本墨舞EX215 15.6英寸商务办公背光防眩光雾面屏WIFI蓝牙四核 N4120/12G/512G pcie固态 豪华版,2599.00,宏碁宏广世纪专卖店,2600+条评价
36,65596513005,【V110升级款】联想扬天V330  14英寸9系办公家用影音笔记本电脑 轻薄便携 定制A4-9125 8G 1T+256G固态 2G独显 win10,2966.00,联想北达兴科专卖店,1万+条评价
37,10021781438575,联想(Lenovo)拯救者Y7000P 2020版i7-10875H高色域游戏本吃鸡设计师笔记本电脑 升级i7-10875H 32G内存 1TSSD固态 RTX-2060 6G独显 电竞屏 曜石黑,10999.00,国美官方旗舰店,500+条评价
38,21235096377,Apple苹果 新款MacBook Pro13.3英寸超薄笔记本电脑支持Air drop 标配 512G 银色+鼠标,10788.00,APPLE翔合专卖店,7600+条评价
39,27109482688,联想ThinkPad P15V 十代i5/i7标压高性能编程设计游戏本笔记本电脑移动图形工作站定制为 32G内存 512G+1T双高速固态  i7-10750H 4G专业显卡 高清屏丨04CD,9999.00,ThinkPad华北授权专卖店,2300+条评价
40,10021073792581,戴睿2020指纹解锁超轻薄笔记本电脑15.6英寸窄边框全新四核便携手提学生商务办公游戏上网本背光键盘 幻夜黑 【套7】【限量升级】16G+512G+500G,2658.00,戴睿旗舰店,2.1万+条评价
41,15308619125,联想笔记本电脑 ideapad15S 2020款 锐龙R5 超轻薄本商务办公笔记本电脑 手提游戏本 定制：R5-4600U 20G内存 256G固态,4299.00,联想华北授权专卖店,7800+条评价
42,29961635543,佐瀚（zuohan）ADM 四核/8G/4G独显/台式电脑主机整机全套组装家用商务办公游戏 电脑主机+24英寸电竞曲屏显示器 套餐二 四核+8G+120G+4G独显 英雄联盟,2099.00,淘森电脑专营店,100+条评价
43,55668324406,名睿高配水冷I7/32G/GTX1660super吃鸡电竞游戏办公网吧DIY组装台式电脑主机全套 套餐三,2999.00,名睿组装电脑旗舰店,3400+条评价
44,69436292180,联想拯救者Y7000 2020款1080P高色域 十代i7电竞游戏笔记本电脑r 视频剪辑设计师工作站 十代i7-10750H 32G内存 1TB固态 定制GTX1650Ti电竞独显【游戏键盘套装】,9299.00,联想华东授权专卖店,1万+条评价
45,58851414622,雷神（ThundeRobot）911黑武士 吃鸡游戏台式机电脑主机做图设计编程165Hz曲面屏显示器 27英寸+水冷i7-10700/2060-6G独显 16GB内存 512GB NVMe+1TB机械,9799.00,雷神汇智云端专卖店,1100+条评价
46,12170265878,华为笔记本MateBook X Pro 2020款13.9英寸十代酷睿全面屏轻薄本商务办公手提电脑 深空灰|十代i7 16G+512G独显 2020款,9999.00,华为康特专卖店,900+条评价
47,61985235948,联想扬天V340 2020款15.6英寸十代酷睿i3超薄本学生轻薄游戏超极本商务办公手提笔记本电脑 定制i3-1005G1/16G/256G固态+1T 2G独显 IPS全高清屏 星空灰,4799.00,联想扬天京东自营授权旗舰店,400+条评价
48,10020700504334,联想(Lenovo)IdeaPad14s 2020款超轻薄网课办公笔记本电脑14英寸银色 定制i3-10110/8G/256G固态,3249.00,联想授权旗舰店,1.2万+条评价
49,10022511481662,联想（Lenovo）小新15 2020六核锐龙版15.6英寸大屏高性能轻薄商务办公游戏手提笔记本电脑 8核16线程R7-4800U 16G 512G固态 IPS全高清屏  深邃银,5499.00,联想汇汉授权专卖店,2800+条评价
50,68950939396,华为笔记本电脑MateBook13 超轻薄13英寸商务性能手提本2K全面屏 新品灰｜R7-4800H/16G/512G固态,5899.00,华为新通路专卖店,7100+条评价
51,41744226906,【多仓发货】海尔（haier）窄边框 笔记本电脑轻薄 学生网课 办公手提电脑 【14英寸】S14Pro 定制12G内存 128G存储【惠】,2099.00,海尔电脑旗舰店,1万+条评价
52,100005785893,宏碁（acer）宏基蜂鸟FUN PLUS S50/A515十一代酷睿微边框轻薄本学生网课笔记本电脑 11代I5-1135G7/锐炬显卡 15寸 16G 512GPCIE固态,4299.00,宏碁蓝星专卖店,3000+条评价
53,10021605485034,方正（iFound）T系列 微边框IPS高清家用办公一体机台式电脑 【21.5高效办公】4核J3160/8G/240G,1899.00,方正（ifound）电脑东星专卖店,500+条评价
54,54675902646,联想小新Pro 13.3英寸 2020锐龙版 超清全面屏高色域轻薄办公笔记本电脑 八核R7-4800U 16G 1T固态,6369.00,联想华南授权专卖店,3000+条评价
55,32293923313,联想ThinkPad E15(25CD)酷睿版 英特尔酷睿i5 15.6英寸轻薄笔记本电脑(i5-10210U 8G 512G傲腾SSD 2G独显)黑,5999.00,ThinkPad京东自营旗舰店,1.1万+条评价
56,59968431993,惠普（HP）战66 三代 AMD版 14英寸/15.6轻薄笔记本电脑 商务办公笔记本 学生手提电脑 14英寸 office 锐龙 六核R5-4500U 16G 512G,4499.00,惠普九州专卖店,1.3万+条评价
