﻿,goods_id,goods_name,goods_price,goods_store,goods_commit
0,54202932969,13.3英寸四核酷睿i5学生女生商务办公超极本轻薄便携全面屏游戏手提电脑威6同款 升级版丨i5-8265U 8G内存 512G固态 IPS高清屏 电源指纹识别 集显 星银灰,4566.00,联想扬天航电授权专卖店,600+条评价
1,60110033829,华为笔记本MateBook X Pro 13.9英寸超轻薄电脑全面屏金属商务办公手提超极本 翡冷翠|十代i7 16G+512G独显 2020款,9999.00,华为新通路专卖店,1200+条评价
2,100011654510,微软（Microsoft）Surface ProX MicrosoftSQ1 13英寸平板二合一笔记本电脑商用版（Microsoft SQ1 8G 128G）,8388.00,微软商用自营官方旗舰店,600+条评价
3,71549320610,华为荣耀笔记本电脑MagicBook 14新款 预装WIN10系统 14英寸轻薄本商务办公超极本 银丨SE R5-3500 16G 512G 集显 含赠品大礼包,4399.00,思行汇数码专营店,100+条评价
4,51815055653,联想（Lenovo）AIO逸-24高色域全面屏网课商务办公高清摄像头一体机台式电脑520-24升级款 4205U 16G 512G固态 黑色 定制 无线键鼠 无线+蓝牙 WIN10 23.8英寸,3699.00,联想新腾台式机专卖店,100+条评价
5,55951681768,爆款5G平板电脑十核8G+512G一屏两用办公学习游戏全网通话笔记本二合一Matepad带键LenX 前黑后钛金灰+黑键盘,1399.00,LenX星空智联专卖店,1700+条评价
6,69077237714,神舟战神Z7/Z7M/10 代i5/i7GTX1650/1650Ti/RTX2060游戏本笔记本电脑 Z8-CU7NA:i7-10750H/8/512,7188.00,神舟海神专卖店,1.8万+条评价
7,50096207312,京芒i5 9400F/10400F/GTX1660 6G/16G吃鸡游戏台式组装电脑主机DIY组装机 配置四I510400F/16G/1060 3G,3099.00,京芒DIY电脑旗舰店,5700+条评价
8,68479145537,机械师F117 144Hz全面屏游戏本十代i7-10870H八核GTX1650Ti独显游戏笔记本电脑 荣耀版8G/512G PCIE高速固态,7289.00,MACHENIKE机械师旗舰店,2400+条评价
9,12756867415,APPLE苹果iPad 2020新款10.2英寸平板电脑air2新版iPad 金色 128G WLAN版【官 方 标 配】,3089.00,圳豪数码专营店,2.5万+条评价
10,1507193524,联想ThinkPad P1隐士 三代2020款设计制图游戏移动图站15.6英寸轻薄笔记本电脑4G独显 i7-10750H T2000 4K屏@25CD 16G内存 1TB固态硬盘,18999.00,ThinkPad定制版专卖店,1100+条评价
11,69400551933,宁美 i9 10900KF/RTX3080高端水冷发烧游戏台式组装电脑/DIY组装机 标准版,15999.00,宁美官方旗舰店,20+条评价
12,48738544494,惠普（HP）光影精灵6/Max光影精灵5 锐龙版暗夜暗影精灵6 15.6英寸电竞游戏笔记本电脑 光影6 i5|8G|GTX1650|512G固态,5498.00,惠普赞晓专卖店,6100+条评价
13,10022234700464,戴尔(DELL) 灵越5301 Urban13.3英寸11代酷睿全高清轻薄全面屏办公笔记本电脑 5301-2625粉预订 i5 16G MX350 +99元加购戴尔原厂包鼠套装,5898.00,戴尔官方旗舰店,800+条评价
14,10260574953,【白条6期免息】机械师F117-V 144Hz全面屏游戏本i7八核GTX1650Ti独显笔记本电脑 荣耀版8G/512G PCIE高速固态,7189.00,MACHENIKE机械师旗舰店,9600+条评价
15,100007390073,微软Surface Go 2 二合一平板 轻薄本 亮铂金 | 10.5英寸触屏 酷睿M3 8G+128G | 3:2生产力 高色域 人脸识别 | 4G LTE 插卡上网 轻办公,5788.00,微软京东自营官方旗舰店,1.2万+条评价
16,71758119483,联想ThinkPad E15 2020款 （0PCD）15.6英寸轻薄窄边框商务办公游戏笔记本电脑 定制：i5-10210u 16G 256G+1T 2G独显 FHD Win10,4999.00,ThinkPad上海授权专卖店,500+条评价
17,10022094408287,戴尔（DELL）笔记本成就5000  15.6英寸2020款轻薄商务办公学生笔记本电脑 5590i5-10210u MX250显卡 8G内存 PCIe 512G固态 店长推荐,4399.00,戴尔金盛专卖店,1100+条评价
18,68031827356,ThinkPad X1隐士 三代（01CD）15.6英寸英特尔酷睿i9移动图形工作站设计师笔记本电脑 GTX1650Ti Max-Q 标配i9-10885H 32G 2T固态 4K屏,24999.00,ThinkPad华南授权专卖店,20+条评价
19,47004526222,2020年新款苹果平板电脑Apple iPad Air4全面屏二合一平板电脑视网膜显示屏支持二代笔 银色 64G Wi-Fi版【标配】,4549.00,Apple无限专卖店,3700+条评价
20,10022039620171,【领600元券】华硕天选15.6英寸游戏本笔记本电脑锐龙8核R7 7nm 窄边框144Hz电竞屏 钛空灰 R7-4800H GTX1650Ti-4G 锐龙8核 8G 512GSSD 144Hz,7299.00,华硕恩荣专卖店,2300+条评价
21,41842373306,联想拯救者Y7000 15.6英寸2020款酷睿轻薄本独显学生设计笔记本电脑1080P电竞吃鸡游戏本 定制|十代i5 16G 512G固态 1650Ti,7299.00,联想育新授权专卖店,3700+条评价
22,58143640241,宁美国度 i5 10600KF/RTX3070 新品漫威联名游戏台式机组装电脑/DIY主机 高配版,8999.00,宁美官方旗舰店,100+条评价
23,70260527574,变异者 组装电脑主机DIY台式游戏  i5 9400F/16G/GTX1050Ti  战胜G1,3599.00,变异者组装电脑京东自营旗舰店,500+条评价
24,67423325688,"拍拍	
【二手95新】Apple苹果笔记本电脑macbook air pro 办公 商务 游戏 设计 超轻薄 现货速发9新Pro13寸700-i5-8-240G",2318.00,重力二手商品专营店,9400+条评价
25,63058537234,"拍拍	
【二手9成新】戴尔DELL E7240/E7250 12英寸  二手笔记本时尚轻薄 超薄颜值本 2】E7240 i5 8G 256G固态 银色",1758.00,小熊二手商品专营店,4600+条评价
26,68320920344,"拍拍	
【二手95新】联想（Lenovo）THINKPAD超薄便携商务办公 学习游戏15寸笔记本电脑 1】双核/4G/128固态/店长力荐",1299.00,蓝海二手电脑专营店,1.6万+条评价
27,10020408961591,"拍拍	
【二手95新】Apple MacBook Pro二手笔记本 苹果笔记本电脑 13.3英寸15寸办公本 高性价比轻薄本13寸MD231/4G/128G超值",2294.00,维世迈二手电脑专营店,5400+条评价
28,68289534466,"拍拍	
【二手95新】Apple 二手苹果一体机 21.5寸/27寸 imac  超薄商务办公游戏电脑台式机 【好货】21寸超薄MK452 i5/8G 128G固态硬盘",5239.00,维世迈二手电脑专营店,1600+条评价
29,47121711301,"拍拍	
【二手9成新】戴尔DELL E7240/E7250/E7270 二手笔记本i5/i7 超薄本 商务本 1】酷睿双核 4G内存 500G硬盘",668.00,品胜U品二手专营店,3500+条评价
30,30278788563,"拍拍	
【二手9成新】戴尔 （DELL）E7250/E7240 12寸 笔记本电脑 超薄商务游戏本 E7240/12.5寸/i5/8G/256G固态",1586.00,路遥二手电脑整机专营店,300+条评价
31,58143640240,"拍拍	
【二手9成新】雷神（ThundeRobot） 15.6英寸i7轻薄电竞娱乐吃鸡游戏笔记本电脑 特价i7-4代  8G 256G 固态 950独显",2589.00,华夏二手电脑专营店,1600+条评价
32,56260873932,"拍拍	
Air超轻薄款苹果笔记本学生电脑家用PS办公商务设计CAD 【限时秒杀】9新MC505-2G/64G 11寸 【放心购】专注于品质的老店 下单送运费险",1489.00,优创二手电脑专营店,6900+条评价
33,57956754771,"拍拍	
【二手95新】Apple苹果笔记本电脑macbook air pro 办公 商务 游戏 设计 超轻薄  办公影音Pro13寸MB990-8-240固态",2078.00,重力二手商品专营店,9400+条评价
34,25513537264,"拍拍	
【二手9成新】联想Thinkpad二手笔记本电脑X220 X240 12.5寸轻薄便携商务办公本 X220 i5/4G/120G固态【家用推荐】 180天质保",1199.00,星仔二手电脑专营店,2600+条评价
35,26303224645,"拍拍	
【二手95新】华为平板MatePad Pro 10.8英寸 麒麟990影音游戏办公全面屏学生平板电脑 夜阑灰 6G+128G wifi版",2899.00,闲至优品二手电脑专营店,1200+条评价
36,40979483632,"拍拍	
【二手9成新】联想（Thinkpad）X230 12.5英寸 轻薄便携商务办公二手笔记本电脑 ibm 6】X240 i5 8G 240G固态 热卖款",1758.00,悦企二手商品专营店,2.7万+条评价
37,10021049046611,"拍拍	
【二手9成新】联想（Thinkpad）X230 12.5英寸 轻薄便携商务办公二手笔记本电脑 ibm 4】高配版 X230 i5 16G 240G固态",1888.00,悦企二手商品专营店,2.7万+条评价
38,68271850093,"拍拍	
【二手9成新】惠普笔记本游戏本 840 G3媲美超薄苹果电脑酷睿i7 i5-4200 4G 500G 超薄",1388.00,亿柯二手电脑专营店,4400+条评价
39,70690269119,"拍拍	
【二手9成新】联想/Lenovo/二手笔记本轻薄学习商务办公游戏笔记本电脑 清仓尾货 （双核-4G-250G) 老款 笔记本",688.80,轩淋风二手电脑整机专营店,400+条评价
40,67438836383,"拍拍	
【二手99新】Apple/苹果 iPad mini5 2019年新款 平板电脑 7.9英寸国行 mini5 99新店铺保（一年包换 颜色备注） 64G WIFI+原充原线 壳膜",2169.00,圆果二手商品专营店,800+条评价
41,69897541988,"拍拍	
【二手95新】Apple MacBook Air二手笔记本 苹果笔记本电脑 超薄刀锋款办公商务手提本 【高性价比9新】13寸16款GG2大容量256G",3535.00,维世迈二手电脑专营店,4300+条评价
42,70074840379,"拍拍	
【二手95新】Apple MacBook Air二手笔记本 苹果笔记本电脑 超薄刀锋款办公商务手提本 13.3寸14款 760B/4G/128固态",2464.00,维世迈二手电脑专营店,4300+条评价
43,46005805093,"拍拍	
【二手99新】Apple iPad 苹果平板电脑 二手iPad2018款 9.7寸 二手平板 99新 18款iPad 9.7寸 128G （颜色请留言）原装充电器套装",2199.00,拍拍电脑数码优品官方旗舰店,1000+条评价
44,65379093225,"拍拍	
【二手9成新】戴尔DELL 时尚超薄 办公学习12寸-14寸笔记本电脑 1】E7240 四代i5 8G 256固态",1599.00,锶湘二手笔记本专营店,700+条评价
45,65109241181,"拍拍	
【二手95新】Apple/苹果 iPad 2018 2018款 二手平板 ipad 平板电脑 平板 2018款 95新 国行零售机（颜色备注）  128G WIFI版＋壳膜耳机原充（一年包换）",1995.00,咪玛二手商品旗舰店,8600+条评价
46,25493908823,"拍拍	
【二手95新】惠普（HP） 二手笔记本电脑暗影精灵光影15.6英寸i7吃鸡游戏超薄颜值本学生便携本 2i5-6300 8 256 GTX960M 2G",2799.00,呱子二手笔记本电脑专营店,400+条评价
47,65379093224,"拍拍	
【二手95新】神舟/Hasee 战神15.6英寸吃鸡二手游戏笔记本电脑i7 6G独显低价学生轻薄便携 18i7-7700 16 128+1T 10606",4399.00,呱子二手笔记本电脑专营店,4200+条评价
48,71852238715,"拍拍	
【二手9成新】联想Thinkpad T430/T440P 二手笔记本电脑 酷睿i5/i7独显 游戏本 【5】T430 i7四核 8G 240G 独显",2488.00,悦企二手商品专营店,8000+条评价
49,10022047640255,"拍拍	
【二手95新】惠普（HP） 二手笔记本电脑暗影精灵光影15.6英寸i7吃鸡游戏超薄颜值本学生便携本 1i5-6300 8 256 GTX950M 4G",2799.00,呱子二手笔记本电脑专营店,400+条评价
50,69934213808,"拍拍	
【二手9成新】外星人（ALIENWARE）15.6/17.3英寸高清屏吃鸡电竞游戏本二手笔记本电脑 15.6寸特惠i7六代16G 256+1 970M",4999.00,恒信优品二手电脑专营店,800+条评价
51,69614855948,"拍拍	
【二手9成新】雷神(ThundeRobot)911星耀版15.6寸吃鸡游戏笔记本电脑144HZ电竞屏 性价爆款 i5-4200 8G GTX950",2299.00,奥迈二手商品专营店,800+条评价
52,10023354879910,"拍拍	
【二手9成新】Apple iPad mini2/1/4 苹果平板电脑 二手苹果迷你平板电脑 银色 mini2 16G WIFI版+品牌充电套装",738.00,缘翼优品二手商品专营店,1000+条评价
53,25022600798,世纪之星 英特尔i5四核/4G内存/256G固态企业商务办公家用电影台式组装电脑主机/DIY组装机 主机+21.5英寸显示器 i5级四核/4G/256G,1149.00,世纪之星电脑整机旗舰店,600+条评价
54,100008164815,联想（Lenovo）AIO 520C 微边框高色域一体机台式电脑 网课电脑21.5英寸 十代i3-10110U 8G 256G固态白色,3199.00,联想京东自营官方旗舰店,3200+条评价
55,31240776286,联想精选ThinkPad E14 Slim i7高配版 14英寸商务办公游戏娱乐笔记本电脑【定制款】 E14 1WCD 十代i7 16G 512G+1T,7699.00,ThinkPad重庆授权专卖店,2000+条评价
56,71714793758,台电（TECLAST）T24 Air慧眼 23.8英寸一体机电脑台式电脑（J4105 8G 256G固态 WiFi 无线键鼠 三年上门）,1799.00,台电一体机京东自营官方旗舰店,2200+条评价
57,64634850856,长城(Great Wall)办公游戏商用台式机电脑主机整机 单主机 十代 G5905 8G 256G  配置三,1699.00,长城电脑旗舰店,4400+条评价
