﻿,goods_id,goods_name,goods_price,goods_store,goods_commit
0,38426990055,宏碁（acer）宏基蜂鸟FUN PLUS S50/A515十一代酷睿微边框轻薄本学生网课笔记本电脑 十代i5-10210U/MX350 2G银 15寸 16G 512GPCIE固态,4599.00,宏碁蓝星专卖店,3000+条评价
1,52164058634,惠普（HP）星14/青春版【新11代酷睿2021款】14英寸窄边框轻薄便携学生办公笔记本电脑 星14 月光银【i5 1135G7/MX450】 【标配】16G/512G PCI-E高速固态,5899.00,惠普蓝星专卖店,4000+条评价
2,30973470334,名睿 高配水冷i7升I5 10400/GTX1660S电脑主机电竞直播吃鸡游戏台式机DIY组装机全套 套餐三,4299.00,名睿组装电脑旗舰店,2500+条评价
3,11721170226,酷耶（Cooyes） i3 8100四核/G3900/GTX1050Ti独显游戏台式机电脑主机整机 主机+22英寸显示器 i3-8100四核/8G/120G固态,2398.00,酷耶电脑旗舰店,400+条评价
4,70335230516,"拍拍	
【二手9成新】DELL/戴尔电脑台式机网课学习四核电脑4G内存独显电脑商务家用办公整机 【2】i3-2100/4G/500G机械",799.00,鑫派优品二手台式机专营店,300+条评价
5,65718925283,华为笔记本 MateBook 14 2020款 14英寸超薄本商务办公手提电脑轻薄本超极本 银｜触屏R7-4800H/16G/512G/集显 标配,6699.00,华为肆玖专卖店,2600+条评价
6,58923153501,戴尔（DELL）笔记本灵越5000 5593 15.6英寸10代轻薄家用办公学生2020款笔记本电脑 i7-1065G7 4G独显 8G内存 PCIe512G固态硬盘 店铺定制,5499.00,戴尔金盛专卖店,5400+条评价
7,53297716274,联想ThinkPad E14 (2020新品）14英寸轻薄商务ibm手提笔记本电脑 十代i5 16G 512G+1T硬盘丨04CD  快速充电  炫酷黑 WVA FHD屏定制,5499.00,ThinkPad华北授权专卖店,4400+条评价
8,30646311742,"拍拍	
【二手99新】高配二手电脑组装机网吧吃鸡游戏主机直播家用电脑主机i5/i7八核1060台式机电脑全套 套餐2 HOT游戏版〔GTX750高效LOL〕",1999.00,飞的起二手电脑专营店,2.3万+条评价
9,29239816115,联想（Lenovo）V15 2020新款 15.6英寸窄边框轻薄笔记本电脑十代酷睿i5 i5-1035G1 8G 1T+128G固态 英伟达MX330 2G独显 精装定制 星空灰,4599.00,联想扬天授权旗舰店,4400+条评价
10,100013430058,联想拯救者Y7000 15.6英寸2020十代酷睿i5/i7高色域游戏本p 学生设计师吃鸡笔记本电脑 升级【i5-10200H 8G 1T+512G】 GTX1650 4G电竞显卡,7099.00,联想航电授权专卖店,4.6万+条评价
11,57498239006,联想小新Air14 2021/2020款 14英寸全面屏 超轻薄笔记本电脑 学生办公设计游戏本 11代i5-1135G7+MX450游戏级独显 8G内存 512G固态 定制银,5399.00,联想华东授权专卖店,900+条评价
12,71992827221,微软（Microsoft） HoloLens 2 全息AI智能MR头盔AR眼镜 全息眼镜 混合现实商用版【拍前联系客服】,27388.00,微软商用自营官方旗舰店,100+条评价
13,56882541198,R7轻薄手提笔记本电脑超级本游戏办公设计本 六核R5-4600U 8G 512G丨15.6 100%高色域IPS屏 背光键盘 皎洁银 精装升级,4199.00,联想佳运汇通专卖店,2700+条评价
14,57498239007,快速者K83超级笔记本电脑 8代英特尔3867U+独显2G+ 8G内存+256G固态硬盘+1000G机械硬盘,3088.00,快速者电脑旗舰店,700+条评价
15,61044127349,苹果（Apple）2020新款MacBook Air 13.3英寸超轻薄学生办公手提笔记本电脑 国行 Macbook air 13.3英寸【金属银】 【2020款】i5/8G/256G【12期免息分期,9188.00,苹果百桔专卖店,3200+条评价
16,60572667695,联想小新Air14英寸超轻薄笔记本电脑超极本办公游戏设计本2021款新一代酷睿i5可选 i5-1135G7 8G 512G MX450定制,5499.00,联想西南授权专卖店,6400+条评价
17,61930835992,快速者K83超级笔记本电脑 8代英特尔3867U+独显2G+ 16G内存+256G固态硬盘+1000G机械硬盘,3388.00,快速者电脑旗舰店,700+条评价
18,10021470569152,戴尔（DELL）笔记本电脑 成就5490/5590/5501 十代酷睿窄边框商务办公学生游戏轻薄本 15.6英寸|i5-10210U|MX250-2G 16G内存/512G高速固态+1T,4969.00,戴尔京灵笔记本专卖店,200+条评价
19,100004965861,华硕笔记本电脑英特尔酷睿i5/i7商务办公学生轻薄本独立显卡游戏本顽石Y4200/Y5200 15.6英寸星空灰 i5-1035G1/2G独显 配置三 8G/1TB机械/256G固态,4799.00,华硕奇达专卖店,1700+条评价
20,10022432075434,华为荣耀笔记本电脑MagicBook 15  15.6英寸超轻薄学习商务办公笔记本 20款银｜R5-4500U/16G/512G固态,4999.00,新通路数码专营店,3100+条评价
21,11825744842,联想(lenovo)拯救者R7000P 2020锐龙版 八核锐龙R7 144Hz电竞屏游戏笔记本电脑 定制丨8核R7-4800H 16G 1TB固态 RTX2060 6G独显 15.6英寸高色域屏 黑,9499.00,联想电脑授权专卖店,1.2万+条评价
22,12777046907,惠普（HP）星14青春版超薄微窄边框轻薄笔记本商务学生AMD锐龙R7八核电脑 星空银：R5 3500U 高清屏 【大内存】16G+512G PCI-E固态,4299.00,惠普蓝星专卖店,9300+条评价
23,68500208503,联想(Lenovo)扬天V330-A4系列 14英寸 流畅办公家用影音笔记本电脑 升级：A4-9125 8G内存 256G固态  2G独显 Win10H,2899.00,国美官方旗舰店,200+条评价
24,11021578298,三星平板电脑Tab S6 10.5英寸商务办公游戏WiFi版 ( 骁龙855/6G+128G/Spen/全面屏/AKG音效)星空灰T860,5299.00,三星平板京东自营旗舰店,3200+条评价
25,35770766717,苹果（Apple） MacBook 12英寸苹果笔记本电脑 深空灰 酷睿M3  8G 256G 官方标配,6388.00,Apple爱豆专卖店,300+条评价
26,69214593081,【十代新品】联想V15 15.6英寸酷睿i5笔记本电脑 高性能轻薄学生设计游戏娱乐商务办公手提本 定制i5-1035G1 8G 1T+512G固态 2G独显 MX330 星空灰,4696.00,联想北达兴科专卖店,5400+条评价
27,29771418935,APPLE苹果 MacBook Air13.3英寸轻薄笔记本电脑2017款 标配+原装鼠标【送防水手提包+键盘膜+水晶保护壳】 i5+8GB内存+128GB闪存【D32】,5728.00,圳豪数码专营店,5700+条评价
28,68211333548,联想ThinkPad E15 2020款 15.6英寸高端轻薄商务办公游戏手提ibm笔记本电脑i7- 10710U 16G 512G固态@定制6DCD,6749.00,ThinkPad山东授权专卖店,1700+条评价
29,63639370655,联想YOGA S740 十代新品14英寸人脸识别高色域全面屏设计师远程办公超薄本超轻薄手提笔记本电脑 深空灰｜高色域全面屏 i7-1065G7｜8G｜512G/MX250独显,6299.00,联想众信授权专卖店,1000+条评价
30,11346901737,英酷达（INCUDA）酷睿I5迷你主机台式机微型电脑四核mini小主机商用办公娱乐家用htpc云终端 套餐六/酷睿i5/8G内存/240G固态硬盘,1168.00,英酷达电脑官方旗舰店,2600+条评价
31,100007505807,神舟战神K670T/K670E/ZX6吃鸡游戏本MX350/GTX1650独显15.6英寸笔记本电脑 K670T-G6A2:i5 8G 512G,4199.00,神舟屹创专卖店,1500+条评价
32,63137742189,宏碁（acer）宏基蜂鸟 13.3英寸超薄笔记本电脑 学生商务办公高清指纹识别轻薄本上网本SF113 时尚银/N3350/4G/512G SSD固态 指纹识别/蓝光护盾/定制,2999.00,宏碁天赐专卖店,5200+条评价
33,48510252019,华为笔记本MateBook D 14 15 全面屏轻薄本超极本学生商务办公游戏设计便捷手提笔记本电脑 14银｜十代i5 16G内存 512G固态 独显,5599.00,华为康特专卖店,6300+条评价
34,47831781265,华为荣耀笔记本MagicBook 14 2020大学生超轻薄便携游戏商务办公超级本手提电脑 14标配版R5 16G 512G固态+原装包鼠,4699.00,荣耀方和专卖店,4700+条评价
35,57994676412,联想ThinkPad E495 笔记本电脑窄边框14英寸轻薄商务办公锐龙 标配：R5 4G+1T@03CD,3399.00,ThinkPad东南授权专卖店,3300+条评价
36,69418652448,外星人ALIENWARE AREA-51m 2020版 十代英特尔酷睿i7 高端电竞游戏本 台式机强悍性能 17.3英寸144Hz高刷新RTX2070 SUPER高配笔记本电脑2746黑色+感应音响,25989.00,外星人京东自营旗舰店,500+条评价
37,65612287894,戴尔（DELL）成就5880酷睿十代i5台式机电脑吃鸡游戏设计家用办公全套整机 定制i5-10400 主机+21.5英寸显示器 8G 1T+256G GT730-2G独显,4699.00,戴尔华行台式机专卖店,1700+条评价
38,27996543887,戴尔（DELL)2020款G5 5500 15.6英寸学生固态办公设计电竞屏游戏笔记本电脑 i7-10750H 6G独显 64G/1T/RTX2060 240HZ定制,10599.00,戴尔卓越专卖店,1400+条评价
39,69861061784,联想(Lenovo)V340 2020款 14英寸轻薄笔记本电脑全新十代酷睿i5/i7 i5-10210U 16G 1T+512G固态升级 相思灰,5099.00,联想扬天授权旗舰店,2400+条评价
40,69084604330,联想（ThinkCentre）M720t 高端商用家用办公娱乐台式电脑机箱Win10支持win7 单主机（带键鼠）不含显示器 标配：i7-9700/8G/1T/刻录/2G独显,5899.00,华杰通力办公专营店,40+条评价
41,64030466121,戴尔（DELL）OptiPlex7070MT升级款7080MT 商用绘图设计主机3D渲染建模游戏电脑 i7-10700 64G 4T+1T固态 定制 P2000-5G独显 专业建模渲染 可接4屏,12188.00,戴尔商用恒实专卖店,0条评价
42,100013209574,惠普(HP)星14青春版 小欧14S笔记本手提电脑女生学生商务办公超薄微窄边框轻薄 R3-3250U 14英寸FHD 定制 8G内存 | 512G固态,3499.00,惠普鑫强利达专卖店,3400+条评价
43,66946621567,宏碁（acer） 宏基墨舞 十代i5新品商务办公游戏娱乐轻薄便携笔记本手提电脑2G独显 EX215十代i5-10210U全高清15.6英寸 套餐二 8G内存 256G固态硬盘 旗舰版,3568.00,宏碁宏广世纪专卖店,900+条评价
44,56699188557,苹果Apple MacBook Air 2020新款13.3英寸苹果笔记本电脑超薄轻薄本 银色 【20年款】10代i3/8G/256G,7599.00,Apple爱豆专卖店,1100+条评价
45,47022735770,世纪之星 英特尔酷睿i3-9100F升酷睿i5/GTX1650独显吃鸡多开LOL游戏组装电脑台式整机 单主机 配置三：酷睿i5/1050Ti 4G/16G,2299.00,世纪之星电脑整机旗舰店,200+条评价
46,72403204844,联想擎天T510A-15 可装Win7或10 家用学生游戏LOL办公美工作图PS CAD 台式机电脑 定制主机+23.8英寸 六核I5-8400 16G内存 1T机械+256G固态 2G独显,5198.00,联想网和生台式机专卖店,10+条评价
47,66735938435,外星人ALIENWARE 全新m17 2020版R3 十代英特尔酷睿i7 高端电竞游戏本 17.3英寸300Hz高刷新RTX2070 SUPER 独显 轻薄高配笔记本电脑5758 白色 现货,26989.00,外星人京东自营旗舰店,3000+条评价
48,10020742136506,华为MateBook D 14/15 超薄笔记本电脑办公学生游戏商务本手提电脑 D14｜银i7-10510U/16G/512G独显  带Win10系统/office办公软件,6999.00,华为肆玖专卖店,7600+条评价
49,40405365829,戴尔（DELL) OptiPlex7070MT i7九代八核商用绘图设计台式机电脑 7060MT升级 配23.8英寸P2419H微边框旋转升降屏 I7/16G/1T+256G/P1000-4G独显,8599.00,戴尔商用祥云专卖店,300+条评价
50,10022889762037,惠普（HP）星14 青春版 超薄14英寸窄边框 轻薄手提笔记本电脑商务游戏学生【新品】 星空银：R5-3500U【高清屏】 配置四   8G/PCI-E512G固态,4199.00,惠普赞晓专卖店,900+条评价
51,16815356916,联想台式机电脑ThinkStation K英特尔十代 商用办公绘图设计 i5-10500 3.1G 6核 8G 1T+256G 集显,4399.00,联想云海汇通专卖店,10+条评价
52,10022620595202,Apple 2020新款MacBook Air 13.3英寸 17款超薄笔记本电脑 金色 20款 256G 官方标配,6888.00,集合数码专营店,400+条评价
53,65612287888,惠普（hp) Z2 mini G4 图形工作站 服务器主机 商务办公编程渲染设计台式机电脑 E2276G 32G 512G+2TB P1000 4G图形显卡 全国联保,12999.00,惠普商域专卖店,400+条评价
