﻿,goods_id,goods_name,goods_price,goods_store,goods_commit
0,4820177,联想（Lenovo）IdeaPad14s 增强版2020酷睿i3轻薄本商务办公学生手提超薄笔记本电脑 新锐性能十代酷睿I3-1005G1 20G内存 512G+1T硬盘丨定制含包鼠套装,4489.00,联想华北授权专卖店,1.1万+条评价
1,100015221034,硕扬 intel八核十六线程/GTX1060独显/32G台式电脑主机DIY组装机吃鸡LOL游戏办公 电脑主机 套餐三（i9级八核十六线程+1050Ti D5独显,1588.00,硕扬DIY电脑旗舰店,8800+条评价
2,100011316022,攀升 P38 升i5 10400F六核/RTX2060 6G/B460M/500G nvme/高频8G游戏台式DIY组装电脑主机京东游戏UPC,5299.00,IPASON攀升电脑京东自营旗舰店,1.2万+条评价
3,67228059260,联想(Lenovo)异能者电竞吃鸡游戏高配台式主机 （AMD八核R7-3700X 8G 512G SSD GTX1660Super),6099.00,联想京东自营旗舰店,1900+条评价
4,10021297286699,七喜(HEDY)IABOX 迷你商用办公台式电脑整机(新升级四核J4105 8G DDR4 256GSSD 商务键鼠 WIFI)21.5英寸套机,1699.00,七喜京东自营旗舰店,5200+条评价
5,54513988723,AOC台式机电脑主机【新i7八核+独显4G】网吧电竞吃鸡LOL游戏高配办公绘图设计全套整机 主机+27英寸曲面显示器 六核I5-9400F/8G/512G/独显4G,4159.00,AOC云信一体机专卖店,1000+条评价
6,100013404730,【新品10代酷睿处理器】四核学生游戏笔记本电脑 高性能游戏本 快速者Z18商务办公便捷轻薄本 十代酷睿i5四核八线程 16G内存+256G固态,3588.00,快速者电脑旗舰店,800+条评价
7,10022106902266,一体机电脑i3i5i7高配曲面办公家用四核新款台式一体式电脑主机全套一体化整机独显吃鸡游戏 A1套餐21.5英寸酷睿i5【商务办公】,1498.00,十度一体机专营店,3300+条评价
8,64975094504,联想小新AIR14 锐龙版 R5六核 2020 高色域手提学生轻薄本办公商务超薄笔记本电脑 游戏本 高色域丨旗舰R5-4600U 16G 512G固态,4999.00,联想华北授权专卖店,6.9万+条评价
9,56933152326,"京品电脑	
联想(Lenovo)GeekPro 2020英特尔十代酷睿i7设计师游戏台式电脑主机(i7-10700F 16G 1T+256G SSD GTX1650)",6299.00,联想京东自营旗舰店,4.1万+条评价
10,100012920594,2020新款 酷睿i7轻薄本 锐龙R5R7游戏本可选15.6英寸笔记本电脑 商务办公超薄本 昂福镭仕 办公/游戏:酷睿i5独 显 16G内存+512G,4288.00,昂福镭仕电脑专营店,2000+条评价
11,100011582090,华为笔记本电脑MateBook D 15 15.6英寸轻薄本全面屏锐龙手提超薄本超级本 银｜i5-10210U+16G+512G 独显 标配(预装Win 10),5599.00,华为千百回专卖店,2200+条评价
12,100010079900,联想V340 2020十代酷睿i7 14英寸手提超轻薄学生笔记本电脑游戏办公超极本 i7-10510U 16G内存 1T+512G固态 2G独显 全高清屏 背光键盘 星空灰 精装升级,6666.00,联想佳运汇通专卖店,8800+条评价
13,10023643890327,宏硕 酷睿i5四核/i5 9400F六核/台式机电脑主机家用游戏办公组装电脑整机全套 游戏独显电脑主机+24曲面显示器,2598.00,宏硕电脑旗舰店,6200+条评价
14,46675102813,戴尔(DELL)成就5880商用办公高性能台式机电脑整机(十代i7-10700 8G 256GSSD 1T 2G独显 三年上门)23.8英寸,6499.00,戴尔京东自营官方旗舰店,2.3万+条评价
15,30240014707,AOC AIO的卢938 23.8英寸高端一体机台式电脑(九代i5-9400 8G 256G+1T双硬盘 双频WiFi 支持升降壁挂 键鼠),4299.00,AOC电脑京东自营旗舰店,11万+条评价
16,49463437545,Apple 2019款 MacBook Pro 16九代八核i9 16G 1TB 深空灰 笔记本电脑 轻薄本 MVVK2CH/A,21499.00,Apple产品京东自营旗舰店,"去看二手
							10万+条评价"
17,100012929954,华硕（ASUS）M4050/M5600 新锐龙7nm八核处理器笔记本电脑 耀夜黑 15.6英寸R5-4500U/16G/512G固态,4199.00,华硕金新荣专卖店,1500+条评价
18,10022326033192,联想15s笔记本电脑 2020新款十代酷睿i3 15.6英寸大屏幕轻薄学生游戏商务办公本 升级：十代酷睿i3 20G 1T+512G固态 FHD高清屏 Win 10丨亮银色,4299.00,联想华南授权专卖店,6100+条评价
19,43309854896,亚当贝尔 十代酷睿i5/i7-10700F八核/GTX2060电竞办公游戏吃鸡组装台式电脑主机整机 主机+24英寸曲面电竞显示器  配置一：十代酷睿i5-10400/8G/256G,2999.00,亚当贝尔电脑旗舰店,2.8万+条评价
20,100011051310,联想(lenovo)M5900d丨E76A丨M2300商用办公台式电脑整机带串口并口支持win7系统 标配丨英特尔J3060 4G 1T大硬盘 W10 主机+19.5英寸显示器,2349.00,联想扬天华东授权专卖店,600+条评价
21,68820643929,联想ThinkPad S2 2020（0LCD）英特尔酷睿i5 13.3英寸轻薄笔记本电脑（i5-10210U 16G 512GSSD）黑,6499.00,ThinkPad京东自营旗舰店,1.7万+条评价
22,10021297286696,联想ThinkPad X1 Carbon 2020(05CD)英特尔酷睿i5 14英寸轻薄笔记本电脑 十代i5 16G 512G固态 WiFi6,9999.00,ThinkPad广东授权专卖店,20+条评价
23,71955709246,联想ThinkPad E480 14英寸窄边框商务办公手提笔记本电脑超轻薄本 酷睿八代 【i5】8G 256G固态@3RCD定制,3868.00,ThinkPad华东授权专卖店,1.4万+条评价
24,61073945440,宏碁(Acer)墨舞EX214 14英寸轻薄高性能笔记本(十代酷睿i5 8G 512GSSD 2G独显 IPS 全金属 指纹识别 Wifi6)银,3759.00,宏碁商用京东自营旗舰店,2900+条评价
25,30240014708,逆世界 i5 9400F升10400/GTX TITAN6G吃鸡电竞游戏台式组装电脑主机DIY组装机 套餐二：i5 9400F+GTX1050T游戏独显,2699.00,逆世界电脑DIY旗舰店,200+条评价
26,100007539440,逆世界 四核八核/6G独显吃鸡游戏组装电脑主机DIY独显LOL台式机办公整机/DIY组装机 套餐三：四核+256G+R7 GPU高清核显,1079.00,逆世界电脑DIY旗舰店,1800+条评价
27,10022106902271,【新品10代酷睿处理器】四核学生游戏笔记本电脑 高性能游戏本 快速者Z18商务办公便捷轻薄本 十代酷睿i5四核八线程 8G内存+256G固态,3388.00,快速者电脑旗舰店,800+条评价
28,69970424762,"拍拍	
【二手95新】Apple新款苹果笔记本电脑超轻薄macbook Pro/Air家用设计2手超极游戏本 超值推荐9新厚款MD313/i5升8G/256G",2069.00,优创二手电脑专营店,2.1万+条评价
29,27675465562,戴尔（DELL）灵越5000 5493 14英寸酷睿十代窄边框轻薄学生办公游戏笔记本电脑 i3-1005G1 8G 512G高速固态 定制,3499.00,戴尔宇熙世纪专卖店,9400+条评价
30,26115791736,亚当贝尔 十代酷睿i5/i7-10700F八核/GTX2060电竞办公游戏吃鸡组装台式电脑主机整机 主机+27英寸曲面电竞显示器  配置一：十代酷睿i5-10400/8G/256G,3299.00,亚当贝尔电脑旗舰店,2.8万+条评价
31,100007061021,宏碁(Acer)商祺SQX4270 540N 商用办公台式电脑整机 网课电脑(酷睿i3 8G 1T wifi 三年上门)21.5英寸,2799.00,宏碁京东自营旗舰店,2.8万+条评价
32,100010137716,2020新款 酷睿i7轻薄本 锐龙R5R7游戏本可选15.6英寸笔记本电脑 商务办公超薄本 昂福镭仕 吃鸡/LOL: 锐龙R5 12G内存+256G固态,3688.00,昂福镭仕电脑专营店,2000+条评价
33,60972499012,新九代酷睿i5-9400F/六核游戏独显/游戏吃鸡台式机 得峰 PR AE电脑主机/电竞高配组装电脑 i5-9400F主机-鼠键套装 RX550-4G独显/8G内存/SSD128G,2979.00,得峰旗舰店,200+条评价
34,29187819520,联想(lenovo)小新Air15 2021锐龙款 15.6英寸全金属大屏办公全面屏超轻薄笔记本电脑 7系定制版丨8核R7-4800U 16G 1T固态 100%sRGB高色域 IPS全面屏 深空灰,6599.00,联想电脑授权专卖店,4万+条评价
35,40910164161,联想小新Pro14 2021款高性能超轻薄笔记本电脑人脸识别十一代酷睿i5-1135G7 16G 512G MX450 2.2K全面屏高色域,6549.00,联想有点授权专卖店,1.7万+条评价
36,59073641197,亚当贝尔 酷睿i5/i7/GTX1650 4G独显 办公游戏迷你家用组装吃鸡台式机电脑主机整机 主机+24英寸显示器整套全套 配置三（i7级六核+游戏独显+8G+256G）,1899.00,亚当贝尔电脑旗舰店,1.8万+条评价
37,26717499037,"京品电脑	
联想（Lenovo）威6 2020款 英特尔酷睿 i5 15.6英寸窄边框轻薄笔记本电脑(i5-1035G1 8G 512G 2G独显)相思灰",4299.00,联想扬天京东自营旗舰店,8.6万+条评价
38,10022562433963,华为平板MatePad Pro 10.8英寸麒麟990影音娱乐游戏办公学习全面屏平板电脑6GB+128GB WIFI（夜阑灰）,3299.00,华为京东自营官方旗舰店,"去看二手
							28万+条评价"
39,100015104294,Dell/戴尔成就3671 九代英特尔台式机商用办公家用学习财务网课3670电脑整机主机可改win7 主机+21.5英寸显示器 G5420 8G 256G固态硬盘 集显 定制,2779.00,戴尔华行台式机专卖店,2400+条评价
40,22146455490,联想擎天T510A 酷睿十代i5六核 个人家用娱乐商用办公设计师制图台式机电脑整机 i5-10400F 8G 1T 2G独显 三年上门 Win10 Office 搭23英寸,4399.00,联想昂德台式机授权专卖店,700+条评价
41,100016255270,鑫锐 i7 10700/R7/GTX1080升RTX2070游戏吃鸡台式办公电脑主机/DIY组装机 配置三：升级版R7-GTX1080 8G,4699.00,鑫锐电脑旗舰店,1300+条评价
42,100012679190,"京品电脑	
戴尔（DELL）旗舰店灵越5593/5493 15.6英寸/14英寸网课办公酷睿固态轻薄笔记本电脑 2629|i5 16G 512G固态 2G独显",4499.00,戴尔官方旗舰店,2.5万+条评价
43,67085879185,航向者 intel八核十六线程/GTX泰坦6G/16G台式组装电脑主机DIY组装机吃鸡LOL游戏办公 主机  套二(i9级六核+8G内存+4G游戏独显),999.00,航向者组装电脑旗舰店,3600+条评价
44,10022106902269,武极 i5 10400F/GT710/240G固态硬盘 办公家用游戏台式电脑主机DIY组装机,2388.00,武极电脑DIY旗舰店,1300+条评价
45,100012950122,戴尔（DELL）成就5880 高性能商用办公台式机电脑 十代英特尔酷睿i5 单主机（无显示器） i5 8G 1T+256G 2G独显 定制,4179.00,戴尔新通路专卖店,100+条评价
46,72492963945,宏碁(Acer)商祺SQX4270 666C商用办公台式电脑整机 家用电脑（十代i5-10400 8G 512GSSD GT730 2G）21.5英寸,4499.00,宏碁京东自营旗舰店,2.8万+条评价
47,53297716275,京天 复仇者 i7 10700K/i9 10900K/RTX3080游戏台式电脑主机DIY组装机整机,13999.00,京天DIY电脑旗舰店,600+条评价
48,10021752797546,AOC AIO美人鱼2250 21.5英寸超薄办公一体机台式电脑（赛扬J4105 8G 256G 双频WiFi 3年上门 送正版win10）,2199.00,AOC电脑京东自营旗舰店,11万+条评价
49,100013315044,联想(Lenovo)刃7000P 3代锐龙7nm 设计师游戏电脑主机（RYZEN 5_3600 16G 512G SSD GTX1660super 6G ),5299.00,联想京东自营旗舰店,1.7万+条评价
50,14541812608,"拍拍	
【二手99新】英特尔 i9级八核十六线程6G独显办公直播家用台式组装电脑主机吃鸡二手电脑台式整机全套 主机 配置一 Intel I5级处理器固态硬盘办公电脑",598.00,鸿天二手电脑专营店,6900+条评价
51,58756438423,2020新款 酷睿i7轻薄本 锐龙R5R7游戏本可选15.6英寸笔记本电脑 商务办公超薄本 昂福镭仕 LOL:Ryezn R5 12G内存+256G固态,3778.00,昂福镭仕电脑专营店,2000+条评价
52,100006001085,联想(Lenovo)天逸510S 英特尔酷睿i5 个人商务台式机电脑主机(i5-9400 16G 1T+256G SSD WiFi Win10)23英寸,4799.00,联想京东自营旗舰店,22万+条评价
