﻿,goods_id,goods_name,goods_price,goods_store,goods_commit
0,65377281153,【白条6期免息】机械师T58-V 全面屏游戏本10代i5/GTX1650Ti 4G独显游戏笔记本电脑 竞速版8G/512G PCIE高速固态,5989.00,MACHENIKE机械师旗舰店,2万+条评价
1,27689962577,神舟战神Z7M/Z8系列酷睿标压处理器GTX1650Ti RTX2060 独显电竞游戏笔记本手提电脑 【店长推荐】 十代i5/16/512/1650Ti 官方标配/定制,5499.00,神舟天美专卖店,2.1万+条评价
2,37476299354,联想拯救者Y9000X 2020款15.6英寸酷睿i5/i7标压轻薄游戏笔记本电脑学生编程办公设计本 i5-9300H 16G 512G 标配 双雷电,5999.00,联想西南授权专卖店,1700+条评价
3,61833631821,苹果Apple  2019新款MacBook Pro16英寸 /15.4英寸笔记本电脑 新款 16英寸 512G 银色,16988.00,APPLE翔合专卖店,2700+条评价
4,100000561810,京天 Duel D55 AMD R5 2600/GTX1650 D6/240G SSD/8G DDR4内存/台式组装电脑/游戏主机UPC,2699.00,京天（KOTIN）电脑京东自营旗舰店,1400+条评价
5,20764151793,苹果（Apple）新款 iPad Air 10.9英寸平板电脑Air4 WIFI版 可选教育优惠版 20款 10.9英寸 天蓝色 64G (官 方 标 配）,4809.00,APPLE翔合专卖店,4.6万+条评价
6,35303684700,机械革命S2/S2 air锐龙新品14英寸i5/i7轻薄本学生游戏商务办公手提便携笔记本电脑 S2/十代i5-10210U/MX350-2G独显 店长推荐：8G内存/512G 固态硬盘,4199.00,机械革命授权专卖店,4900+条评价
7,63081102557,华为笔记本电脑MateBook D 14 15 全面屏超轻薄商务办公手提学生本 D14银｜i5-10210U 16G+512 独显,5499.00,华为新通路专卖店,1万+条评价
8,70786371043,华为笔记本MateBook 14 2020款 轻薄本2K触控全面屏商务办公学生超薄笔记本电脑 灰色|R5-4600H 16G 512G 触控屏,5988.00,华为康特专卖店,3100+条评价
9,1288824116,逆世界 AMD八核/TITAN 6G吃鸡独显/16G内存游戏台式LOL电竞电脑主机/DIY组装机,2799.00,逆世界电脑DIY旗舰店,2.9万+条评价
10,10021777641008,速佳宜：i9 10900KF/华硕Z490/RTX308010G电竞游戏直播台式电脑主机DIY组装机,14899.00,速佳宜组装电脑旗舰店,40+条评价
11,10020581892375,华硕Redolbook14轻薄本7nm新锐龙六核高性能笔记本14英寸商务学习办公便携电脑 14英寸丨银丨Redolbook丨R5-4500U 16G内存丨 512GB固态硬盘,4199.00,华硕智凝专卖店,300+条评价
12,20892538755,【9代主机】DELL戴尔3070MFF 微型台式电脑迷你小主机 小型台式机商用办公游戏MINI客厅 单主机  i3-9100T/8G/256G固态/定制版,2780.00,戴尔商用千臣专卖店,4500+条评价
13,10020743479159,小米RedmiBook14 二代锐龙版高性能全金属超轻薄全面屏学生上网游戏商务办公手提笔记本电脑红米 R5-4500U 16G内存 512G固态,3798.00,小米瑞通专卖店,30+条评价
14,100013263242,联想ThinkPad X13(05CD)酷睿版 英特尔酷睿i7 13.3英寸高性能轻薄笔记本电脑(i7-10510U 8G 512G 100%sRGB),7999.00,ThinkPad京东自营旗舰店,3.5万+条评价
15,100016105444,联想威6 2021款十一代酷睿i5/i7 15.6英寸超薄本设计商务办公全面屏学生轻薄手提笔记本电脑 标配 i7-1165G7/16G/512G固态 MX450 2G独显 100%sRGB  皎洁银,7599.00,联想扬天京东自营授权旗舰店,1500+条评价
16,100008197755,联想(Lenovo)异能者Ba 高配电竞水冷游戏台式电脑主机（R5-3600/B550M/16G/256G/RTX2060S)黑,6599.00,联想京东自营旗舰店,1900+条评价
17,36528671369,攀升 商睿P23Pro 23.8英寸一体机电脑（AMD锐龙7nm 6核R5-4650G 16G 512GSSD 旋转升降）办公游戏台式主机,3999.00,攀升京东自营官方旗舰店,2万+条评价
18,27972323090,AOC六核一体机电脑9代I5/酷睿I3I7高配游戏家用办公台式一体式整机 23.8英寸 i3-9100四核 8G 256G,3299.00,AOC云信一体机专卖店,2.8万+条评价
19,65231329398,戴尔(DELL) 成就3881 【2020年十代新品】商用办公台式机电脑游戏迷你主机设计制图 【单主机】 i3-10100 8G 1T+128GSSD 定制,2849.00,戴尔百诚台式机专卖店,4300+条评价
20,100015846292,新品华为笔记本MateBook D 14/15 轻薄本商务办公本笔记本电脑学生 D14 i5-10210U 16G 512G独显银,5588.00,华为兰焜专卖店,2200+条评价
21,100007278667,七喜(HEDY) 超能者曜7 商用办公台式电脑主机(九代i3-9100F 8G 512GSSD 2G独显 商务键鼠 3年上门）,2099.00,七喜京东自营旗舰店,100+条评价
22,46278793171,联想ThinkPad T14 酷睿版 英特尔酷睿i7 2020款(4JCD) 14英寸轻薄笔记本电脑(i7-10510U 8G 512GSSD 2G独显 广视角屏),10499.00,ThinkPad京东自营旗舰店,5400+条评价
23,100016300394,"惠普（HP）旗舰店 星14系列青春版 14英寸学生窄边框超轻薄新锐龙笔记本电脑 全新R3-3250U IPS微边框 14.0"" 标准版：8G 256G PCIE固态",3499.00,惠普授权旗舰店,7300+条评价
24,28694162119,宏碁(Acer)蜂鸟Fun 2020新款 15.6英寸轻薄本 学生办公wifi6笔记本电脑(十代酷睿i5 8G 512G MX350独显)黑,3999.00,宏碁京东自营旗舰店,2.2万+条评价
25,100007800753,华为笔记本MateBook13 2020款超轻薄13英寸商务办公性能手提本电脑2K全面屏 银丨I5-10210U 16G 512G触屏【现货,6288.00,华为德信专卖店,1.1万+条评价
26,100007062961,华为荣耀笔记本电脑MagicBook Pro 16.1英寸轻薄本手提超极本学生商务办公超薄本 银丨i5-8265U/8G/512G独显 Win版,4999.00,千百回电脑专营店,1.7万+条评价
27,10022228675996,联想ThinkPad T14 2020款 14英寸 7纳米 高性能 超轻薄 全面屏 笔记本电脑(R5 PRO-4650U 8G 512G FHD 指纹),5499.00,ThinkPad京东自营旗舰店,5200+条评价
28,10022228675996,七喜(HEDY) 超能者曜7 商用办公台式电脑主机(AMD锐龙R3-3200G四核 8G 480GSSD Vega核显 三年上门）,1999.00,七喜京东自营旗舰店,100+条评价
29,10021720149538,戴尔（DELL）旗舰店 灵越7300 13.3英寸全新酷睿11代超轻薄合金固态办公笔记本电脑 7300-1625银11代i5 16G MX350,6899.00,戴尔官方旗舰店,1200+条评价条评价
30,10021483837496,戴尔（DELL）旗舰店 灵越7300 13.3英寸全新酷睿11代超轻薄合金固态办公笔记本电脑 7300-1625银11代i5 16G MX350,6899.00,戴尔官方旗舰店,1200+条评价
31,32114127145,APPLE苹果ipad2019/2020新款10.2英寸8代平板电脑air2更新版7代 2020款金色 128G WLAN版【标配】,3109.00,科族数码专营店,27万+条评价
32,70360930798,宏碁（Acer）旗舰店 传奇蜂鸟FUN 15.6英寸轻薄商务办公学生网课游戏手提锐龙笔记本电脑 传奇银【全新六核7nm】 15.6丨六核 R5-4500U/16G/512G,4188.00,Acer宏碁旗舰店,400+条评价
33,100005744148,联想(Lenovo)扬天T4900v 英特尔酷睿i7六核 高端性能设计商务家用办公台式电脑整机带光驱 27英寸IPS全高清窄边框 2G独显 定制 i7-8700/16G/1T+256G固态,8299.00,联想扬天京东自营授权旗舰店,200+条评价
34,49828745595,神舟战神Z7M/G8系列酷睿标压处理器RTX2060/GTX1650独显全面屏游戏本笔记本电脑 Z7-CU5升级版/十代i5/16G/512G,5588.00,神舟游戏本专卖店,5.7万+条评价
35,70786371042,【现货】华为笔记本MateBook14 2020款2K触控屏14英寸超轻薄本超极本全面屏商务办公电脑 灰丨十代 i5 16G+512G MX350 触屏,6699.00,华为桑核专卖店,1400+条评价
36,10021931327211,联想(Lenovo)威6Pro英特尔酷睿i5处理器13.3英寸轻薄窄边框笔记本电脑(i5处理器8G内存256GSSD集显高色域)太空灰,4499.00,联想扬天京东自营旗舰店,4.5万+条评价
37,32537818099,戴尔（DELL）Latitude 智锐3510 15.6英寸笔记本电脑 轻薄商务办公学生家用手提电脑 定制丨 5205U丨8G丨1T+256G固态,3099.00,戴尔商用顺兴专卖店,2100+条评价
38,19209488149,华为笔记本MateBook 14 2020款 轻薄本2K触控全面屏商务办公学生超薄笔记本电脑 银色|R5-4600H 16G 512G 非触屏,5988.00,华为康特专卖店,3100+条评价
39,100007205053,世纪之星 新十代酷睿i7 10700/RTX2060/16G 吃鸡游戏台式电脑主机整机/DIY组装 主机 10700+RTX2060 6G+16GD4,5999.00,世纪之星电脑整机旗舰店,30+条评价
40,28795845760,联想小新15 2021款15.6英寸十一代酷睿i5/i7全面屏轻薄笔记本电脑高性能设计游戏本 i7-1165G7 16G 512G丨MX450 IPS高色域全面屏 浩瀚银,7099.00,联想有点授权专卖店,3万+条评价
41,10023301609300,宁美 i5 9500/10400/8G/256G台式办公电脑企业设计师整机家用主机/DIY组装机 标准版 i5 9500/8G/256G 高效办公,2399.00,宁美官方旗舰店,5800+条评价
42,10516760207,"京品电脑	
机械革命（MECHREVO）蛟龙 AMD 15.6英寸轻薄电竞游戏笔记本电脑(锐龙7nm 8核 R7-4800H 16G 512G RTX2060)",7199.00,机械革命京东自营官方旗舰店,2.1万+条评价
43,100016160488,联想（Lenovo）小新Air14 2020款 14英寸 笔记本电脑轻薄十代酷睿高性能MX350独显 标配 i5-1035G1/16G/512G高色域 MX350-2G独显,5199.00,联想亿维授权专卖店,1600+条评价
44,100009280681,联想ThinkPad X13 酷睿版 十代英特尔酷睿i5 13.3英寸商务办公轻薄笔记本电脑 十代i5 8G 512G 5SCD 4G版,6499.00,ThinkPad京东官方自营旗舰店,700+条评价
45,46594025666,联想(Lenovo)扬天M6610D 九代英特尔酷睿i5六核商用办公台式电脑整机 21.5英寸全高清屏 定制 i5-9400 16G 1T+256G双硬盘,5299.00,联想扬天京东自营授权旗舰店,1500+条评价
46,100007958259,攀升战境 十代I7 10700F/RX590-8G/华硕B460吃鸡游戏台式电脑主机/DIY组装机,5399.00,攀升DIY电脑旗舰店,1.3万+条评价
47,11825744830,雷神(ThundeRobot)雷神Master Pro A4 Mini机箱水冷游戏设计主机 ( i7-10700 32G RTX3070 1TSSD 三年上门),11899.00,雷神京东自营官方旗舰店,2.1万+条评价
48,70156030115,联想ThinkPad S2 2021 英特尔酷睿i5 13.3英寸轻薄笔记本电脑(i5-1135G7 16G 512GSSD 100%sRGB 触控屏)黑,6299.00,ThinkPad京东自营旗舰店,20+条评价
49,100015019904,联想拯救者Y7000 2020十代酷睿游戏本15.6英寸全面屏家用学生轻薄手提笔记本电脑 i5-10200H 16G 512G固态丨标配 GTX1650 4G独显 win10,7199.00,联想众信授权专卖店,4700+条评价
50,10022778940928,ROG玩家国度光刃G35CZ水冷电竞游戏台式电脑主机( 英特尔酷睿i9-10900KF 32G 1T SSD+2T RTX2080S 8G独显),19969.00,玩家国度ROG京东自营官方旗舰店,3600+条评价
51,43618282636,戴尔（DELL）灵越5502/成就5501 15.6英寸高清轻薄全面屏固态笔记本电脑 可选11代酷睿 灵越5502-1808银预订 i7 16+512G 官方标配,5499.00,戴尔官方旗舰店,700+条评价
52,10196431422,【十代新品】联想V15 15.6英寸酷睿i5笔记本电脑 高性能轻薄学生设计游戏娱乐商务办公手提本 定制i5-1035G1 8G内存 512G固态 2G独显 MX330 星空灰,4396.00,联想北达兴科专卖店,5400+条评价
53,55286544726,【2020新品】小米笔记本RedmiBook 14 二代锐龙版全面屏学生商务办公游戏轻薄全金属本电脑 【20年升级】R5-4500U 16G+512G,3999.00,小米阳光专卖店,4800+条评价
