﻿,goods_id,goods_name,goods_price,goods_store,goods_commit
0,65529198797,2020新款华为笔记本MateBook 13轻薄本超极本2K触控全面屏商务办公学生手提超薄笔记本电脑 银|锐龙R5-4600H 16G+512G非触屏,5099.00,华为康特专卖店,6700+条评价
1,59079277614,横远i5 10400/GTX1660S 6G/32G内存高配水冷台式吃鸡直播游戏组装电脑主机全套网吧 配置五,4799.00,横远DIY电脑旗舰店,3300+条评价
2,69612575924,14英寸增强版红米笔记本电脑第十代酷睿i7全金属超轻薄商务办公游戏手提本学生 【标配】i7-10510U 8G内存 512G固态 MX250 2G独显 荣耀银 预装正版offi,4699.00,小米官方授权专卖店,2600+条评价
3,66748716003,Apple 苹果2020年新款iPad Pro 11英寸二合一轻薄办公学习平板电脑 灰色 -【 官  方  标   配 】 128G WLAN版,5868.00,圳豪数码专营店,1300+条评价
4,66312371653,【多仓发货】现代14.0英寸出差便携笔记本电脑 全面屏超薄金属本商务办公本学习本 手提电脑 【力荐K2】 8G+128G固态+M.2硬盘位,1799.00,现代电脑邦驰专卖店,800+条评价
5,62767003111,联想V340 2020新款十代酷睿轻薄便携商务办公超极本学生制图C游戏独显笔记本电脑 标配【十代i3-1005G1/8G/256G固态】 14英寸 2G独显 IPS全高清屏 冰川灰,3599.00,联想扬天航电授权专卖店,3100+条评价
6,65859691914,华为笔记本MateBook X Pro 2020款13.9英寸十代酷睿全面屏轻薄本商务办公手提电脑 皓月银|十代i7 16G+512G独显 2020款,9999.00,华为康特专卖店,900+条评价
7,60991823537,华为平板MatePad Pro10.8英寸麒麟990影音娱乐办公全面屏可选通话版全网通平板电脑 6G+128G WIFI（夜阑灰） 智慧多屏协同 网课学习 正反向无线充电,3299.00,星路者数码官方旗舰店,1.2万+条评价
8,71736611498,亮子装机 游戏主机 i7 9700K高端定制水冷个性台式机 高配办公吃鸡直播组装电脑全套DIY配置单 定制套餐五：i7 9700K/RTX2070,9069.00,速腾恒信组装电脑专营店,3200+条评价
9,100006260077,联想（Lenovo）V340 2020十代酷睿 15.6英寸大屏独显轻薄手提商务办公游戏笔记本电脑 i3-1005G1 8G内存 256G固态|标配 2G独显 IPS全高清屏 星空灰 尊享升级,3399.00,联想佳运汇通专卖店,8000+条评价
10,45229081653,微软Surface Pro X 典雅黑 二合一平板电脑 超轻薄笔记本 | 13英寸2.8K全面屏 SQ1 8G+128G LTE版 商务办公,7988.00,微软京东自营官方旗舰店,"去看二手
							2800+条评价"
11,10020561205702,2020款华为（HUAWEI）MateBook 14 全面屏轻薄商务办公固态笔记本手提电脑  八核心R7-4800H 16G 512触摸屏银,6588.00,华为兰焜专卖店,1400+条评价
12,10022909144969,联想威6 2020款 英特尔十代酷睿i5 15.6英寸轻薄笔记本电脑学生商用办公游戏本 2G独显 i7-10510U 16G 512G固态｜高端升级,5999.00,联想扬天授权旗舰店,1000+条评价
13,69051690630,华硕a豆 adolbook14 2020 增强版 14英寸高颜值女生款全面屏金属超轻薄华硕笔记本电脑 千禧粉 i5-10210U 16G 512G MX350,5099.00,adol鸿鑫专卖店,200+条评价
14,68462245047,惠普（HP）ENVY13 X360笔记本电脑13.3英寸变形本平板二合一触控屏翻转 【360翻转触控/高清屏/高色域】 陶瓷白R5-4500U/16G/512G固态/标配,6599.00,惠普蓝星专卖店,1500+条评价
15,28232167388,苹果（Apple）2020新款 MacBook Air 13.3英寸超轻薄学生办公手提笔记本电脑国行 【2020款】MacBook Air【商务灰】 【旗舰版】十代i5/8GB/256GB/视网膜屏,8088.00,苹果百桔专卖店,400+条评价
16,68690827156,雷神911MP伪装者2代 17.3英寸游戏笔记本电脑10代I7-10750H 8G 512GSSD 豪华版-GTX1660Ti 6G 144HZ屏,8499.00,雷神京东官方自营旗舰店,300+条评价
17,10022231071824,华为笔记本MateBook D 14 14英寸全面屏轻薄超极本商务办公手提电脑 银｜i5-10210U+16G+512G【现货】 【预装Win 10+自带Office软件】,5466.00,华为德信专卖店,1600+条评价
18,100013656562,联想（Lenovo）拯救者Y7000P2020新品酷睿十代游戏吃鸡r电竞屏高色域竞技版性能笔记本电脑 标配i7-10750H 16G 512G固态 GTX1650TI-4G 144HZ电竞屏,8359.00,联想汇汉授权专卖店,8200+条评价
19,17935749852,机械革命Z3蛟龙760 AMD锐龙R7标压7nm制程15.6英寸轻薄电竞游戏本学生设计师手提笔记本 R7-4800H/RTX2060/120Hz电竞屏 官方标配： 16G/512GPCIe固态,7399.00,机械革命授权专卖店,1200+条评价
20,70933679109,联想(Lenovo) 威6 2020十代酷睿 14英寸高性能超轻薄笔记本电脑手提商务办公独显游戏本 i5-1035G1 8G内存 512G固态丨标配 2G独显 全高清屏 银河灰 精装升级,4299.00,联想佳运汇通专卖店,4500+条评价
21,71000696461,【2020款指纹解锁+10代酷睿处理器】15.6英寸轻薄笔记本电脑 快速者Z18商务办公学生游戏本 16G内存+256G固态硬盘+1000G机械硬盘 10代酷睿10110U主频2.1G 睿频...,3688.00,快速者电脑旗舰店,200+条评价
22,67928953431,15.6英寸大屏办公设计高性能独显游戏学生超轻薄手提笔记本电脑 i5-10210U 8G内存 512G固态丨标配 MX330 2G独显 全高清屏 银色 定制增强版,4799.00,联想德信专卖店,1.1万+条评价
23,10020561205704,ROG冰刃4Plus 十代8核英特尔酷睿i7 17.3英寸液金导热300Hz电竞游戏笔记本电脑(i7-10875H 16G 1T RTX2070S),24979.00,玩家国度ROG京东自营官方旗舰店,1900+条评价
24,69250400402,华硕（ASUS）飞行堡垒8 Plus 17.3英寸竞技游戏笔记本电脑IPS电竞大屏十代酷睿i7 十代I7-10750H/GTX1650Ti独显 16G 512G固态 定制,7999.00,华硕汉腾专卖店,1200+条评价
25,10022896348577,【支持win7专业版/旗舰版】联想启天m2300台式机电脑商用办公税控台式电脑带串并口兼容税控打印机 标配：j3060 4g 500g 带无线网卡 主机+19.5英寸显示器+...,2399.00,联想汇通台式机授权专卖店,100+条评价
26,55160968165,【2020款指纹解锁】全新十代处理器笔记本电脑15.6英寸轻薄便携办公商务设计师手提电脑超级本 十代5205U 16G内存 256G固态,2999.00,海鲅官方旗舰店,1300+条评价
27,49881657197,华为笔记本MateBook D 14 15 全面屏轻薄本超极本学生商务办公游戏设计便捷手提笔记本电脑 14银｜R5-4500U 16G内存 512G固态,4799.00,华为康特专卖店,6300+条评价
28,1584156541,华硕a豆 adolbook14 2020 增强版 14英寸高颜值女生款全面屏金属超轻薄华硕笔记本电脑 千禧粉 i7-10510U 16G 512G MX350,5769.00,adol鸿鑫专卖店,200+条评价
29,67501639649,苹果Apple 2020新款 13.3 英寸【带触控栏】 MacBook Pro 笔记本电脑 轻薄本 深空灰色 20款 8代i5  8GB 256G固态 标配,9599.00,Apple爱豆专卖店,600+条评价
30,67956974941,惠普（HP）星14升级版 11代英特尔酷睿新品 14英寸轻超薄吃鸡笔记本电脑旗舰店官网 【月光银】i5-1135G7--11代英特尔酷睿 16G 512G PCIE MX450【吃鸡版】,5699.00,惠普授权旗舰店,100+条评价
31,39854777678,"京品电脑	
机械师F117-V 144Hz全面屏游戏本十代i7-10870H八核RTX2060独显吃鸡笔记本电脑 旗舰版i7/32G/1T PCIE固态+2TB",10589.00,MACHENIKE机械师旗舰店,1万+条评价
32,44466401994,惠普（HP） 光影精灵6 MAX/暗影精灵6 游戏轻薄笔记本电脑吃鸡电竞手提游戏本电脑 6/6 MAX/大尺寸电竞游戏本/背光键盘 十代i5/16/512G1650ti/72%16”,6999.00,惠普蓝星专卖店,2100+条评价
33,72045914560,武极新i3 9100F四核/GT710独显/8G DDR4内存/家用办公游戏台式电脑主机DIY组装机,1999.00,武极电脑DIY旗舰店,1000+条评价
34,100007495615,联想拯救者R7000 15.6英寸高端八核R7轻薄手提设计师制图游戏笔记本电脑 R7-4800H丨GTX1650 4G独显 16G 512G固态丨标配,7599.00,联想众信授权专卖店,4800+条评价
35,71858621268,外星人（ALIENWARE）全新m17 2020版R3十代酷睿17.3英寸吃鸡高清电竞游戏笔记本电脑 现货 5746白十代i7/16G/1T/2070 官方标配,20999.00,外星人官方旗舰店,800+条评价
36,10023112780246,联想拯救者Y7000 15.6英寸2020款十代i5/i7吃鸡游戏笔记本电脑1080P高色域设计师本 定制款|i5-10200H 16G 512G固态 GTX1650 4G独显,6899.00,联想育新授权专卖店,7200+条评价
37,44040693244,惠普（HP） ENVY13 13.3英寸 ag/ay薄锐 X360翻转本 超轻薄便携笔记本电脑 【新R5】 8G内存/512G固态/72色域,5599.00,惠普赞晓专卖店,600+条评价
38,14110407045,【2021款】联想（Lenovo）威6 11代英特尔酷睿i5 14英寸金属轻薄手提独显笔记本电脑 i5-1135G7 16G内存 512G固态 100%sRGB MX450独显 皎洁银 精装升级,5699.00,联想佳运汇通专卖店,700+条评价
39,50994130633,华为平板MatePad平板电脑二合一 10.8英寸安卓学生学习网课办公 M6升级版 6G+64GB WIFI版 银钻灰 官方标配,2499.00,千百回数码旗舰店,900+条评价
40,10022033468647,ROG冰刃双屏 十代8核英特尔酷睿i7 15.6英寸液金导热300Hz电竞游戏笔记本电脑(i7-10875H 32G 1T RTX2080SMQ),34979.00,玩家国度ROG京东自营官方旗舰店,100+条评价
41,65956432379,苹果（Apple）笔记本电脑2020款MacBook Pro 13.3英寸性能本，可定制 MacBook Pro 13.3英寸【商务灰】 【20款】十代2.0G 四核 /16GB/512G,13988.00,远行见电脑办公专营店,100+条评价
42,10021171121119,惠普（HP）光影精灵6plus 暗影暗夜精灵5游戏手提笔记本电脑15.6英寸光影暗影精灵6pro升级 i5-10200H 1650-4G 高清屏 8G内存 512G PCI-E标配纯固态高速款,6099.00,惠普华辉专卖店,1.6万+条评价
43,61838291870,宏碁（acer）宏基游戏本15.6英寸暗影骑士·擎高色域高性能学生吃鸡手提设计师笔记本电脑 十代i5 10300H 1650钛144HZ 8G 内存+512G固态 定制版,6998.00,宏碁蓝星专卖店,1万+条评价
44,10021387468973,联想15s 2020十代酷睿i5 15.6英寸大屏办公设计高性能独显游戏学生超轻薄手提笔记本电脑 i5-10210U 20G内存 512G固态 MX330 2G独显 全高清屏 银色 定制增强版,5199.00,联想德信专卖店,1.1万+条评价
45,10022173925415,APPLE苹果 19款/20款 iMac一体机27英寸台式电脑一体机 银色 20款-3.1Gi5/8G/256G固态-WT2,13188.00,圳豪数码专营店,500+条评价
46,65956432374,横远 i5 9400F/10400/1660S 6G高配水冷台式吃鸡直播游戏组装电脑主机全套网吧 配置四(10400+16G+GTX1060 3G),3999.00,横远DIY电脑旗舰店,700+条评价
47,10020601510098,华硕 新i5 9400F/10400F/GTX1650-4G 游戏台式吃鸡电脑主机DIY组装机 【旗舰战机】i5 9400F/GTX1650-4G,3499.00,华硕电脑配件专卖店,20+条评价
48,100007495601,戴尔（DELL）成就5590/5490燃5000十代窄边框商务办公学生游戏轻薄笔记本电脑 银色15.6英寸i5-10210U 独显MX250 16G内存 512G固态 设计推荐定制,5199.00,戴尔速达专卖店,3.6万+条评价
49,55905122428,戴尔（DELL）灵越5493/5593燃5000酷睿十代轻薄商务办公笔记本电脑学生手提电脑2G独显 15.6英寸 i5-1035G1 四核 银色 8G内存 512G SSD无机械硬盘 官方标配,4299.00,戴尔启予专卖店,900+条评价
50,10021240461858,Apple  MacBook Pro 16英寸/ 15.4英寸2019新款笔记本电脑 16英寸 512G 灰色,16988.00,集合数码专营店,200+条评价
51,10021990664315,戴尔（DELL）Latitude智锐3410/3510商用办公笔记本电脑便携手提学生轻薄本3400升 磨砂黑 15.6英寸 定制：赛扬5205U 8G 256G固态,2999.00,戴尔商用瑞华专卖店,500+条评价
52,10023304829653,新品华硕（ASUS）M4050 锐龙7nm 笔记本电脑  轻薄商务办公学生游戏本 耀夜黑 R7 4700U/16G/512G固态 标配,4699.00,华硕汉腾专卖店,80+条评价
