﻿,goods_id,goods_name,goods_price,goods_store,goods_commit
0,100014902492,神舟(HASEE)战神Z7T-CU7NA 英特尔酷睿i7-10750H GTX1650TI 4G 15.6英寸144Hz游戏笔记本(8G 512G SSD IPS),5899.00,神舟电脑京东自营旗舰店,5100+条评价
1,100014561024,微星(msi)强袭2 GE66 龙盾限量款 15.6英寸游戏笔记本电脑(十代i9-10980HK 16G 1TB SSD RTX2070Super 240Hz),17999.00,微星游戏本京东自营官方旗舰店,3100+条评价
2,69928542519,华为(HUAWEI)MateBook X Pro 2020款 13.9英寸超轻薄3K全面屏笔记本电脑 翡翠冷丨十代i7 16G+1TB 独显 2020款,12999.00,华为桑核专卖店,70+条评价
3,72395674823,2020新款超薄十核平板电脑12英寸m6安卓二合一学习ipad por全网5g游戏三星屏爱派mini 土豪金128g（免费试用+分期免息+鼠标蓝牙键盘） 12英寸全网通5g+wifi...,918.00,唯美电脑办公专营店,2800+条评价
4,10021916826282,"惠普（HP）战X锐龙版Pro 高性能轻薄笔记本电脑 超薄商务办公便携超极本家用手提电脑 15.6""锐龙7nm八核R7 Pro-4750U 16G 512G固态 PCIE 标配版",5988.00,惠普远科专卖店,800+条评价
5,71677428178,华硕(ASUS) 灵耀14 十代酷睿i7 14英寸轻薄笔记本电脑100%sRGB 松木青 i7-1065G7 16G 512G 人脸识别,6588.00,华硕恩荣专卖店,100+条评价
6,12513857965,惠普（HP）星14 青春版 笔记本电脑 小欧14s 14英寸轻薄便携 商务办公女学生手提电脑【新品】 香槟金【赛扬4000】 发烧版 8G内存/500G固态,3599.00,惠普赞晓专卖店,8100+条评价
7,56112143154,联想ThinkPad T490s（0SCD）14英寸轻薄商务办公手提笔记本电脑i5-8265u 8G内存 32G傲腾 512G固态 Win10,6999.00,ThinkPad北京授权专卖店,300+条评价
8,11942600992,戴尔（DELL）灵越5000 成就3501/3401笔记本电脑办公学生手提影音上网娱乐轻薄本 14.0英寸|十代i3-1005G1|集显 定制版 8G内存 256G高速固态硬盘,3099.00,戴尔华宏创天专卖店,700+条评价
9,65294058893,联想(Lenovo)笔记本电脑V340 2020新款15.6英寸十代酷睿商用办公学生本游戏独显轻薄本 定制丨i3-1005G1 16G内存 512G固态,3999.00,联想扬天航电授权专卖店,700+条评价
10,10022210370098,【酷睿i7+独显2G游戏本】15.6英寸IPS轻薄笔记本电脑金属商务办公大学生超薄高配超级本手提 酷睿i7-6500U 16G内存 256G固态盘+1000G机械盘,4399.00,爱尔游旗舰店,60+条评价
11,67320126095,联想小新15笔记本电脑 2020英特尔十代酷睿i5 15.6英寸高性能独显大学生游戏办公轻薄设计本 I5-1035G1 8G内存 256G固态 MX350 2G独显 升级版 IPS雾面屏 深空灰,5399.00,联想德信专卖店,1万+条评价
12,69788792937,华硕（ASUS）VivoBook15s 酷睿十代i7笔记本电脑学习商务办公窄边框轻薄本 银色 i7-1065G7 MX330 2G独显 套餐一：8G/512G高速固态,6199.00,华硕亿维专卖店,700+条评价
13,10023689057219,ROG 魔霸4 Plus 英特尔酷睿i7 17.3英寸 液金散热 240Hz刷新率3ms电竞屏游戏本 i7-10875H RTX 2070 16G 1TB SSD 240Hz,14969.00,玩家国度ROG官方旗舰店,1300+条评价
14,71495099268,宏碁（Acer）旗舰店 蜂鸟FUN Plus S50/S40轻薄学生网课游戏基手提笔记本电脑15.6 15”【银色】十一代i5-1135G7/核显 标准版:8G/512G PCIeSSD【六倍提速】,4199.00,Acer宏碁旗舰店,4200+条评价
15,69889871693,华为荣耀笔记本电脑MagicBook Pro笔记本 2020新款 16.1英寸高色域轻薄本商务超极本 银| SE R5-3550H 8G 512G 集显 标配含赠品大礼包,4299.00,思行汇数码专营店,1000+条评价
16,10022032335043,戴尔（DELL）G3 3500游戏本15.6英寸酷睿i5标压学生游戏笔记本电脑 i5-10200H/GTX1650/120Hz 8GB内存PCIe512GB纯固态硬盘定制,5188.00,戴尔奥莱专卖店,200+条评价
17,72486221269,联想(Lenovo)小新Air14英寸2020款超轻薄便携商务办公笔记本电脑  升级：R3-4300U/8G/512G 固态,4389.00,联想昌盛授权专卖店,300+条评价
18,70457533239,【现货速发】华硕笔记本电脑M5050/FL8800 15.6英寸轻薄本手提办公学习本游戏笔记本电脑 银色/速龙3050U/12G/512G固态,3799.00,华硕金新荣专卖店,4100+条评价
19,24711459956,炫龙新品DD3/DD2Plus/DD3Pro/高性能显卡/台式CPU/IPS屏游戏办公笔记本电脑 DD2Plus-G5420/8G/512/4G独显,3788.00,炫龙笔记本专卖店,6500+条评价
20,32157158755,戴尔（DELL） 金属超极本5390/5391 13.3轻薄便携商务办公学生游戏手提笔记本电脑 72%色域 星光银 i5-10210U/8G/512G/2G独显 定制,4699.00,戴尔宇熙世纪专卖店,1.4万+条评价
21,10020561205706,联想（Lenovo） 天逸510Pro 商用办公 游戏家用 台式机电脑主机整机 2020款酷睿十代 i5-10400 8G 1T硬盘 核显 标配  单主机（含键鼠）无显示器,3399.00,联想响得美授权专卖店,2500+条评价
22,20994616393,华硕a豆 adolbook14 2020 增强版 14英寸高颜值女生款全面屏金属超轻薄华硕笔记本电脑 幻彩白 i5-10210U 16G 512G MX350,5399.00,adol鸿鑫专卖店,200+条评价
23,53750966106,ThinkPad 联想 X280 12.5英寸轻薄便携商务办公手提笔记本电脑 1PCD@i5-8250u 8GB 256G固态 【官方标配】不带Office 原装单硬盘,6099.00,ThinkPad北京授权专卖店,5000+条评价
24,50697304629,联想小新15性能版 精选15.6英寸大屏十代酷睿四核设计师3D作图学生游戏超轻薄手提笔记本电脑 冰河银｜i7-1065G7/8G/512G固态 MX350高性能独显 带office,6199.00,联想众信授权专卖店,2800+条评价
25,65447777489,华橙 AMD三代锐龙R5 3600升R7 2700X/RTX2060 6G 吃鸡游戏台式组装电脑主机 套二R7 2700X/4G独显/16G,2898.00,华橙电脑旗舰店,300+条评价
26,67010802454,华为笔记本MateBook 13 14十代酷睿2020款超轻薄全面屏直播笔记本电脑 13丨银 十代i5 16G 512G 触屏   独显,6299.00,华为恒泰专卖店,70+条评价
27,10021387468971,惠普（HP） 旗舰店 幽灵 Spectre13/15触控超级本 翻转笔记本 商务电脑超轻薄 官方 i7-1065G7/16G/1T固态/黑金13.3,11899.00,惠普授权旗舰店,400+条评价
28,71610051479,戴尔（DELL）Latitude智锐3410/3510商用办公笔记本电脑便携手提学生轻薄本3400升 磨砂黑 15.6英寸 标配：赛扬5205U 4G 1T机械,2599.00,戴尔商用瑞华专卖店,500+条评价
29,68212862330,戴尔（DELL）新灵越游匣G5G3系列15.6英寸酷睿十代i5/i7手提学生电竞游戏笔记本电脑 G3版1650Ti独显4G 黑色i5-10200H 16G内存+512G固态定制,6079.00,戴尔康特专卖店,1800+条评价
30,10020888471890,华为平板MatePad Pro 10.8英寸麒麟990处理器安卓平板电脑二合一全面屏娱乐办公平板电脑 【夜阑灰】6G内存 128G储存 WiFi版 官方标配【咨询享豪礼】,3299.00,华为升昌专卖店,4400+条评价
31,69041352539,苹果（Apple） 2020款 MacBook Pro 13.3英寸超轻薄学生办公游戏笔记本电脑国行 MacBook Pro 13.3【金属银】 【2020款】i5/16GB/512GB/视网膜屏,13888.00,苹果百桔专卖店,700+条评价
32,72054999946,华为笔记本MateBook D14/D15超薄全面屏锐龙版轻薄本游戏学生商务办公手提笔记本电脑  银/D14-i5 16G 512G【现货】 官方标配,5499.00,华为泰锐专卖店,1700+条评价
33,33793204885,联想小新PRO13超薄笔记本电脑13.3英寸2020十代i7超级本2.5K女生轻薄学生办公游戏超极本 标配I7-10710U 16G 512G固态 独显 MX350荣耀银,6999.00,联想率秀图新授权专卖店,100+条评价
34,64160645302,Apple MacBook Pro 2020新款/19款13.3英寸笔记本电脑 20款 标配 512G 灰色,10288.00,集合数码专营店,7600+条评价
35,47341498743,华为荣耀笔记本电脑MagicBook 14 2020年超轻薄便携商务办公学生游戏本手提电脑 15.6|银|升级版i5/8G/512G/2G独显,5799.00,荣耀方和专卖店,3900+条评价
36,71081058530,戴尔（DELL）笔记本十代i5成就5000轻薄窄边框便携独显超薄学生商务办公笔记本电脑  数字键盘【i5/MX250】15.6英寸银 推荐版 8G内存 512G PCIe固态硬盘,4579.00,戴尔阳光雨尉专卖店,2500+条评价
37,71727020625,炫龙新品DD3/DD2Plus/DD3Pro/高性能显卡/台式CPU/IPS屏游戏办公笔记本电脑 DD3-十代i5/1650/16/512/4G独显,5688.00,炫龙笔记本专卖店,6500+条评价
38,10021646459339,华为笔记本电脑 MateBook 14英寸 2020新款2K全面屏多屏协同超轻薄商务办公学生手提本 20款灰｜R7-4800H/16G/512固态触屏,6599.00,华为新通路专卖店,6500+条评价
39,10021419616559,【新品】2020新款平板电脑12英寸十核ipad安卓学习机wifi全网通5g三星大屏mini2019 小米金256g（免费试用+分期免息+鼠标蓝牙键盘 12英寸全网通5gwifi极速旗...,1218.00,飚技东兴泰业专卖店,600+条评价
40,68004399195,联想ThinkPad E14 锐龙版 2020新款 14英寸黑色金属轻薄商务办公学生IBM笔记本电脑 四核R3 8G内存 256G定制（2TCD） 快充  高清屏 两面金属,3499.00,ThinkPad广东授权专卖店,200+条评价
41,43095433768,华硕（ASUS）猎鹰V4 微边框英特尔酷睿十代  商用办公一体机电脑21.5英寸 白色 i3-10110U 8G 256G固态,3599.00,华硕电脑官方旗舰店,30+条评价
42,10021393288374,戴尔（DELL） 成就5490/5402 14英寸/15.6英寸10代酷睿轻薄金属办公手提笔记本电脑 银色5490 i5-10210U/MX250 16GB内存/512GB高速固态定制,4579.00,戴尔宇熙世纪专卖店,300+条评价
43,14435484716,联想ThinkPad E14 锐龙版 2020新款 14英寸黑色金属轻薄商务办公学生IBM笔记本电脑 四核R3 4G内存 256G固态（2TCD） 快充  高清屏 两面金属,3299.00,ThinkPad广东授权专卖店,200+条评价
44,10023364612997,万合星多屏电脑六屏专业炒股电脑AI健康多屏护眼6屏一机多屏组装股票/外汇/MT4/台式机5700XT 大师版627DK(7纳米全新一代AI智能健康多屏） 全套（6块屏...,39999.00,金诚惠通电脑专营店,500+条评价
45,10021950549471,联想小新Pro14 2021新款11代i5高端超轻薄2.2K高色域全面屏人脸识别手提笔记本电脑 银色 i5-1135G7 16G 512G丨标配 MX450独显 正版office,6499.00,联想众信授权专卖店,10+条评价
46,28540718576,2020新款平板电脑12英寸全网通4g安卓平板手机十核10g平板高清学习机超薄大屏娱乐吃鸡游戏平板 爱派银128g（免费试用+分期免息+鼠标蓝牙键盘） 12英...,638.00,博智星颍川世家专卖店,3800+条评价
47,44883218191,联想 ThinkPad E15 笔记本电脑  酷睿十代 15.6英寸轻薄商务游戏学生本IBM手提 升i7-10710 16+256G+1T 6ECD,7099.00,ThinkPad东南授权专卖店,2500+条评价
48,30691510643,联想ThinkPad E15 （01CD）15.6英寸十代英特尔酷睿i3大屏商务办公ibm笔记本电脑 定制(16G内存256G固态+1TB机械 i3-10110U  FHD屏 带小数字键盘),4199.00,ThinkPad华南授权专卖店,2800+条评价
49,72234106436,戴尔（DELL）灵越5000窄边框5300戴尔十代酷睿超轻薄女学生粉色办公手提笔记本电脑13.3英寸 【星光银】全金属+72%高色域 10代酷睿/8G/512G/FHD【学生版】,4399.00,戴尔佳富惠呈专卖店,1500+条评价
50,100005480385,机械师F117-X 144Hz全面屏游戏本十代i7-10875H八核RTX2070独显游戏笔记本电脑 荣耀版16G/512G PCIE高速固态+1TB,10979.00,MACHENIKE机械师旗舰店,300+条评价
51,31011720375,微软（Microsoft）Surface Pro7 英特尔酷睿i5 12.3英寸平板二合一笔记本电脑商用版（i5-1035G4 8G 256G）典雅黑,9388.00,微软商用自营官方旗舰店,600+条评价
52,10020566419715,华为笔记本MateBook X Pro13.9英寸2020款全面屏超轻薄触控屏商务电脑 银|十代i7 16G 512G 独显 触屏,9977.00,华为恒泰专卖店,1300+条评价
53,64444460145,联想ThinkPad P53（2ACD）3D绘图设计移动图形工作站 ibm笔记本电脑i7-9750H 定制：16GB内存 256GB+2T硬盘 100%色域 4G独显 T1000专业图形显卡,13499.00,ThinkPad山东授权专卖店,200+条评价
54,100015986350,联想ThinkPad P17 十代英特尔酷睿i7/i9移动图形17.3英寸工作站设计师绘图笔记本电脑 00CD@W-10855M RTX5000 16G 【128G内存 4TB高速固态硬盘】定制,69999.00,ThinkPad华南授权专卖店,6条评价
55,71516571367,微软Surface Pro X 增强版 二合一平板 触控轻薄本 亮铂金 | 13英寸 微软SQ2 16G+256G | 2.8K 3:2 高色域 全面屏 | 4G LTE版,12178.00,微软京东自营官方旗舰店,2800+条评价
56,65392400524,宁美 英特尔九代G5420/9100F电脑主机小型家用企业办公设计LOL游戏台式组装电脑 G5420/128G,1099.00,宁美官方旗舰店,200+条评价
57,63728706766,【新十代酷睿】惠普（HP）旗舰店 薄锐envy13/15超极本 超薄wood手提商务笔记本电脑 【黑胡桃】15.6丨i5 8G 1TB 4G 触控,7999.00,惠普授权旗舰店,2600+条评价
58,43657020813,联想V340 2020新款十代酷睿轻薄便携商务办公超极本学生制图C游戏独显笔记本电脑 定制【i3-1005G1/16G/256G固态】 15.6英寸 全键盘2G独显 IPS高清屏 冰川灰,3899.00,联想扬天航电授权专卖店,3100+条评价
