﻿,goods_id,goods_name,goods_price,goods_store,goods_commit
0,100015225648,机械师（MACHENIKE）逐空T58竞速版 15.6英寸游戏本笔记本电脑（十代酷睿i7 16G 512G GTX1650Ti 4G）,6599.00,机械师京东自营旗舰店,1万+条评价
1,100004363846,小米Air 12.5英寸 网课 学习 全金属超轻薄(英特尔酷睿M3-8100Y 4G 128G 全高清屏)银 手提 笔记本电脑,3599.00,小米京东自营旗舰店,6.1万+条评价
2,64823584064,"拍拍	
【二手99新】英特尔i7级游戏二手台式机电脑8G独显吃鸡电脑GTX1070家用办公主机设计渲染组装机 八：i9级八线加速/GTX1060（网咖级整机） 全套",2899.00,顺电二手商品专营店,2.4万+条评价
3,100007413198,"京品电脑	
戴尔(DELL)灵越AIO 5491 商务办公 微边框一体机台式电脑 23.8英寸(十代i5-10210U 8G 512GSSD 2G独显)黑",4799.00,戴尔京东自营官方旗舰店,3.9万+条评价
4,100007079791,联想(Lenovo)拯救者刃7000K 2020英特尔酷睿i7游戏电脑主机(i7-10700F GTX1660Super 16G 512G ARGB侧透),6999.00,联想京东自营旗舰店,2.5万+条评价
5,100011498116,戴尔(DELL)灵越AIO 3280 IPS窄边框 一体机台式电脑 21.5英寸(i3-8145U 8G 256GSSD 三年上门)黑,3599.00,戴尔京东自营官方旗舰店,3.9万+条评价
6,1614722606,【自带WiFi6】武极 i7 10700/P620/16G内存专业图形设计渲染台式电脑主机DIY组装,5188.00,武极电脑DIY旗舰店,4000+条评价条评价
7,100013967772,"京品电脑	
惠普(HP)暗影精灵6 15.6英寸游戏笔记本电脑(i5-10300H 16G 512GSSD RTX2060 6G独显 144Hz)",8199.00,惠普（HP）OMEN暗影精灵京东自营旗舰店,7.8万+条评价
8,100013976254,"京品电脑	
惠普(HP)暗影精灵6 15.6英寸游戏笔记本电脑(i7-10750H 16G 1TSSD RTX2070MaxQ 8G独显 144Hz)",9699.00,惠普（HP）OMEN暗影精灵京东自营旗舰店,7.8万+条评价
9,100013978326,"京品电脑	
惠普(HP)暗影精灵6 15.6英寸游戏笔记本电脑(i7-10750H 16G 512GSSD GTX1650Ti 4G独显 高色域屏)",7499.00,惠普（HP）OMEN暗影精灵京东自营旗舰店,7.8万+条评价
10,100009090303,"京品电脑	
联想(Lenovo)小新Pad Pro 11.5英寸 影音娱乐办公平板电脑 莱茵认证 学习模式 2.5k OLED屏 6GB+128GB 灰",2499.00,联想京东自营旗舰店,4.9万+条评价
11,100008858729,戴尔dell灵越5401微边框高色域台式机一体机电脑家用办公23.8英寸（十一代i5-1135G7 16G 256GSSD+1T ）银,5499.00,戴尔京东自营官方旗舰店,3.9万+条评价
12,10150086134,航向者 AMD升酷睿i5/8G内存/企业商务办公家用台式组装电脑主机/DIY组装机全套台式机整机,899.00,航向者组装电脑旗舰店,5700+条评价条评价
13,100015707182,戴尔dell灵越5401微边框台式机一体机电脑家用办公独立显卡23.8英寸（十一代i7 8G 256G+1T MX330 2G）银,6999.00,戴尔京东自营官方旗舰店,3.9万+条评价
14,100004302157,戴尔DELL灵越AIO7790英特尔酷睿i7微边框高色域 一体机台式电脑 27英寸(i7-10510U 16G 256GSSD 1T 2G独显)银,8599.00,戴尔京东自营官方旗舰店,"去看二手
							3.9万+条评价"
15,100012979458,惠普(HP）星系列青春版高清一体机电脑23.8英寸(十代i3-1005G1 8G 512SSD 无线蓝牙 三年上门）FHD高色域,3999.00,惠普京东自营官方旗舰店,3.9万+条评价
16,100006893727,惠普(HP)战99 G2 商用办公台式电脑主机（十代i5-10500 8G 1TB 2G独显 Win10 Office注册五年上门）23.8英寸,4599.00,惠普京东自营官方旗舰店,1.8万+条评价
17,100012920644,戴尔(DELL)灵越3880高性能办公台式机电脑整机(十代i7-10700F 8G 512GSSD 2G独显 三年上门)23.8英寸,6099.00,戴尔京东自营官方旗舰店,4万+条评价
18,71403507059,狄派 英特尔酷睿十代i5/i7-10700八核台式电脑主机整机全套6G独显办公游戏电竞组装电脑 主机+24英寸曲面显示器 配置一:(i5-9400F+1050独显 三年保),3399.00,狄派电脑旗舰店,3900+条评价条评价
19,100012583246,惠普(HP)战99  G2  商用办公台式电脑主机（十代i5-10500 8G 1TB+256G Win10 Office注册五年上门）21.5英寸,4299.00,惠普京东自营官方旗舰店,1.8万+条评价
20,100012017414,联想ThinkPad X390（04CD）英特尔酷睿i5 13.3英寸高性能轻薄笔记本电脑（i5-10210U 8G 1T 100%sRGB）,6269.00,ThinkPad京东自营旗舰店,3.5万+条评价
21,100007233369,联想ThinkPad X13(06CD)酷睿版 英特尔酷睿i7 13.3英寸高性能轻薄笔记本电脑(i7-10510U 16G 512G 100%sRGB),7999.00,ThinkPad京东自营旗舰店,3.5万+条评价
22,100007152027,戴尔(DELL)灵越3880英特尔酷睿i3商用办公台式机电脑整机(十代i3-10100 8G 256GSSD 1T 三年上门)23.8英寸,3899.00,戴尔京东自营官方旗舰店,4万+条评价
23,10710910307,联想(Lenovo)AIO520C 微边框一体台式机电脑21.5英寸家用办公网课电脑RYZEN锐龙5 R5-3500U 8G256固态 黑色,3299.00,联想昂德台式机授权专卖店,400+条评价
24,71812964799,戴尔（DELL）灵越AIO 5490一体机电脑 23.8英寸微边框台式机办公家用商务网课大屏窄边 黑 十代i5 8G 256G固态 集显 标配,4699.00,戴尔奥莱台式机专卖店,40+条评价条评价
25,33743176013,联想(Lenovo)天逸510S 英特尔酷睿i3-10100个人家用商用办公台式机电脑主机整机 8G 1T 集显WiFi Win10 三年上门  主机+23英寸显示器,3399.00,联想昂德台式机授权专卖店,300+条评价
26,100015691570,中柏（Jumper）14英寸6G+128G轻薄笔记本电脑EZbook S5 6128,1279.00,中柏平板京东自营旗舰店,3500+条评价
27,71722621207,小黄鱼 i7 10700F/RTX2060-6G 迷你主机 台式电脑主机 组装电脑 游戏电竞水冷高配 16G内存+512G SSD固态,5988.00,小黄鱼旗舰店,1700+条评价
28,10022939407434,长城(Great Wall) 一体机电脑 四核商务办公游戏家用酷睿i3/i5台式整机 23.8英寸 八代J4105 8G 256G,1999.00,长城电脑硕展专卖店,300+条评价
29,100005742836,神舟(HASEE)优雅X3G1 13.3英寸72%色域轻薄笔记本电脑(i3-5005U 8G 256G SSD IPS),2199.00,神舟电脑京东自营旗舰店,5.4万+条评价
30,1614722606,【自带WiFi6】武极 i7 10700/P620/16G内存专业图形设计渲染台式电脑主机DIY组装,5188.00,武极电脑DIY旗舰店,4000+条评价
31,100016057866,联想(Lenovo)AIO逸 微边框网课一体台式机电脑23.8英寸(十代i5-1035G4 8G 512G SSD 无线键鼠)黑,4699.00,联想京东自营旗舰店,5.5万+条评价
32,100010343874,联想(Lenovo)扬天M4000s英特尔酷睿i5 办公台式电脑整机(i5-9400 8G 512GSSD 2G独显 键鼠 4年上门)21.5英寸,4889.00,联想扬天京东自营旗舰店,4400+条评价
33,100012099216,"京品电脑	
联想(Lenovo)AIO520C 英特尔酷睿i5微边框一体台式机电脑23.8英寸(十代i5-10210U 16G 512G SSD  无线键鼠)黑",4999.00,联想京东自营旗舰店,5.5万+条评价
34,100012515194,"京品电脑	
联想(Lenovo)AIO逸 微边框网课一体台式机电脑23.8英寸(10代i5-10210u 8G 512G SSD 无线键鼠 )白",4799.00,联想京东自营旗舰店,5.5万+条评价
35,100007238641,联想(Lenovo)AIO520C 英特尔酷睿i7一体台式机电脑27英寸(i7-10700T 16G 1TB+512G SSD 2G独显 无线键鼠)黑,7499.00,联想京东自营旗舰店,5.5万+条评价
36,10150086134,航向者 AMD升酷睿i5/8G内存/企业商务办公家用台式组装电脑主机/DIY组装机全套台式机整机,899.00,航向者组装电脑旗舰店,5700+条评价
37,100016396026,联想(Lenovo)AIO520C微边框一体机台式电脑23.8英寸(AMD R7_4800U 16G 512G SSD 无线键鼠）,4699.00,联想京东自营旗舰店,5.5万+条评价
38,100007238637,联想(Lenovo)AIO520C 微边框一体台式机电脑23.8英寸(十代i5-10400T 16G 1TB+256G SSD 2G独显 无线键鼠 )白,5299.00,联想京东自营旗舰店,5.5万+条评价
39,30221803413,华橙i5 9400F升10400/GTX1650 4G/256G吃鸡游戏台式电脑主机DIY组装机全套 套餐四/ i5 9400F/GTX1650图灵显卡,3039.00,华橙电脑旗舰店,1.5万+条评价
40,1586472047,星惠佳 英特尔四核/酷睿I5/i7家用办公游戏吃鸡台式组装电脑主机/DIY组装机 英特尔四核+8G内存+256G固态,1099.00,星惠佳电脑旗舰店,5万+条评价
41,30221803410,华橙i5 9400F升10400/GTX1650 4G/256G吃鸡游戏台式电脑主机DIY组装机全套 套餐一/i5 9400F/4G游戏独显,2239.00,华橙电脑旗舰店,1.5万+条评价
42,71403507059,狄派 英特尔酷睿十代i5/i7-10700八核台式电脑主机整机全套6G独显办公游戏电竞组装电脑 主机+24英寸曲面显示器 配置一:(i5-9400F+1050独显 三年保),3399.00,狄派电脑旗舰店,3900+条评价
43,30221803411,华橙i5 9400F升10400/GTX1650 4G/256G吃鸡游戏台式电脑主机DIY组装机全套 套餐二/i5 9400F/GTX1050Ti独显,2639.00,华橙电脑旗舰店,1.5万+条评价
44,100014664584,外星人(Alienware)R11 英特尔酷睿i7 水冷游戏台式电脑主机(i7 16G 256G 1T RTX2060S 8G)+24.5英寸显示器,15999.00,外星人京东自营旗舰店,1100+条评价
45,61095480979,华为笔记本MateBook D 14 15超薄全面屏锐龙版轻薄本超极本游戏学生商务办公笔记本电脑 银｜D14 R5 16G+512G集显【现货】,4888.00,华为兴汇聚专卖店,1万+条评价
46,34556727342,华橙 i5级AMD高频处理器企业商务办公电商客服家用电影台式电脑主机DIY组装机 办公主机,599.00,华橙电脑旗舰店,2400+条评价
47,100008164825,台电（TECLAST）X24 Air 23.8英寸一体机电脑办公电脑（AMD7410 8G 256G固态 WiFi 无线键鼠 三年上门）,1799.00,台电一体机京东自营官方旗舰店,2200+条评价
48,71812964799,戴尔（DELL）灵越AIO 5490一体机电脑 23.8英寸微边框台式机办公家用商务网课大屏窄边 黑 十代i5 8G 256G固态 集显 标配,4699.00,戴尔奥莱台式机专卖店,40+条评价
49,33824699747,英酷达一体机电脑四核酷睿I3I5I7超薄商务办公家用娱乐游戏设计触摸屏台式整机AIO PC 套餐一：18.5/酷睿i3/4G内存/120G固态,878.00,英酷达电脑官方旗舰店,5900+条评价
50,37029031106,英酷达一体机电脑四核酷睿I3I5I7超薄商务办公家用娱乐游戏设计触摸屏台式整机AIO PC 套餐二：21.5微边/四核A6/8G/128G固态,1248.00,英酷达电脑官方旗舰店,5900+条评价
51,100008133569,联想(Lenovo)天逸510Pro 个人商务台式机电脑整机(十代i7-10700 16G 512G SSD RX550X 4G独显  ) 单主机,5499.00,联想京东自营旗舰店,10万+条评价
52,52593158785,酷耶 十代i5i7/技嘉主板/16G DDR4 吃鸡电竞游戏台式机电脑主机组装整机全套 主机+24英寸曲面显示器 套餐三(i5-9400F/GTX1060独显6G),4268.00,酷耶电脑旗舰店,2700+条评价
53,66770227098,苹果Apple MacBook Air 2020新款13.3英寸苹果笔记本电脑超薄轻薄本 银色 【17推荐】双核i5/8G/128G,5156.00,Apple爱豆专卖店,1100+条评价
54,67228059251,AOC台式机电脑主机【新i7八核+独显4G】网吧电竞吃鸡LOL游戏高配办公绘图设计全套整机 主机+23.8英寸IPS显示器 九代i5-9400F/8G/256G/独显4G,3779.00,AOC云信一体机专卖店,1000+条评价
55,48558921611,阿玛塔 英特尔酷睿i7/独显/8G DDR4内存组装电脑主机吃鸡游戏台式机办公电脑diy 套餐一【游戏型办公电脑】,1298.00,阿玛塔电脑旗舰店,9200+条评价
56,54200491671,"京品电脑	
联想小新Air14/15 2020锐龙版(全新7nm)八核超轻薄笔记本电脑 学生本商务设计游戏轻薄本 标配【R5 4600U 16G内存 512固态】灰",4889.00,联想航电授权专卖店,1.9万+条评价
57,14011573872,京天 十代i5 10400F/8G/GTX1650 游戏办公电脑主机台式机/DIY组装机,3099.00,京天DIY电脑旗舰店,9400+条评价
58,100015736898,戴尔笔记本电脑dell灵越14-5409 14英寸高色域全面屏超轻薄商务本( 十一代i7-1165G7 16G 512GSSD)薄荷银,5799.00,戴尔京东自营官方旗舰店,15万+条评价
59,100007364253,攀升 商睿P23 23.8英寸一体机电脑（十代i3-10100 8G 256GSSD WiFi 蓝牙 键鼠 3年上门）办公商用台式主机,2899.00,攀升京东自营官方旗舰店,2万+条评价
