﻿,goods_id,goods_name,goods_price,goods_store,goods_commit
0,20446974647,华硕笔记本电脑VivoBook14/15 2020十代酷睿轻薄窄边框便携商务办公学生手提电脑 银(15.6英寸) i7-1065G7 MX330 16G 1T固态定制,6399.00,华硕汉腾专卖店,2000+条评价
1,72373637284,海尔(haier)简爱S11轻薄便携11.6英寸手提商务办公远程学习上网触控手写笔记本二合一平板电脑 【定制升级】8G内存+256G硬盘,1959.00,海尔奈朵专卖店,600+条评价
2,38194120389,惠普（HP）星系列15英寸【11代酷睿i5】笔记本电脑窄边框高清屏超轻薄便携设计师学生游戏超级本 静谧银：i7-1065G7【高清/背光】 配置二：8G/512G固态,6499.00,惠普电脑授权专卖店,1万+条评价
3,69656169391,"拍拍	
【二手99新】戴尔DELL酷睿i3i5i7台式电脑主机办公迷你主机学习mini微型小主机 高速优选[i5 4590T/8G/240G]核显 单主机",1499.00,戴尔二手电脑专营店,200+条评价
4,69937140170,戴尔（DELL）2020款灵越5301Urban轻薄本13.3英寸超极本轻薄学生笔记本电脑 十一代处理器|樱花粉【72%高色域】 i3-1115G4/8G/512G固态/集显定制,3999.00,戴尔奥莱专卖店,40+条评价
5,69461490988,联想微型迷你电脑主机M720Q/M730Q九代十代酷睿i5六核商用办公家用娱乐迷你小主机客厅htpc 定制版 九代i5-9500T 4G 256G固态  Win10 壁挂支架 3年全国联保,3999.00,联想ThinkCentre肇睿专卖店,200+条评价
6,72015453435,戴尔(DELL)成就Vostro3881 商用办公台式机主机酷睿十代i5商务炒股游戏家用电脑整机 单主机(含键盘鼠标) i3-10100 8G 256G固态 集显 定制,2738.00,戴尔华宏台式机专卖店,500+条评价
7,20841071657,DELL戴尔 OptiPlex 7080MT台式电脑主机十代酷睿I7I9吃鸡游戏台式机设计图形工作站 十代i9-10900K/16G/256G固态+2T HD630核显/定制,8299.00,戴尔商用千臣专卖店,400+条评价
8,10022778940929,惠普（HP）星14进阶版 11代新品轻薄超薄商用手提学生女笔记本电脑超极本 i5-1135G7/8G512G-MX450定制,5069.00,惠普康特专卖店,1200+条评价
9,10443322432,武极 新i7 10700F/华硕RX590/16G 游戏台式吃鸡电脑主机DIY组装机,5199.00,武极电脑DIY旗舰店,1900+条评价
10,13704240591,PC大佬酷睿i9 9900K/P2200设计师电脑专业图形工作站平面绘图3D建模DIY组装台式主机 八核视频剪辑BIM建模设计3D渲染 32G内存,8200.00,PC大佬DIY电脑旗舰店,500+条评价
11,67826069376,华硕（ASUS）VivoBook15s轻薄笔记本电脑十代酷睿商务办公便携全面屏窄边框独显轻薄本 灰V4000/i5-8265U/MX230-2G 8G内存丨512G固态/套餐三,4099.00,华硕智凝专卖店,2.3万+条评价
12,59030098376,戴尔（DELL）台式机OptiPlex7070MT 7060升级商用办公绘图设计3D渲染建模台式电脑 带27英寸IPS升降旋转显示器 定制i7丨32G丨2T+512丨2G独显,8899.00,戴尔商用华东专卖店,700+条评价
13,58760891917,极途 12期免息i5 9600KF/RTX2060/256G 台式游戏吃鸡电脑主机/DIY组装机套装,5999.00,极途电脑DIY旗舰店,10+条评价
14,55046499354,战翔六核 八核台式机电脑主机GTX1060/6G独显游戏电竞3D吃鸡商务家用办公电脑整机主机 电脑主机+32英寸曲屏显示器 套四i9级八核/512G/1060 6G独显,4088.00,战翔电脑旗舰店,200+条评价
15,24028563072,博仑帅（BOLUNSHUAI） 18.5-27英寸一体机电脑办公家用游戏台式主机整机 A3 性价比24英寸升 i5 4G/240G,1699.00,博仑帅一体机电脑旗舰店,3.7万+条评价
16,71354290742,联想IdeaPad14s 2020款笔记本电脑超薄本14英寸十代i3轻薄女生学生商务办公游戏超级本 定制｜I3-10110U 20G 1T+512固态 荣耀银,4289.00,联想率秀图新授权专卖店,4700+条评价
17,34707157689,13.5英寸超轻薄窄边框学生网课高色域商务办公笔记本电脑 2K高清屏+16小时长续航+指纹识别+背光键盘 I5-1035G4 8G+512G固态100%色域,4999.00,宏碁蓝星专卖店,300+条评价
18,69499918987,联想（Lenovo）S540 英特尔酷睿i7 14英寸超轻薄独显办公游戏学生手提笔记本电脑 i7-8565U 16G内存 512G固态 2G独显 指纹识别 星空灰 精装升级,5499.00,联想佳运汇通专卖店,40+条评价
19,10021058571490,15.6英寸 酷睿i5 轻薄笔记本电脑 超薄本 超极本 上网本 游戏本 商务手提办公学生电脑笔记本 银灰色  套餐一 { I 5+8G+128G固态},2456.00,格莱富电脑旗舰店,800+条评价
20,69610503983,戴尔(DELL)成就3671商用办公家用网课财务炒股台式电脑 定制主机支持win7九代I5-9400 主机+23.8英寸显示器全套 定制:i5/16G/256G+1T/1650-4G,5899.00,戴尔鼎新台式机专卖店,0条评价
21,70406176578,中柏（Jumper）11.6英寸win10二合一平板电脑笔记本商务办公网课手写电脑EZpad Go 8G+128G+磁吸键盘,1888.00,中柏柏万智能专卖店,2300+条评价
22,30508833040,联想（Lenovo）天逸510S商务办公家用个人台式机商用电脑酷睿I3/I5迷你主机内置WiFi蓝牙 单主机+（携带有线键鼠） 定制丨i5-9400丨8G丨1TB+128G丨核显,3599.00,联想华辉台式机授权专卖店,1000+条评价
23,100011870658,15.6英寸轻薄酷睿笔记本电脑游戏学生全面屏 超级本  上网本办公十代高性能便携手提电脑笔记本免息 银灰色 旗舰PRO版-3867U【8G运行+256G固态】,2188.00,格莱富电脑旗舰店,5200+条评价
24,68490129563,清华同方（THTF）精锐Z1-770 一体机台式办公电脑27英寸(i7-9700 8G 512GSSD MX250 2G独显 三年上门),6199.00,清华同方电脑京东自营官方旗舰店,2100+条评价
25,1166016857,联想小新13超薄笔记本电脑2020款13.3英寸i5超级本轻薄女生商务办公超极本学生游戏本 标配I7-10510U 8G 512G固态 荣耀银 MX350独显,5099.00,联想率秀图新授权专卖店,800+条评价
26,48510252021,伟盛兴英特尔酷睿十代i5-10400F 六核/4G独显 台式机 电脑整机游戏直播吃鸡台式电脑组装主机,2499.00,伟盛兴电脑DIY专营店,1.9万+条评价
27,48896596198,戴尔（DELL)2020款G5 5500 15.6英寸学生固态办公设计电竞屏游戏笔记本电脑 i7-10750H 6G独显 32G/1T/GTX1660Ti 144HZ定制,8999.00,戴尔卓越专卖店,1400+条评价
28,100007728763,京芒 i3 9100F/i3 10100/GTX1650 4G独显办公游戏台式电脑主机DIY组装机 配置二I3 9100F/120G/4G独显,1488.00,京芒DIY电脑旗舰店,3600+条评价
29,100007728763,攀升（IPASON）M94 i7 10700/丽台P1000 4G/B460/250G+2T机械/16G/水冷设计渲染建模专业图形/组装电脑主机,7299.00,IPASON攀升电脑京东自营旗舰店,2700+条评价条评价
30,26156834960,攀升（IPASON）M94 i7 10700/丽台P1000 4G/B460/250G+2T机械/16G/水冷设计渲染建模专业图形/组装电脑主机,7299.00,IPASON攀升电脑京东自营旗舰店,2700+条评价
31,27307261433,伟盛兴酷睿i7/GTX1060 台式组装电脑主机家用网吧组装办公DIY吃鸡电脑游戏型高配27显示器 酷睿i7+1050TI独显+27寸,3099.00,伟盛兴电脑DIY专营店,100+条评价
32,53409289175,戴尔（DELL）灵越5000 5593/5493 成就3401超极本学生办公女生轻薄本手提笔记本电脑 14英寸|银色|十代i5-1035G1|2G独显 16G内存 128GPcie固态+1T机械 定制,4299.00,戴尔华宏创天专卖店,1.1万+条评价
33,10023604532623,【酷睿i7+独显2G游戏本】15.6英寸超轻薄窄边框笔记本电脑吃鸡金属商务办公大学生本便携超级本手提 酷睿i7 + MX130 2G独显 8G内存 512G M.2固态,3899.00,iru旗舰店,1800+条评价
34,11455014870,【2020款指纹解锁+酷睿i7独立显卡】15.6英寸超轻薄本窄边框笔记本电脑吃鸡金属商务办公大学生本 【十代英特尔J4115】8G+256G固态,1998.00,智能驼数码旗舰店,50+条评价
35,10020635717340,神舟战神ZX6/TX6-CU5DA 十代六核i5 GTX1650/1050独显手提游戏本笔记本电脑 TX6Ti-升级版/i5/16G/512G/72%,6099.00,神舟游戏本专卖店,1.7万+条评价
36,20841071659,联想拯救者R7000P 新品高端八核15.6英寸144Hz电竞屏3D设计轻薄手提游戏笔记本电脑 R7-4800H八核丨RTX2060 6G独显 32G 512G固态丨升级版,9599.00,联想众信授权专卖店,2800+条评价
37,67963628860,DELL戴尔 OptiPlex 7080MT台式电脑主机十代酷睿I7I9吃鸡游戏台式机设计图形工作站 十代i9-10900K/16G/256G固态+2T GTX1660 Super-6G显卡/定制,10299.00,戴尔商用千臣专卖店,400+条评价
38,10020640368221,联想（Lenovo） 天逸510pro 商用办公家用游戏台式机电脑主机整机十代六核I5-10400 8G 1T+256G GTX750-4G独显 定制 单主机  无显示屏,4299.00,联想同诚台式机授权专卖店,1000+条评价
39,10022709263576,联想小新Air15 2021款锐龙版15.6英寸R5全面屏轻薄便携商务办公设计游戏手提学生笔记本电脑 官配 R7-4800U 16G内存 512G固态,5399.00,联想爱特家专卖店,300+条评价
40,70340369426,长城(Great Wall) 英特尔酷睿十代i3/i5商用办公游戏高性能台式机电脑整机 电脑主机+23.8英寸显示器 【十代酷睿】i3-10100 8G 256G,2699.00,长城电脑硕展专卖店,200+条评价
41,10452596262,微星（MSI）新世代Modern 15.6英寸 10代酷睿i5/i7处理器  轻薄办公设计笔记本电脑 i5-10210U | MX250 2G 套餐一 16G内存/512G高速固态,5049.00,微星笔记本旗舰店,400+条评价
42,66096218842,戴尔（DELL）成就3671 商用办公 台式电脑主机 家用游戏整机支持win7 四核i3-9100 主机+21.5英寸SE2218HV显示器 4G内存 1T硬盘 标配,2799.00,戴尔康特台式机专卖店,1000+条评价
43,68467927047,联想ThinkPad E490（23CD）笔记本电脑14英寸FHD高清商务办公超薄2G独显 升级版：i5-8265U 12G 256G固态,4399.00,ThinkPad东南授权专卖店,3000+条评价
44,10020037782721,惠普（HP）星系列15/14青春版 新十一代四核处理器轻薄窄边框笔记本电脑高性能预售中 i5-1135G7 UMA 银 青春版 升级版： 8G内存 256G 【家用优选】,4099.00,惠普汇通专卖店,600+条评价
45,26805142249,苹果（Apple）MacBook Pro 16英寸笔记本电脑 【2019款】金属银 【旗舰】i9/16G/1TB/5500M 4G,20688.00,疆界旗舰店,600+条评价
46,47283304568,【win7系统】联想一体机aio310-20 19.5英寸商务办公企业采购家用娱乐游戏蓝牙电脑 定制：intel四核丨8g内存丨512g固态丨白色  内置wifi+蓝牙 视频教学网课...,2199.00,联想华辉台式机授权专卖店,200+条评价
47,14672492602,戴尔（DELL）灵越5493/5593 燃5000 手提轻薄超极本商务办公网课学生游戏笔记本电脑 V5590金属本|i5-10210U|银|2G独显 16G内存 256GPCIE固态+1T机械 定制版,4799.00,戴尔华宏创天专卖店,3万+条评价
48,44919241813,【可选十代】戴尔（DELL）T3630/T3640 图形工作站台式机 塔式服务器设计师办公电脑主机 i9-10900K/32G/256G固态+1T  RTX2080Ti-11G显卡/定制,20199.00,戴尔商用北纬专卖店,500+条评价
49,10021672210738,戴尔（DELL）燃7000 灵越5493/5490/5590 轻薄超极本商务办公学生手提笔记本电脑 14英寸|十代i5-1035G1|独显MX230 16G内存 512GPCI-E固态+1T机械 定制,4799.00,戴尔华宏创天专卖店,2万+条评价
50,11534559431,【新品】联想笔记本威6 2020款英特尔酷睿 15.6英寸商务办公轻薄学生游戏独显手提笔记本电脑 定制i5-1035G1 16G内存 1T+512G IPS全高清屏 2G独显 星河灰,5399.00,联想扬天航电授权专卖店,1600+条评价
51,62575980328,华硕(ASUS) 天选 15.6英寸游戏本笔记本电脑新锐龙 7nm 窄边框144Hz电竞屏游戏本 【新】钛空灰 R7-4800H GTX1650 16G内存+512G高速固态,7599.00,茂双笔记本旗舰店,4200+条评价
52,68249207043,联想15s笔记本电脑 2020新款十代酷睿i3 15.6英寸大屏幕轻薄学生游戏商务办公本 升级：十代酷睿i3 20G内存 512G固态 FHD高清屏 Win 10丨亮银色,3999.00,联想华南授权专卖店,6100+条评价
53,71685677010,戴尔（DELL）Latitude3400/3410 14英寸商务办公学生游戏手提轻薄笔记本电脑 i5-8265U 2G独显 一年上门 8G内存 512G固态  定制,3969.00,戴尔商用地升专卖店,700+条评价
54,40405365832,苹果（Apple） MacBook Air 13.3英寸轻薄办公笔记本电脑 20款 256G 灰色标配,6988.00,APPLE翔合专卖店,2.5万+条评价
55,61216278163,戴尔（DELL）成就3881 台式机电脑主机商用办公设计制图家用炒股网课 主机+27英寸显示器 i5-10400 16G 512G固态 集显 定制,4999.00,戴尔新通路专卖店,800+条评价
56,69457750633,宏碁（Acer）墨舞EX215 15.6英寸商务笔记电脑 蓝牙 WiFi A4-9120e处理器 集成显卡 套餐六 8G内存128G Pcie固态,2299.00,宏碁沃美嘉专卖店,300+条评价
