﻿,goods_id,goods_name,goods_price,goods_store,goods_commit
0,34062000344,联想小新Pro13.3英寸2020款超窄边框2.5K高色域轻薄笔记本电脑酷睿十代i5/i7处理器 银色丨i7-10710U 16G 512G 标配 新一代MX350 2G独显,7249.00,联想西南授权专卖店,1400+条评价
1,70905107673,小米RedmiBook 16.1英寸锐龙版全面屏笔记本电脑全新7nm全金属超轻薄商务办公学生游戏红米 【10纳米i5-1035G1 16G 512固态】 荣耀灰 100%sRGB广色域高清屏,4799.00,小米官方授权专卖店,3500+条评价
2,18317473590,戴尔（DELL)Optiplex 3070/3060MT办公电脑主机i3/i5商用台式机3050MT 搭21.5英寸全高清屏/VGA接口 定制:I5-8500/8G/1T /集成显卡,3899.00,戴尔商用雷泰龙专卖店,2300+条评价
3,69041352569,华为笔记本MateBook D14/D15超薄全面屏锐龙版轻薄本游戏学生商务办公手提笔记本电脑 D14银十代i5 16G 512G独显 【现货】 官方标配,5499.00,华为泰锐专卖店,1700+条评价
4,67678187199,笔记本电脑 15.6英寸国民本 商务办公手提电脑超轻薄学生网课游戏红米荣耀灰 定制【酷睿 i5-16G 内存 512G固态】 GDDR5 2G独显 预装Office办公软件,3999.00,小米官方授权专卖店,4600+条评价
5,12095862665,【自营同款】ThinkPad 联想 X390系列 13.3英寸商务便携手提笔记本电脑 31CD@i5-8265u 8GB 256G固态 FHD高清屏 Win10系统（全国联保一年）,5699.00,ThinkPad北京授权专卖店,2500+条评价
6,10020953794805,神舟战神ZX6/TX6-CU5DA十代六核i5 GTX1650/1660Ti独显手提游戏本笔记本电脑 GX8-CU5高配版：16G/十代六核/2060,6988.00,神舟大本航专卖店,6900+条评价
7,12480798909,星惠佳四核/i5/i7/GTX1650-4G独显游戏办公吃鸡台式电脑主机/DIY组装电脑整机 单主机 配置一：四核/游戏独显/256G/8G,1199.00,星惠佳电脑旗舰店,1.9万+条评价
8,100008518543,惠普(HP)星系列 一体机电脑27英寸(十代i5-10400T 16G 2TB+512G GTX1650 4G  三年上门)2K屏 高色域,9999.00,惠普京东自营官方旗舰店,3.9万+条评价
9,39854777672,联想拯救者Y7000 15.6英寸2020款十代i5/i7吃鸡游戏笔记本电脑1080P高色域设计师本 定制|i5-10200H 8G 1T+512G固态 GTX1650 4G独显,6899.00,联想育新授权专卖店,7200+条评价
10,51628067699,联想15s 2020十代酷睿i5 15.6英寸大屏办公设计高性能独显游戏学生超轻薄手提笔记本电脑 i5-10210U 12G内存 512G固态 MX330 2G独显 全高清屏 银色 定制增强版,4989.00,联想德信专卖店,1.1万+条评价
11,45089369779,华硕PBA 十代i5 10400F/GTX1660 6G吃鸡游戏台式机组装电脑主机DIY整机 配置三,4099.00,benkou电脑官方旗舰店,1100+条评价
12,49018029579,十代酷睿i3独显超轻薄笔记本电脑设计商务办公学生游戏超极本 i3-1005G1 8G内存 1T+256G固态 MX330 2G独显 全高清屏 星空灰 精装升级,3699.00,联想佳运汇通专卖店,2万+条评价
13,53185443253,联想ThinkPad S2 2020款13.3英寸英特尔酷睿i5/i7轻薄商务笔记本电脑 黑i5-10210u/8G/512G背光/01CD FHD/指纹识别/office/Win10),4999.00,ThinkPad上海授权专卖店,1800+条评价
14,10020930269579,联想(Lenovo)小新Air14 2020新款锐龙版轻薄本 商务办公学习全面屏笔记本电脑 定制R3-4300U 8G 512G固态 14英寸 FHD全高清屏 深空灰,4499.00,联想华南授权专卖店,2700+条评价
15,66990247113,戴尔（DELL）灵越7590/7500 15.6英寸酷睿高能合金本固态全高清轻薄笔记本电脑 i7-9750H GTX1650 4G独显 32G/1T固态 定制,9179.00,戴尔卓越专卖店,1900+条评价
16,10020854600274,联想ThinkPad 翼E14 Slim（21CD）14英寸轻薄商务笔记本电脑 i5-10210U 【标配】 8GB内存 512GB固态硬盘 2G独显 FHD全高清 AD面金属材质,4599.00,ThinkPad华中授权专卖店,800+条评价
17,70924085394,联想小新15十一代酷睿i5/i7-15.6英寸全面屏轻薄笔记本电脑 标配：11代i5-1135G7 16G 512G银 MX450高性能显卡,6079.00,联想昌盛授权专卖店,1300+条评价
18,68388757746,联想YOGAS740笔记本电脑超薄本14英寸i5轻薄女生款超极本手提商务办公yoga学生s游戏超级本 65W 单接口 Type-C便携适配器/高色域 标配｜I5-1035G1 16G 512固态 ...,5859.00,联想率秀图新授权专卖店,200+条评价
19,69580849516,新款华为MateBook D 14/15轻薄本全面屏四核商务办公超薄手提学生笔记本电脑 D15|银i7/16G/512/独显标配,6999.00,华为康特专卖店,2100+条评价
20,57725873600,联想ideapad14S轻薄本 十代酷睿i5笔记本电脑超轻薄本学生青春超级本商务办公游戏本2020款 标配|i5-10210U 8G 512G固态 MX330 2G独显,4599.00,联想育新授权专卖店,2.8万+条评价
21,65596513004,联想ThinkPad T14s 锐龙版 14英寸超轻薄商务办公设计游戏笔记本电脑 AMD锐龙Pro R7-4750U 16G 512G 08CD 标配,6999.00,ThinkPad成都授权专卖店,100+条评价
22,69333105807,AOC739 酷睿9代八核i7一体机电脑曲面屏台式一体式电脑办公家用游戏 升十代I7-10700八核/16G/256G+1T,6099.00,AOC善与美电脑专卖店,200+条评价
23,64999998314,【V110升级款】联想扬天V330  14英寸9系办公家用影音笔记本电脑 轻薄便携 定制A4-9125 4G 500G+128G固态 2G独显 win10,2366.00,联想北达兴科专卖店,1万+条评价
24,10020152149101,惠普(HP)星14青春版 小欧14S笔记本手提电脑女学生商务办公游戏超薄微窄边框轻薄本 标配 4G内存 | 256G固态 锐龙R3-3250U | 14英寸FHD,2899.00,惠普鑫强利达专卖店,400+条评价
25,28956938920,新品华为笔记本MateBook D 14/15 轻薄本商务办公本笔记本电脑学生 六核D14 R5-4500U 16 512G银色,4988.00,华为兰焜专卖店,2200+条评价
26,47870062814,ROG 光刃G15 10代英特尔酷睿 侧透电竞游戏台式电脑主机 星空黑 i7-10700KF 2070S 1T机械 1T SSD 16G,12999.00,玩家国度ROG官方旗舰店,70+条评价
27,41744226905,联想拯救者Y7000 2020款1080P高色域 十代i7电竞游戏笔记本电脑r 视频剪辑设计师工作站 十代i7-10750H 16G 1T+512G固态 定制GTX1650Ti电竞独显【游戏键盘套装】,8799.00,联想华东授权专卖店,1万+条评价
28,44241216023,联想ThinkPad E15 15.6英寸轻薄本 商务办公学习游戏笔记本电脑 十代i5-10210U 16G内存 256G固态+1T双硬盘@0PCD升级,5399.00,ThinkPad成都授权专卖店,1700+条评价
29,65509070982,华为笔记本MateBook D 14 15 全面屏超轻薄商务办公手提电脑学生本 D15银八核R7-4700U 16G 512G预订,5399.00,华为德信专卖店,1万+条评价
30,100011517222,联想小新Pro 13.3英寸 2020锐龙版 超清全面屏高色域轻薄办公笔记本电脑 旗舰官配：八核R7-4800U 16G 512固态,5969.00,联想华南授权专卖店,3000+条评价
31,64025124276,【2021款】联想（Lenovo）威6 11代酷睿i7 15.6英寸高性能办公游戏手提轻薄笔记本电脑 i7-1165G7 16G内存 512G固态丨标配 100%sRGB高色域 MX450显卡  精装,6666.00,联想佳运汇通专卖店,1万+条评价
32,36287803080,ThinkPad X13 锐龙版(0ACD)联想13.3英寸高性能轻薄商务办公手提笔记本电脑自营同款 八核R7 4750U 100%s高色域 WiFi6 【官方标配】16G内存 512G固态硬盘,5899.00,ThinkPad定制版专卖店,2900+条评价
33,69343476878,戴尔（DELL）笔记本电脑 成就5490/5590/5501 十代酷睿窄边框商务办公学生游戏轻薄本 14英寸|i5-10210U|MX250-2G独显 16G内存/512G 高速固态,4569.00,戴尔京灵笔记本专卖店,200+条评价
34,30646311743,华为笔记本 MateBook 14 2020款 14英寸超薄本商务办公手提电脑轻薄本超极本 灰｜触屏i7-10510U/16G/512G/独显 标配,8199.00,华为肆玖专卖店,2600+条评价
35,10021661040155,LG gram20款14英寸 999克 雷电3 长续航 十代酷睿i5-1035G7 8G 256GB 女生轻薄本 笔记本电脑白色14Z90N-V.53,7699.00,LG笔记本电脑京东自营旗舰店,1万+条评价
36,62473284789,华为笔记本MateBook13 2020款超轻薄13英寸商务办公性能手提本电脑2K全面屏 灰丨I5-10210U 16G 512G触屏【预订,6488.00,华为德信专卖店,1.1万+条评价
37,67663175441,联想(Lenovo)拯救者R7000P 15.6英寸游戏笔记本电脑光追独显144hz电竞屏 原装：R7-4800H 16G 512G SSD GeForce RTX 2060 6G独显 灰色,8899.00,联想亿维授权专卖店,500+条评价
38,71804880626,【酷睿i7+独显2G游戏本】15.6英寸超轻薄窄边框笔记本电脑吃鸡金属商务办公大学生本便携超级本手提 酷睿i7 + GT940M 2G独显 8G内存 128G M.2固态+500G机械盘,3599.00,iru旗舰店,1800+条评价
39,32517465528,联想(Lenovo)V14 14.0英寸笔记本电脑商用办公学生本轻薄便携手提酷睿i5/i7四核 定制i5-1035G1 36G 1T+512G固态 英伟达性能 2G独显,5399.00,联想扬天授权旗舰店,2.1万+条评价
40,41366188621,联想 拯救者Y9000X 2020旗舰款 15.6英寸IPS全面屏轻薄笔记本高性能游戏设计师办公电脑 i5-9300H 16G内存 1TB固态 定制 DC调光 15.英寸IPS高色域 雷电3 深空灰,6999.00,联想电脑授权专卖店,2.2万+条评价
41,47035401788,联想ThinkPad T14s 酷睿版 十代英特尔酷睿i5/i7 14英寸商务办公轻薄笔记本电脑 i7-10510U 16G 1T固态 3JCD,10999.00,ThinkPad京东官方自营旗舰店,100+条评价
42,68979362435,联想拯救者Y7000 15.6英寸2020十代酷睿i5/i7高色域游戏本p 学生设计师吃鸡笔记本电脑 升级【i7-10750H 8G 512G固态】 GTX1650 4G电竞显卡,7669.00,联想航电授权专卖店,4.6万+条评价
43,65486652539,新品指纹解锁14英寸轻薄金属笔记本电脑办公大学生女生款便携本超薄超级本手提 英特尔十代四核J4115 8G内存 256G固态 微边框IPS全面屏,2399.00,爱尔游旗舰店,100+条评价
44,1569737053,华硕（ASUS）VivoBook14/15s 全面屏超薄窄边框办公学习笔记本电脑 【14英寸】银i5-1035G1/MX330 配置二 8G/512G PCIE固态,4299.00,华硕金硕专卖店,2900+条评价
45,62730914523,华为笔记本MateBook D 14 15 全面屏锐龙版轻薄本超极本学生商务办公笔记本电脑 D14 银｜R5-16G-512G 集显,4799.00,科族数码专营店,1700+条评价
46,72379942252,15.6英寸暗夜吃鸡电竞游戏本绘图设计建模大屏设计笔记本电脑 【锐龙版】R7-4800H/GTX1650Ti 16G 512G 固态【双通道加速】升级版,7099.00,惠普宇熙世纪专卖店,800+条评价
47,16599007942,联想ThinkPad E490（23CD）笔记本电脑14英寸FHD高清商务办公超薄2G独显 标配版：I5-8265U 4G 256G固态,3999.00,ThinkPad东南授权专卖店,3000+条评价
48,10023764897754,联想(Lenovo)威6 十代酷睿 i7 2020款14英寸超薄本轻薄家用学生商务办公手提笔记本电脑 定制 i7-10510U 40G 512G+1T 2G独显 IPS全高清屏 银河灰,7599.00,联想扬天京东自营授权旗舰店,400+条评价
