﻿,goods_id,goods_name,goods_price,goods_store,goods_commit
0,47676937092,"【十代新品】AOC 荣光815系列台式电脑 商用办公绘图设计台式机电脑整机 主机+AOC 23.8""显示器 十代I5/8G/256G/RX240-4G独显",3599.00,AOC电脑龙辰专卖店,4600+条评价
1,50243340424,联想（Lenovo） 启天M2300家用办公税控商用台式电脑带串口并口支持win7系统  标配J3060 4G 500G机械 Win10 主机+19.5寸显示器,2299.00,联想扬天华东授权专卖店,100+条评价
2,18312303976,戴尔（DELL）Optiplex3050MT/3060 办公台式电脑主机 商用台式机办公电脑整机 单主机（无显示器） 标配：G4900/4G/500G,1899.00,戴尔商用雷泰龙专卖店,1600+条评价
3,59083561473,【店长推荐十代新品】宏碁笔记本电脑蜂鸟超轻薄商务办公设计家用学生学习便携手提游戏本金属机身微边框 十代i5 14英寸丨窄边框丨ips全高清屏丨...,3999.00,宏碁宏奥专卖店,2100+条评价
4,19644641471,【定制WIN7专业版】联想台式机 商用办公税控台式电脑主机开票电脑 WIN7系统电脑整机 大机箱主机+19.5英寸显示器IPS 定制：i3 4G 128G+1T 无光驱  W7,3699.00,联想扬天华南授权专卖店,9100+条评价
5,71127190617,微星（MSI）新世代Modern 15.6英寸 10代酷睿i5/i7处理器  轻薄办公设计笔记本电脑 i7-10510U | MX250 套餐一 16G内存/512G高速固态,6299.00,微星笔记本旗舰店,400+条评价
6,100007136947,戴尔DELL灵越5000 14.0英寸高性能轻薄笔记本电脑(十代i5-1035G1 32G 512GSSD MX330 2G独显)薄荷银,6299.00,戴尔京东自营官方旗舰店,15万+条评价
7,10022106902258,2020新款 酷睿i7轻薄本 锐龙R5R7游戏本可选15.6英寸笔记本电脑 商务办公超薄本 昂福镭仕 办公/游戏: 酷睿i7独显 8G内存+256G固态,3988.00,昂福镭仕电脑专营店,2000+条评价
8,50406237568,宏华 AMD高频处理器/4G独显/32G内存吃鸡游戏家用企业影音公司办公台式组装电脑主机 主机 标配（主机+显示器） 配置三 i7级16G内存/GTS 4G独显,1467.00,宏华组装电脑旗舰店,2.5万+条评价
9,28167168678,戴尔（DELL）成就3671 商用办公 台式机电脑 家用游戏整机 设计制图 带23.8英寸显示器/GT710-2G独显 i5-9400 8G 1T+128GSSD 定制,4599.00,戴尔康特台式机专卖店,3100+条评价
10,68994600113,世纪之星 i5-9400F六核/4G独显/游戏吃鸡台式机电脑主机/电竞高配组装电脑游戏整机全套 电脑 主机+24英寸显示器 配置六：i5-9400+GTX1650+16G,3799.00,世纪之星电脑整机旗舰店,70+条评价
11,72191579448,佐瀚（zuohan）19-27英寸曲屏直屏超薄一体机电脑办公家用游戏台式主机整机 办公免费升24英寸/酷睿I3/4G/128G送赠品,1250.00,佐瀚淘森专卖店,300+条评价
12,71592489339,2020新款华为MateBook D14/15轻薄本全面屏商务办公学生设计手提超薄笔记本电脑 D15银独显I5 16G 512G 原装 包鼠,5788.00,华为康特专卖店,4700+条评价
13,10562093068,狄派酷睿i5-9400F六核/游戏独显/吃鸡台式电脑主机/电竞高配组装电脑游戏整机全套 电脑主机+显示器 套餐四240G/游戏独显,3199.00,狄派电脑旗舰店,3.3万+条评价
14,11943085274,戴尔（DELL）灵越5493/5593 燃5000 手提轻薄超极本商务办公网课学生游戏笔记本电脑 酷炫银|14.0英寸|i5-1035G1|2G独显 16G内存 256GPCIE固态+1T机械 定制版,4499.00,戴尔华宏创天专卖店,3万+条评价
15,10023020972687,联想（Lenovo）YOGA 14s 2021锐龙版 14英寸 全面屏超轻薄笔记本电脑 R7_4800H 16G 512G 2.8K 90Hz高分高刷高色域屏 深空灰 鼠标套装,6446.00,联想京东自营官方旗舰店,30+条评价
16,10021030124826,戴尔笔记本电脑灵越5000 5493成就5402 14英寸超极本学生办公女生轻薄本手提商务本游戏本 十代i5/16G/512G固态/2G独显 定制 （Intel）英特尔处理器,4299.00,戴尔华宏创天专卖店,700+条评价
17,100006619345,华硕a豆adolbook14 2020 高颜值轻薄本 全面屏学生独显笔记本电脑(i5-10210U 8G 512G+32G 2G独显 IPS)千禧粉,5299.00,华硕京东自营官方旗舰店,1.2万+条评价
18,70325840244,联想（Lenovo）拯救者刃7000 2020款电竞主机 英特尔酷睿 设计师电竞游戏台机电脑 二、i7-10700/8G/256G/1660Sp 游戏台机,6399.00,联想京东自营官方旗舰店,1900+条评价
19,10081221177,联想(Lenovo)扬天M6610D 九代英特尔酷睿i5六核商用办公台式电脑整机 21.5英寸全高清屏 定制 i5-9400 8G 1T+128G双硬盘,4699.00,联想扬天京东自营授权旗舰店,1500+条评价
20,100013459778,联想ideapad15s 15.6英寸大屏轻薄四核手提笔记本电脑十代酷睿i5/8G/512G/独显,4999.00,联想众信授权专卖店,5300+条评价
21,100007229405,攀升 V10 27英寸曲面一体机电脑（十代i5 16G 512GSSD RX550-4G独显 机械键盘）设计师办公游戏台式主机,4999.00,攀升京东自营官方旗舰店,2万+条评价
22,100015269336,联想ThinkPad X1 Yoga 2020(02CD)英特尔酷睿i7 14英寸翻转触控笔记本电脑(i7-10510U 16G 2TSSD 4K)水雾灰,18999.00,ThinkPad京东自营旗舰店,1.5万+条评价
23,49642797441,联想ThinkPad X1隐士(1MCD)英特尔酷睿i9 15.6英寸笔记本电脑(i9-10885H 16G 1TSSD GTX1650Ti Max-Q独显 4K),19999.00,,40+条评价
24,100004162924,神舟战神ZX6/TX6-CU5DA十代六核i5 GTX1650/1660Ti独显手提游戏本笔记本电脑 TX6-CU5高配16+512/十代六核+1650,5988.00,神舟大本航专卖店,6900+条评价
25,33903694463,神舟(HASEE)精盾U65A畅玩版 英特尔酷睿i5-8265U 15.6英寸轻薄笔记本电脑(8G 512G PCIeSSD GTX1050MaxQ 4G),3999.00,神舟电脑京东自营旗舰店,5.4万+条评价
26,100016079910,宁美 i5 9500/10400/8G/256G台式办公电脑企业设计师整机家用主机/DIY组装机 套装版i5 10400/8G/256G/23.8寸 高效办公,3299.00,宁美官方旗舰店,5800+条评价
27,100008827409,宁美国度 魂 AMD游戏台式机电脑主机（锐龙R5 2600 /RTX2060/256G）三年上门,4399.00,宁美国度一体机京东自营旗舰店,2100+条评价
28,68664197794,戴尔DELL XPS13-9310 13.4英寸4K超轻薄触控轻奢笔记本电脑(十一代i5-1135G7 16G 512GSSD )银,14999.00,戴尔京东自营官方旗舰店,1.1万+条评价
29,72328076790,威龙远航 i3 9100F/i5 9400F/GTX1060/16G 游戏台式电脑主机DIY组装机 i5 9400F+16G+GTX1060-3G,3069.00,威龙远航DIY电脑旗舰店,1500+条评价
30,39655782904,长城(Great Wall)四核一体机电脑酷睿I3/I5/高配游戏家用办公台式一体式整机 23.8英寸 十代I3-10100 8G 256G,3099.00,长城电脑自营旗舰店,3100+条评价
31,10020321805655,【现货速发】华硕（ASUS）顽石6代 14英寸轻薄本便携商务办公笔记本电脑学生上网游戏本Y4200 太空灰i5-8265U/MX110-2G独显 8G内存+500G+256G固态【店长推荐】,4089.00,茂双笔记本旗舰店,1700+条评价
32,100013411708,联想新品IdeaPad14s 2020款 十代英特尔酷睿i3/i5 14英寸 高性能轻薄笔记本电脑 Intel i3 10110U银 双盘丨8G 1T机械+256G固态,3549.00,联想航电授权专卖店,5.8万+条评价
33,10022106902274,惠普（HP）战66 三代AMD版 指纹识别+背光键盘轻薄笔记本电脑 商务精英办公 学生本 全新锐龙 14英寸 精装升级版 六核R5-4500U/8G/256G+500G双盘,4199.00,惠普峻峰专卖店,1.2万+条评价
34,11878912586,机械革命(MECHREVO)EX660-S 游戏商用台式电脑主机（i5-10400 8G 256G PCIE+1T GTX1660Super 6G独显 WIFI）,4999.00,机械革命京东自营官方旗舰店,2500+条评价
35,100010753884,2020新款 酷睿i7轻薄本 锐龙R5R7游戏本可选15.6英寸笔记本电脑 商务办公超薄本 昂福镭仕 吃鸡/LOL: 锐龙R5 20G内存+512G固态,4188.00,昂福镭仕电脑专营店,2000+条评价
36,100014351916,攀升 i3 10100F四核/GTX1650 4G独显/8G内存吃鸡游戏台式电脑DIY组装机,2599.00,攀升DIY电脑旗舰店,1300+条评价
37,71379602717,三星（SAMSUNG）13.3英寸Galaxy Book Flex 2020款QLED触屏超轻薄二合一笔记本电脑(十代i5/16G/512G SSD)蓝,10199.00,三星笔记本京东自营官方旗舰店,1800+条评价
38,100016024146,华硕(ASUS) 猎鹰V4 23.8英寸商用办公一体机电脑(酷睿i5 8G 128GSSD+1T  核芯显卡 全高清 上门售后)白,4599.00,华硕京东自营官方旗舰店,7700+条评价
39,20892538759,联想(Lenovo)扬天M6610D 九代英特尔酷睿i5六核商用办公台式电脑整机 23英寸全高清屏 定制 i5-9400 16G 1T+512G双硬盘,5899.00,联想扬天京东自营授权旗舰店,1500+条评价
40,100007691465,戴尔(DELL)灵越5401/5402 Urban14英寸新品酷睿高清全面屏固态影音轻薄笔记本电脑 5401-1828绿 十代i7 16G MX330 标配,5899.00,戴尔官方旗舰店,1800+条评价
41,10023100448562,微软Surface Laptop Go 超轻薄触控笔记本 冰晶蓝 | 12.4英寸 英特尔酷睿i5 8G 256G SSD 金属键盘 网课办公,6888.00,微软京东自营官方旗舰店,1.4万+条评价
42,100013379828,【9代主机】DELL戴尔3070MFF 微型台式电脑迷你小主机 小型台式机商用办公游戏MINI客厅 单主机 i3-9100T/8G/128G+1T/定制版,2980.00,戴尔商用千臣专卖店,4500+条评价
43,100006472385,联想威6 2020款 英特尔十代酷睿i5 15.6英寸轻薄笔记本电脑学生商用办公游戏本 2G独显 i5-1035G1 16G 512G固态｜热卖升级,4999.00,联想扬天授权旗舰店,1000+条评价
44,17202140272,微星（MSI）无烬X 水冷游戏台式电脑电竞主机 （十代i7-10700KF 16G RTX2070Super 1T+2T）三年上门,17888.00,微星京东自营旗舰店,1600+条评价
45,57940829879,华硕（ASUS）VivoBook15s轻薄笔记本电脑十代酷睿商务办公便携全面屏窄边框独显轻薄本 i5-1035G1丨MX330-2G丨14英寸银 8G内存丨512G固态/套餐三,4289.00,华硕智凝专卖店,2.3万+条评价
46,10022235903167,微星 MSI P100X 英特尔10代i7 设计师游戏台式电脑电竞主机 （i7-10700K 16G RTX2070Super 1T+2T）,17488.00,微星京东自营旗舰店,1600+条评价
47,100014086440,联想（Lenovo）启天M415 商用办公台式电脑 i5-6500/4G/1T/集显/无光驱 单主机（可定制win7),3999.00,,80+条评价
48,28364174578,京天 酷睿i5 10600KF/微星B460/RTX2060 6G吃鸡游戏台式电脑主机DIY组装机,4999.00,京天DIY电脑旗舰店,1800+条评价
49,11315860170,华为笔记本电脑MateBook13 超轻薄13英寸商务性能手提本2K全面屏 深空灰｜R5-4600H/16G/512G爆款,5099.00,华为新通路专卖店,7100+条评价
50,71201615258,联想（Lenovo）拯救者刃7000 2020 英特尔酷睿 设计师电竞游戏台机电脑主机 i5-10400/8G/256G/1650Sp,4799.00,联想京东自营官方旗舰店,100+条评价
51,69031606659,联想ThinkStation K十代酷睿i9处理器 商用台式电脑主机10900/8G/256SSD+1T/RW/300W/W10h/3年上门/改配,6499.00,联想商用自营旗舰店,100+条评价
52,26877580261,神舟战神TX6/ZX6系列十代酷睿i5六核处理器 GTX1650Ti 4G独显电竞游戏笔记本手提电脑 TX6-CU5升级版 十代i5 16G 512G,5399.00,神舟天美专卖店,7100+条评价
53,13822378658,攀升八核i7 9700/10700/华硕B365M/240G/8G办公台式机游戏电脑主机DIY组装机,3399.00,攀升DIY电脑旗舰店,1300+条评价
54,100008150191,"京品电脑	
惠普（HP）光影精灵6pro电竞版 新锐龙7nm 暗夜暗影电竞吃鸡游戏笔记本电脑旗舰店 R7-4800H八核 GTX1650Ti-4G旗舰 16G 512G PCIE【热款规格】 15.6英寸",6399.00,惠普授权旗舰店,2600+条评价
