﻿,goods_id,goods_name,goods_price,goods_store,goods_commit
0,100015870704,惠普(HP)星14 14英寸轻薄窄边框笔记本电脑(i5-1135G7 16G 512GSSD MX450 2G独显 FHD IPS 72% NTSC)初恋粉,6099.00,惠普京东自营官方旗舰店,1.3万+条评价
1,63837492993,联想ThinkPad E15 酷睿十代处理器 15.6英寸轻薄商务游戏笔记本电脑 I7-10710U 定制：（6DCD）16G 512G+1T机械 FHD/RX640 2G独显/office,7399.00,ThinkPad上海授权专卖店,1500+条评价
2,11943085281,戴尔（DELL）灵越5493/5593 燃5000 手提轻薄超极本商务办公网课学生游戏笔记本电脑 酷炫银|15.6英寸|i5-1035G1|2G独显 16G内存 256GPCIE固态+1T机械 定制版,4599.00,戴尔华宏创天专卖店,3万+条评价
3,25001799378,【支持win7专业版/旗舰版】联想E74商用办公税控台式机电脑主机20L机箱带串口并口 单主机（无显示器含键鼠） 定制i7-6700/8G/1T/2G独显,6699.00,联想朗通金牌专营店,2300+条评价
4,36234863347,DELL戴尔7070mff 微型台式电脑迷你小主机酷睿I5I7游戏商用台式机办公MINI客厅HTPC 单主机/含键盘鼠标 i7-9700T/16G/512G固态+1T/定制,5129.00,戴尔商用千臣专卖店,5600+条评价
5,21463870193,联想（Lenovo） 天逸510s 商用办公台式机电脑迷你主机 小机箱内置wifi 蓝牙 主机+21.5英寸显示器 【爆款】标配i3-10100 8G 1T 核显,2899.00,联想源睿台式机授权专卖店,2800+条评价
6,48958204361,2020款华为（HUAWEI）MateBook 14 全面屏轻薄商务办公固态笔记本手提电脑 皓月银 i5 10210U 16G 512G触摸屏,6788.00,华为兰焜专卖店,1400+条评价
7,100011946256,联想笔记本电脑 ideapad15S 2020款 锐龙R5 超轻薄本商务办公笔记本电脑 手提游戏本 定制：R5-4600U 8G 1T+512G固态,4199.00,联想华北授权专卖店,7800+条评价
8,10020315921664,联想(Lenovo)扬天V14 十代酷睿i5四核高性能轻薄学生超薄本商务办公游戏超级本手提笔记本电脑 定制 i5-1035G1/8G/512G固态 MX330 2G独显 全高清 星空灰,4799.00,联想扬天京东自营授权旗舰店,900+条评价
9,69379015969,联想（Lenovo）启天M415 商用办公台式电脑 i5-6500/4G/1T/集显 主机+19.5英寸显示器（可定制win7),4499.00,,50+条评价
10,67549386028,联想ThinkPad E490 酷睿版 英特尔i5 14英寸轻薄商务办公笔记本电脑 i5-8265U 8G 1T+128G固态 2G独显 2JCD,4599.00,ThinkPad京东官方自营旗舰店,4100+条评价
11,25168769081,宁美 i5 10400F/RTX2060 台式发烧游戏电脑主机电竞直播组装电脑/DIY组装机 标准版,4999.00,宁美官方旗舰店,400+条评价
12,10023320064601,华为荣耀MagicBook 14/15 全面屏笔记本电脑家用办公轻薄本商务超极本学生本超薄本 14英寸｜R5-3500U/16G/512G/集显 官方标配,4499.00,华为肆玖专卖店,700+条评价
13,51859838799,联想ThinkPad E480 14英寸窄边框商务办公手提笔记本电脑超轻薄本 酷睿八代 【i3】8G 500G机械@3PCD定制,2899.00,ThinkPad华东授权专卖店,1.4万+条评价
14,100007130003,攀升战神二代 i9 10900F创意设计师视频剪辑影视后期设计师水冷游戏台式电脑主机整机 【新品】十代i9 10900F | RTX3070,10999.00,攀升官方旗舰店,70+条评价
15,13648710172,【酷睿i7+独显2G游戏本】15.6英寸超轻薄窄边框笔记本电脑吃鸡金属商务办公大学生本便携超级本手提 酷睿i7 + GT940M 2G独显 16G内存 512G M.2固态,4199.00,iru旗舰店,1800+条评价
16,52531397735,"京品电脑	
惠普(HP)暗影精灵6 plus 17.3英寸游戏笔记本电脑(i7-10750H 16G 1TSSD RTX2070Super 8G独显)",12999.00,惠普（HP）OMEN暗影精灵京东自营旗舰店,7.8万+条评价
17,66001124380,联想YOGA C740 14英寸高色域超轻薄笔记本电脑 360°翻转触摸屏平板二合一酷睿十代 酷睿十代i5 16G 512G固态 云母金,6399.00,联想华东授权专卖店,1800+条评价
18,100010633416,【Win7电脑】联想台式机 扬天M6600D/M6603D商用办公台式电脑 开票税控电脑主机i5整机 单主机（含键鼠） 定制 i5 8G 128G+1T 无光驱 W7,4099.00,联想扬天华南授权专卖店,4700+条评价
19,100013458790,华硕(ASUS)笔记本电脑顽石6代i5轻薄本Y4200 14英寸学生办公手提电脑 冰钻银 升级丨i5-8265U 8G 1TB+256G固态,3888.00,华硕恩荣专卖店,1600+条评价
20,10022229864223,联想ThinkPad E15(3QCD)酷睿版 英特尔酷睿i5 15.6英寸轻薄笔记本电脑(i5-10210U 8G 512GSSD 2G独显 FHD)黑,5299.00,ThinkPad京东自营旗舰店,1.1万+条评价
21,100015095872,英特尔（Intel）NUC10i5FNH6  NUC迷你电脑主机 寒霜峡谷 内置第十代酷睿 i5-10210U 支持win10操作系统,2899.00,英特尔京东自营旗舰店,9300+条评价
22,100014025812,戴尔（DELL）旗舰店 灵越7490/7400 14英寸全面屏超轻薄设计师固态笔记本电脑 7400-1825 11代i7 16G MX350,8979.00,戴尔官方旗舰店,1800+条评价
23,72419186777,联想（Lenovo）ThinkPad E490 14英寸商务办公笔记本电脑 i5-8265U/8G/1T+128G固态/2G独显（可定制win7),5999.00,,30+条评价
24,30791623331,华硕(ASUS)猎鹰V4 23.8英寸一体机台式电脑(酷睿i7 16G内存 256GSSD+1T MX130 2G 高清 上门售后)白,6799.00,华硕京东自营官方旗舰店,7700+条评价
25,52176773642,戴尔(DELL)成就3881台式机电脑十代i5-10400商用办公迷你家用游戏美工直播整机四年上门 单主机(无显示器) i5 16G 1T 256G GTX1650 定制,4966.00,戴尔维克特睿专卖店,900+条评价
26,18316539671,联想(Lenovo)小新Pro13 2020锐龙版全面屏性能超轻薄笔记本电脑 8核16线程R7-4800U 16G 512G固态 2.5K屏 100%sRGB高色域)灰,5849.00,联想有点授权专卖店,1.6万+条评价
27,100002467250,DELL戴尔7070mff 微型台式电脑迷你小主机酷睿I5I7游戏商用台式机办公MINI客厅HTPC 单主机/含键盘鼠标 i7-9700T/32G/256G固态+1T/定制,5899.00,戴尔商用千臣专卖店,5600+条评价
28,64618139240,戴尔（DELL）Optiplex 3050/3060MT台式电脑办公商用台式机i3主机电脑整机 21.5英寸全高清屏/VGA接口 标机i3-9100/4G/1T/集成显卡,3099.00,戴尔商用雷泰龙专卖店,2600+条评价
29,100013255312,英特尔（Intel）NUC8i5BEK4 NUC迷你电脑主机 豆子峡谷 内置第八代酷睿i5-8259U 支持win10操作系统,2599.00,英特尔京东自营旗舰店,9300+条评价
30,14713428038,联想（Lenovo）小新Air14 2021酷睿i5/i7高性能游戏办公设计超轻薄笔记本电脑14英寸 高配丨十代i5 16G 512G固态丨MX350 星空银 11代芯能猛虎,5699.00,联想卓电授权专卖店,1.1万+条评价
31,70652194772,联想ThinkPad X13 Yoga（10CD）英特尔酷睿i7 13.3英寸轻薄笔记本电脑（i7-10510U 16G 1TSSD FHD 触控屏）,12999.00,ThinkPad京东自营旗舰店,1000+条评价
32,100007121391,联想拯救者R7000P 2020电竞游戏笔记本电脑 RTX2060独显6G 锐龙R7-4800H八核 32G内存 512G固态 钛晶灰 定制 144Hz高色域专业电竞屏,9488.00,联想华东授权专卖店,4.5万+条评价
33,100005171371,联想小新Air15 2021款 15.6英寸英特尔i5/i7超轻薄笔记本电脑IPS全面屏设计师办公本 i7-1165G7 16G 512G固态 MX450独显 100%sRGB高色域 银,7599.00,联想电脑授权专卖店,4.9万+条评价
34,69386121735,戴尔(DELL)灵越Inspiron 3881 全新酷睿十代高性能游戏独显娱乐办公台式电脑整机 19N9十代i7 16G 512G 1660S 官方标配,6899.00,戴尔官方旗舰店,100+条评价
35,67515660190,宁美-魂-白骑士 十代i5 10400F/GTX1660S/华硕460M/16G/512G SSD台式DIY组装电脑/UPC,4579.00,宁美国度京东自营旗舰店,8200+条评价
36,100013160270,神舟(HASEE)精盾U45S2 英特尔酷睿i5-10210U 14英寸72%色域轻薄笔记本电脑(8G 512G PCIeSSD MX250 2G IPS),4099.00,神舟电脑京东自营旗舰店,5.4万+条评价
37,100014113424,联想V14 2020款高端性能十代酷睿i3独显窄边框超薄本轻薄学生超极本游戏商务办公手提笔记本电脑 定制 i3-1005G1 12G 512G+1T MX330 2G独显 全高清屏 星空灰,4899.00,联想扬天京东自营授权旗舰店,2200+条评价
38,70334368651,戴尔（Dell）成就3881台式电脑全套整机 十代i5/i3办公财务设计商用家用台式机电脑迷你单主机 +23.8英寸IPS低蓝光显示器 i5丨8G丨1T+256GM.2丨核显丨定制,4499.00,戴尔菱悦专卖店,1100+条评价
39,69247330554,联想V330（V110升级款） 14英寸超轻薄商务办公学生独显笔记本电脑 A4-9125 8G内存 256G固态 2G独显 全高清屏 星空灰 精装升级,3099.00,联想佳运汇通专卖店,3900+条评价
40,100009107835,华为荣耀笔记本电脑MagicBook Pro 16.1英寸全面屏轻薄本高清屏win10版 【锐龙版】R5-3550H 16G 512G银色,4699.00,荣耀京诚专卖店,1100+条评价
41,100015491592,联想(Lenovo)扬天M6610d 英特尔酷睿九代i5六核商务家用网课办公台式电脑整机 21.5英寸全高清屏 定制 i5-9400/16G/1T+256G固态,5299.00,联想扬天京东自营授权旗舰店,200+条评价
42,100014450514,华硕a豆adolbook13 2020 英特尔酷睿i5高颜值轻薄本笔记本电脑(i5-1035G1 16G 512G MX350 100%sRGB)迷幻海洋,6099.00,华硕京东自营官方旗舰店,1.2万+条评价
43,100006358033,联想ThinkPad T14 酷睿版 英特尔酷睿i5 2020款(0ACD) 14英寸轻薄笔记本电脑(i5-10210U 16G 512GSSD 2G独显 UHD 4K屏),9999.00,ThinkPad京东自营旗舰店,5400+条评价
44,29321058533,华硕(ASUS) 天选 15.6英寸游戏本笔记本电脑新锐龙 7nm 窄边框144Hz电竞屏游戏本 钛空灰 R7-4800H RTX2060 16G内存+512G高速固态,8499.00,茂双笔记本旗舰店,4200+条评价
45,21055546953,联想(Lenovo)扬天M7800d 锐龙R5四核高性能商务家用网课办公台式电脑整机 21.5英寸全高清屏 定制 R5-2400G/16G/1T+256G固态,4699.00,联想扬天京东自营授权旗舰店,300+条评价
46,61342274264,雷神（ThundeRobot）911黑武士Ⅱ 十代酷睿水冷吃鸡游戏台式电脑主机高端设计制图编程台式机 水冷十代i7-10700/RTX2070-8G 8GB内存 256GB NVMe+1TB机械,8799.00,雷神汇智云端专卖店,2200+条评价
47,100013255298,攀升 高达扎古正版授权 水冷游戏台式机电脑主机（十代i7-10700F RTX3080-10G 32G 1TBSSD 3年上门）,16999.00,攀升京东自营官方旗舰店,9300+条评价
48,100016024138,华硕(ASUS) 猎鹰M4 23.8英寸一体机台式电脑(AMD R5-3500U 8G 512G固态 WIFI蓝牙 全高清 上门售后)白,3799.00,华硕京东自营官方旗舰店,7700+条评价
49,100007651446,戴尔DELL灵越5000 15.6英寸高性能轻薄笔记本电脑(十代i7-1065G7 32G 512GSSD MX330 2G独显)星空灰,6999.00,戴尔京东自营官方旗舰店,5.4万+条评价
50,100005557587,联想(Lenovo)扬天M6610D 九代英特尔酷睿i5六核商用办公台式电脑整机 单主机 定制 i5-9400 8G 1T+128G双硬盘,4299.00,联想扬天京东自营授权旗舰店,1500+条评价
51,42726942345,联想ThinkPad S3 2020(05CD)英特尔酷睿i7 14英寸轻薄笔记本电脑(i7-10510U 16G 512G傲腾增强型SSD)钛度灰,8899.00,ThinkPad京东自营旗舰店,4200+条评价
