﻿,goods_id,goods_name,goods_price,goods_store,goods_commit
0,28039587297,武极 十代酷睿i5 10400F/10600KF/GTX1650/240G 游戏台式吃鸡电脑主机/ DIY组装机,3488.00,武极电脑DIY旗舰店,3300+条评价
1,26687721130,鑫锐 i7 10700升酷睿i9/R7/RTX2060 3070吃鸡游戏直播台式电脑主机DIY组装机 配置五(升级版):R7八核/RTX2070,5599.00,鑫锐电脑旗舰店,2.1万+条评价
2,51964624758,水冷高配intel/GTX1660super吃鸡家用游戏型diy家用台式电脑组装电脑主机全套整机 套餐三 吃鸡低效流畅款,2099.00,振平组装电脑旗舰店,3.6万+条评价
3,11782675167,鑫锐 i7 10700升酷睿i9/R7/RTX2060 3070吃鸡游戏直播台式电脑主机DIY组装机 配置四(升级版):R7八核/RTX2060,4699.00,鑫锐电脑旗舰店,2.1万+条评价
4,100008930276,宁美国度 魂 游戏台式机电脑主机（i3 9100F GTX1050Ti 4G独显 256G SSD大容量固态硬盘 送键鼠）,2399.00,宁美国度一体机京东自营旗舰店,2100+条评价
5,55334840625,小黄鱼 十代i5 10400F 游戏台式电脑主机 16G内存 电竞直播组装全套整机 单主机（不带显示器） 套餐二 光追RTX2060 6G+500G M.2,5188.00,小黄鱼旗舰店,1300+条评价
6,100012207776,机械师（MACHENIKE）逐空T58竞技版 15.6英寸游戏本笔记本电脑（十代酷睿i7 8G 512G GTX1650Ti 4G）,6299.00,机械师京东自营旗舰店,1万+条评价
7,55334840627,小黄鱼 十代i5 10400F 游戏台式电脑主机 16G内存 电竞直播组装全套整机 主机+AOC C27G2 165Hz电竞曲面显示器 套餐二 光追RTX2060 6G+500G M.2,6298.00,小黄鱼旗舰店,1300+条评价
8,34029344424,佐瀚（zuohan）酷睿i5四核/E5系列八核/6G独显台式电脑主机家用商务办公组装电竞游戏电脑整机 套餐二 酷睿i5四核+4G独显主机+24英寸显示器,2199.00,淘森电脑专营店,1.3万+条评价
9,100008943921,攀升商睿2代办公商用台式机电脑主机（AMD A10升级版200GE 8G 240GSSD 商务键鼠 3年上门）,1399.00,攀升京东自营官方旗舰店,4.6万+条评价
10,20389465193,狄派酷睿i5-9400F六核/游戏独显/吃鸡台式电脑主机/电竞高配组装电脑游戏整机全套 电脑主机 套餐六【推荐】(九代i5+GTX1650 4G),3489.00,狄派电脑旗舰店,3.3万+条评价
11,41390470613,攀升 AMD锐龙R5 2600/GTX1650台式吃鸡游戏电脑主机/DIY组装机 R5 2600+GTX1650,2699.00,攀升DIY电脑旗舰店,7000+条评价
12,100015489388,华硕(ASUS) 灵耀X逍遥 英特尔Evo平台11代酷睿i7 13.3英寸轻薄4K OLED触控笔记本(i7-1165G7 16G 512G)墨玉黑,9999.00,华硕京东自营官方旗舰店,3200+条评价
13,39655782905,联想新品IdeaPad14s 2020款 十代英特尔酷睿i3/i5 14英寸 高性能轻薄笔记本电脑 Intel i3 10110U银 精选款丨8G内存+256G固态,3149.00,联想航电授权专卖店,5.8万+条评价
14,30240147161,亚当贝尔 十代酷睿i5/i7-10700F八核/GTX2060电竞办公游戏吃鸡组装台式电脑主机整机 主机+27英寸曲面电竞显示器 配置二：十代酷睿i5/1650 4G/512G,4099.00,亚当贝尔电脑旗舰店,2.8万+条评价
15,100014025814,攀升商睿2Pro设计师办公商用台式机电脑主机（十代i7-10700F 16G 512G+2T RX550-4G独显 3年上门）,5799.00,攀升京东自营官方旗舰店,4.6万+条评价
16,100013333078,攀升商睿2Pro设计师办公商用台式机电脑主机（十代i5-10400F 16G 256G+2T RX550-4G独显 3年上门）,3999.00,攀升京东自营官方旗舰店,4.6万+条评价
17,100014486172,攀升商睿M迷你办公商用台式机电脑主机（英特尔4核J4105 8G 120GSSD 商务键鼠 3年上门）,1099.00,攀升京东自营官方旗舰店,4.6万+条评价
18,1741622741,武极 英特尔酷睿i5 10400企业家用办公游戏台式电脑主机设计师电脑DIY组装机 10400+8G+480G【JD仓配】,2488.00,武极电脑DIY旗舰店,3.9万+条评价
19,100005092794,攀升商睿M迷你办公商用台式机电脑主机（英特尔4核J3160 8G内存 120GSSD 商务键鼠 3年上门）,999.00,攀升京东自营官方旗舰店,4.6万+条评价
20,100002017879,攀升商睿2代办公商用台式机电脑主机（十代赛扬G5905 8G 256GSSD 商务键鼠 3年上门）,1699.00,攀升京东自营官方旗舰店,4.6万+条评价
21,100010228666,攀升 商睿2代 办公商用台式机电脑主机（AMD A10-9700四核 8G 240GSSD 商务键鼠 3年上门）,1599.00,攀升京东自营官方旗舰店,4.6万+条评价
22,100010233072,攀升迁跃者M迷你办公商用台式机电脑主机（英特尔4核J4105 8G 256GSSD WiFi 蓝牙 3年上门）全铝版,1399.00,攀升京东自营官方旗舰店,4.6万+条评价
23,100014748818,联想（Lenovo）扬天威6 2020款 英特尔酷睿i5 14英寸窄边框轻薄学生办公游戏笔记本电脑 标配丨十代i5 8G内存 512G固态 2G独显,4299.00,联想严选授权专卖店,4500+条评价
24,100015174284,微星(msi)侠客GF63 15.6英寸轻薄窄边框游戏笔记本电脑(十代i5 8G 512G SSD GTX1650 MQ 144Hz电竞屏),5399.00,微星游戏本京东自营官方旗舰店,1万+条评价
25,100014278632,攀升商睿2代办公商用台式机电脑主机（十代i5-10400 16G 256GSSD 商务键鼠 3年上门）,2999.00,攀升京东自营官方旗舰店,4.6万+条评价
26,1239056764,攀升商睿2代办公商用台式机电脑主机（十代i5-10400F 16G 256G+1T 2G独显 商务键鼠 3年上门）,3599.00,攀升京东自营官方旗舰店,4.6万+条评价
27,100009093223,武极 intel酷睿i3 10100F/GTX1050TI吃鸡游戏台式电脑主机/DIY组装机,2288.00,武极电脑DIY旗舰店,1.4万+条评价
28,100011979220,联想(Lenovo)GeekPro 2020 AMD锐龙设计师游戏台式电脑主机(Ryzen5_3600 16G 1T+256G 4GB显卡 ),3699.00,联想京东自营旗舰店,4.1万+条评价
29,100007291152,Apple 2020新款 MacBook Air 13.3 Retina屏 十代i5 8G 512G SSD 金色 笔记本电脑 轻薄本 MVH52CH/A,9399.00,Apple产品京东自营旗舰店,3.8万+条评价
30,100006589421,神舟 HASEE 新瑞E20-4340S2W 商用办公台式电脑主机 (G4930 4G DDR4 256GSSD 内置WIFI WIN10),1588.00,神舟电脑京东自营旗舰店,8000+条评价
31,100013119080,Apple 2020新款 MacBook Air 13.3 Retina屏 十代i5 8G 512G SSD 银色 笔记本电脑 轻薄本 MVH42CH/A,9399.00,Apple产品京东自营旗舰店,3.8万+条评价
32,45123262331,华硕(ASUS) VivoBook15s 英特尔酷睿i7 新版15.6英寸轻薄笔记本电脑(i7-1065G7 8G 512GSSD MX330 2G独显)银,5699.00,华硕京东自营官方旗舰店,4.4万+条评价
33,100014057144,"京品电脑	
机械师T58-V 全面屏游戏本十代i7-10750H/GTX1650Ti独显游戏笔记本电脑 竞速版16G/512G PCIE高速固态+1TB",7389.00,MACHENIKE机械师旗舰店,3.2万+条评价
34,44485032939,"京品电脑	
宏碁(Acer) 暗影骑士·威N50-N93游戏台式机 吃鸡游戏电脑主机(十代i5-10400F 16G 512G SSD GTX1660Super 6G)",5299.00,宏碁京东自营旗舰店,1.1万+条评价
35,52677010993,"京品电脑	
机械师T58-V 全面屏游戏本十代i7-10750H/GTX1650Ti独显游戏笔记本电脑 荣耀版8G/512G PCIE高速固态",6589.00,MACHENIKE机械师旗舰店,3.2万+条评价
36,100015870744,武极 天启 三代AMD R5 3600游戏台式吃鸡电脑主机/DIY组装机/台式机电脑主机/组装电脑 三代R5 华硕RX590 8G 240G,3788.00,武极电脑DIY旗舰店,1万+条评价
37,60207481892,惠普(HP)星14 14英寸轻薄窄边框笔记本电脑(i5-1135G7 16G 512GSSD MX450 2G独显 FHD IPS 72% NTSC)月光银,6099.00,惠普京东自营官方旗舰店,1.3万+条评价
38,55786476684,华为笔记本电脑MateBook 14 2020款 轻薄本手提全面屏商务办公超极本 灰｜十代i5 16G 512G 独显触屏版【现货】 标配【预装Office】,6599.00,华为千百回专卖店,1.3万+条评价
39,70018779303,华为笔记本电脑MateBook 14 2020款 轻薄本手提全面屏商务办公超极本 银｜十代i5 16G 512G 独显触屏版【稀缺】 标配【预装Office】,6599.00,华为千百回专卖店,1.3万+条评价
40,100006461099,联想小新15锐龙版 2020款15.6英寸大屏六核八核家用办公学生网课学习手提轻薄笔记本电脑 银色｜R7-4800U八核/16G/512G｜旗舰 带office,5699.00,联想众信授权专卖店,6200+条评价
41,100012443348,"京品电脑	
宏碁(Acer)传奇 14英寸 新7nm六核处理器 高性能轻薄本 全金属 宏基笔记本电脑(R5-4500U 8G  512GSSD Win10)",3699.00,宏碁京东自营旗舰店,2.3万+条评价
42,4820571,华硕(ASUS) 灵耀X2 Duo 英特尔酷睿i7 双屏轻薄14英寸设计办公笔记本电脑(i7-10510U 16GB 1T 高色域)翡翠玉,10999.00,华硕京东自营官方旗舰店,2800+条评价
43,100000980844,攀升 E26 升十代i3 10100四核/H410M/高频8G/240G固态/商务键鼠/家用办公企业采购台式电脑主机/京东UPC,2099.00,IPASON攀升电脑京东自营旗舰店,5.2万+条评价
44,100002310026,攀升（IPASON）E22 升AMD锐龙3 3200G四核/240G固态/高频8G/商务键鼠/家用办公游戏台式组装电脑主机京东UPC,1799.00,IPASON攀升电脑京东自营旗舰店,2.2万+条评价
45,57773460022,攀升 E29 升i5 10400六核/H410/8G DDR4/480G固态/商务键鼠/家用办公企业采购台式主机DIY组装电脑UPC,2799.00,IPASON攀升电脑京东自营旗舰店,2.2万+条评价
46,31689877496,联想小新Air14锐龙版2020款R5笔记本电脑超薄本六核超级本R7学生用轻薄女生商务办公游戏超极本 标配【R5-4600U 16G 512G固态】灰 IPS屏,5199.00,联想率秀图新授权专卖店,4.7万+条评价
47,49681708909,15.6英寸 超簿本 轻薄本 笔记本电脑轻薄 超级本 学生网上课堂电脑 远程办公电脑 笔记本电脑 J4105四核 8G内存 128G固态【畅】,1498.00,YEPO电脑旗舰店,2.7万+条评价
48,50532516299,联想新品IdeaPad14s 2020款 十代英特尔酷睿i3/i5 14英寸 高性能轻薄笔记本电脑 Intel i3 10110U银 标配款丨 8G内存+512G固态,3449.00,联想航电授权专卖店,5.8万+条评价
49,49938064797,战神盟主 酷睿i5 9400F/i7四核/GTX1060独显 吃鸡游戏台式机电脑主机组装整机 主机+24英寸曲面显示器 i7四核/16G/240G/GTX1060独显3G,3468.00,战神盟主电脑旗舰店,3500+条评价
50,48912973159,战神盟主 酷睿i5 9400F/i7四核/GTX1060独显 吃鸡游戏台式机电脑主机组装整机 电脑主机 i7四核/16G/240G/GTX1060独显6G,3499.00,战神盟主电脑旗舰店,3500+条评价
51,11672444044,战神盟主 酷睿i5 9400F/i7四核/GTX1060独显 吃鸡游戏台式机电脑主机组装整机 电脑主机 i7四核/16G/240G/GTX1060独显3G,2899.00,战神盟主电脑旗舰店,3500+条评价
52,100009090439,酷耶(Cooyes) i5 9400F/GTX1060独显/台式机电脑主机整机全套组装家用游戏电竞 GTX1060 3G独显吃鸡+24英寸显示器,3098.00,酷耶电脑旗舰店,6万+条评价
53,69567726429,攀升MaxBook P1 15.6英寸英特尔4核学生商务办公轻薄笔记本电脑（J4105 8G 256GSSD IPS屏 零噪音 金属机身）,2199.00,攀升京东自营官方旗舰店,100+条评价
54,100007136939,联想(Lenovo)扬天M6610d 英特尔酷睿九代i5六核商务家用网课办公台式电脑整机 23英寸IPS全高清屏 定制 i5-9400/8G/1T+128G固态,4999.00,联想扬天京东自营授权旗舰店,200+条评价
55,100013068396,"京品电脑	
戴尔(DELL)G5 英特尔酷睿i7电竞游戏本笔记本电脑(十代标压i7 16G内存 512G固态硬盘 RTX 2060 6G 144Hz)",8399.00,戴尔京东自营官方旗舰店,4.6万+条评价
56,100004222743,逆世界 八核/860K/GTX1060 3G独显/16G吃鸡游戏台式组装电脑主机/DIY组装机 套餐二：高频860K/GTX1060 3G吃鸡独显,1759.00,逆世界电脑DIY旗舰店,6.7万+条评价
57,100006809447,"京品电脑	
戴尔(DELL)G5 英特尔酷睿i7电竞游戏本笔记本电脑(十代标压i7 16G内存 512G固态硬盘 GTX 1660Ti 6G 144Hz)",7999.00,戴尔京东自营官方旗舰店,4.6万+条评价
