﻿,goods_id,goods_name,goods_price,goods_store,goods_commit
0,1475853788,典籍（DIANJI） 一体机电脑 酷睿I3/I5/I7/四核独显办公游戏台式电脑整机 23.6英寸/酷睿i5/4G/升256G固态,1599.00,鑫石电脑专营店,2.5万+条评价
1,40910164162,鑫锐 i7 10700/R7/GTX1080升RTX2070游戏吃鸡台式办公电脑主机/DIY组装机 配置四：升级版R7-RTX2060 6G,4999.00,鑫锐电脑旗舰店,1300+条评价
2,10330829018,航向者i5 9400F/10400F/4G电竞独显/240G吃鸡游戏台式组装电脑主机/DIY组装机 配置二/i5 10400F/4G电竞显卡,2599.00,航向者组装电脑旗舰店,2万+条评价
3,10021106535353,设计师电脑i7 10700美工作图视频剪辑平面绘图办公台式DIY组装高配主机全套带27英寸显示器 I7 10700+16G+500G+27显示器 准系统英特尔核心显卡,5299.00,深图师官方旗舰店,1200+条评价
4,24141281665,名龙堂 i7 10700K/RTX3080/3090高配播电竞专用吃鸡水冷台式主机DIY组装电脑,11999.00,名龙堂DIY电脑旗舰店,1100+条评价
5,100007278661,戴尔DELLXPS13-9300 13.4英寸酷睿i5新款4K全面屏超轻薄轻奢笔记本电脑(i5-1035G1 8G 512G)白 送两年碎屏保,13999.00,戴尔京东自营官方旗舰店,1.1万+条评价
6,40033909503,华为笔记本MateBook 13 2020新款13英寸超薄本全面屏轻薄商务办公学生笔记本电脑超极本 八核R7-4800H/16G/512G/银色,5788.00,华为比特专卖店,5500+条评价
7,21463870189,联想（Lenovo） 天逸510s 商用办公台式机电脑迷你主机 小机箱内置wifi 蓝牙 主机+19.5英寸LED显示器 【爆款】标配i3-10100 8G 1T 核显,2799.00,联想源睿台式机授权专卖店,2800+条评价
8,61690323031,惠普（HP）战66 三代 AMD版 2020款超轻薄 笔记本电脑 满血锐龙 商务办公编程设计手提电脑 15.6英寸 满血AMD版 定制升级 R5-4500U六核 16G 512G固态,4199.00,惠普商域专卖店,400+条评价
9,10023340586890,联想(Lenovo)YOGA14s英特尔十一代酷睿Evo平台2021款全面屏超轻薄笔记本电脑 i5-1135G7 16G 512G 深空灰 2.8K 90Hz高色域,6579.00,联想昌盛授权专卖店,5条评价
10,71581619820,小米RedmiBook 14 二代MX350独显高性能超轻薄笔记本电脑全面屏全金属红米办公学生游戏本 【10nm酷睿十代i5 16G  512G固态】 office办公软件 荣耀银,4699.00,小米官方授权专卖店,9100+条评价
11,100006358029,联想YOGA14s 2021款高刷新率 英特尔Evo平台 全面屏超轻薄笔记本电脑 旗舰版丨i5-1135G7 16G 512G 锐炬°X高性能显卡 Dc调光 2.8K超清屏 灰,6599.00,联想电脑授权专卖店,1.9万+条评价
12,100006730480,联想ThinkPad S3 2020(03CD)英特尔酷睿i5 14英寸轻薄笔记本电脑(i5-10210U 8G 256GSSD+1T RX640独显)钛度灰,6699.00,ThinkPad京东自营旗舰店,4200+条评价
13,61690323029,攀升 M96K 10代i7 10700K/丽台P2200 5G/Z490/250G+2T机械/16G/水冷设计渲染建模专业图形主机/组装电脑台式,8999.00,IPASON攀升电脑京东自营旗舰店,2700+条评价
14,28716176968,惠普（HP）战66 三代 AMD版 2020款超轻薄 笔记本电脑 满血锐龙 商务办公编程设计手提电脑 15.6英寸 满血AMD版 定制升级  R5-4500U六核 8G 512G固态,3899.00,惠普商域专卖店,400+条评价
15,10424810717,联想(Lenovo)旗舰店小新Air 14英寸 全新11代轻薄独显便携笔记本电脑 定制i5-1035G1/16G/1TB 固态   MX350 2G 轻奢灰,5899.00,联想授权旗舰店,2.1万+条评价
16,31595170137,联想(Lenovo)yoga14s超轻薄14英寸手提笔记本电脑全新十代处理器 标配i7-1065G7/16G/512G/2G/灰,6599.00,联想授权旗舰店,3000+条评价
17,71354290734,戴睿2020指纹解锁超轻薄笔记本电脑15.6英寸窄边框全新四核便携手提学生商务办公游戏上网本背光键盘 贵雅红 【套7】【限量升级】16G+512G+500G,2658.00,戴睿旗舰店,2.1万+条评价
18,25168769084,联想IdeaPad14s 2020款笔记本电脑超薄本14英寸十代i3轻薄女生学生商务办公游戏超级本 定制｜I3-10110U 20G内存 512G固态 荣耀银,3989.00,联想率秀图新授权专卖店,4700+条评价
19,100013772962,华为笔记本MateBook 13 2020新款13英寸超薄本全面屏轻薄商务办公学生笔记本电脑超极本 八核R7-4800H/16G/512G/粉金/触屏,5999.00,华为比特专卖店,5500+条评价
20,10021713150898,联想ThinkPad E480 14英寸窄边框商务办公手提笔记本电脑超轻薄本 酷睿八代 【i5】8G 512G固态@3RCD定制,4099.00,ThinkPad华东授权专卖店,1.4万+条评价
21,11285736721,联想(Lenovo)扬天M6610d 英特尔酷睿九代i5六核商务家用网课办公台式电脑整机 27英寸IPS全高清 窄边框屏 标配 i5-9400/4G/1T+128G固态,4999.00,联想扬天京东自营授权旗舰店,200+条评价
22,55597537697,戴尔DELL 全新XPS17-9700 17英寸英特尔酷睿i7设计触屏笔记本电脑(i7-10875H 16G 512G RTX2060MQ 6G独显)银,24999.00,戴尔京东自营官方旗舰店,1.1万+条评价
23,72161763232,苹果（Apple）ipad2019/2020新款第8代10.2英寸air2更新版平板电脑 WiFi版 2020款 深空灰色 128G 定制笔+ 壳膜,3289.00,APPLE翔合专卖店,18万+条评价
24,69477945839,鑫彩影19英寸一体机电脑家用曲屏商用办公设计台式电脑i3i5i7四核整机 A3:19英寸/酷睿i5/8G/120G固态,958.00,鑫彩影一体机电脑旗舰店,500+条评价
25,69084604333,联想ThinkPad P15V i5/i7轻薄移动图形工作站3D建模设计师15.6英寸绘图笔记本电脑 04CD】P620专业卡FHD屏i7-10750H 【定制升配】32G内存 512G+1TB双固态,10799.00,ThinkPad华南授权专卖店,2200+条评价
26,10023595273521,2020新款华为MateBook D14/15轻薄本全面屏商务办公学生设计手提超薄笔记本电脑 D15银独显i7 16G 512G 原装包鼠,7199.00,华为康特专卖店,4700+条评价
27,30748195878,华硕VivoBook15s 2020款笔记本电脑十代酷睿i515.6英寸轻薄商务办公学生本 冰晶银 v5200 i5-1035G1/MX330 12G/512G固态,4899.00,华硕亿维专卖店,400+条评价
28,100004384651,世纪之星 英特尔酷睿i3-9100F升酷睿i5/GTX1650独显吃鸡多开LOL游戏组装电脑台式整机 主机+24英寸曲面显示器 配置二：酷睿i5/4G独显/8G,2299.00,世纪之星电脑整机旗舰店,200+条评价
29,27738102355,戴尔（DELL）灵越5300燃5000十代酷睿i5/i7女大学生游戏办公轻薄设计师粉色手提笔记本电脑 72%高色域屏 | 四边窄边框 | 13.3英寸 i5-10210U/8G/1T/MX330银色,6188.00,戴尔佳富惠呈专卖店,500+条评价
30,36528671370,亚当贝尔24-27英寸曲面超薄一体机电脑 酷睿i5/i7独显游戏组装吃鸡办公家用台式电脑主机整套 27英寸/酷睿i7/8G/256G,2699.00,亚当贝尔电脑旗舰店,1.9万+条评价
31,100009070567,联想ThinkPad P1隐士(0PCD)15.6英寸轻薄图站笔记本(i7-9750H 16G 512GSSD T1000 4G独显 100%sRGB 3年保修),14999.00,ThinkPad京东自营旗舰店,1300+条评价
32,33793204887,戴尔（DELL）燃7000 灵越5493/5490/5590 轻薄超极本商务办公学生手提笔记本电脑 15.6英寸|i5-1035G1|MX230-2G 8G内存 512GPCIE固态硬盘 疾速推荐版,4199.00,戴尔华宏创天专卖店,2万+条评价
33,65997444670,AOC六核一体机电脑9代I5/酷睿I3I7高配游戏家用办公台式一体式整机 23.8英寸 i3-9100 8G 512G固态,3499.00,AOC云信一体机专卖店,2.8万+条评价
34,100008704963,【新品酷睿四核i7+IPS屏】15.6英寸轻薄金属笔记本电脑 超薄高性能游戏本办公商务本大学生超级本 高频版 酷睿i7+ 16G内存/256G固态+1000G,3799.00,iru旗舰店,3200+条评价
35,64883280189,微软Surface Laptop Go 超轻薄触控笔记本 砂岩金 | 12.4英寸 英特尔酷睿i5 8G 128G SSD 金属键盘 网课办公,5488.00,微软京东自营官方旗舰店,1.4万+条评价
36,13474073852,Apple MacBook Pro 2020新款/19款13.3英寸笔记本电脑 20款 高配 512G 银色,13288.00,集合数码专营店,7600+条评价
37,66850491404,华硕(ASUS)笔记本电脑顽石6代i5轻薄本Y4200 14英寸学生办公手提电脑 星空灰 推荐丨i5-8265U 8G 256G固态 2G,3599.00,华硕恩荣专卖店,1600+条评价
38,71088934037,联想扬天V系列 2020款14英寸酷睿i5四核高端性能学生超薄本家用轻薄游戏商务办公手提笔记本电脑 定制i5-1035G1/16G/512G固态 2G独显 IPS全高清屏 星空灰,5669.00,联想扬天京东自营授权旗舰店,2100+条评价
39,23724462079,Apple iPad Air 10.9英寸 平板电脑（ 2020年新款 256G WLAN版/A14芯片/触控ID/全面屏MYFW2CH/A）银色,5999.00,Apple产品京东自营旗舰店,1.7万+条评价
40,10020152149100,惠普（HP）光影精灵6 plus 暗影精灵5游戏本学生吃鸡电竞本15.6英寸独显笔记本电脑 16.1 i5十代 1650-4G 72色域 主推版16G内存512G SSD 定制,5989.00,惠普康特专卖店,2300+条评价
41,30114406025,PC大佬 i7 10700/F/P2200设计师电脑5G独显机械设计3D建模渲染组装图形台式主机 32G内存 专业作图视频剪辑编辑制作影视后期平面绘图3D,7100.00,PC大佬DIY电脑旗舰店,1600+条评价
42,69654953829,华硕（ASUS）VivoBook14 2020笔记本电脑i5超薄轻薄本14英寸手提办公 冰钻银 十代i5-1035G1 8G 1TB大固态 MX330-2G独显,4588.00,华硕恩荣专卖店,4900+条评价
43,57498239003,【可选十代】戴尔OptiPlex7080mt台式电脑主机游戏商用台式机工作站7070mt升级定制款 i9-10900K/32G内存/256G固态+2T R5 430-2G【推荐】,9599.00,戴尔商用北纬专卖店,2000+条评价
44,10021726889852,【2020新款】戴尔（DELL）灵越5000 14.0英寸酷睿i5超极轻薄学生商务办公游戏笔记本电脑 【十代新-灵越14/银】 爆卖款丨十代i5/8G/512G/MX230,4499.00,卓品数码旗舰店,1.1万+条评价
45,64317643125,ROG 光刃G15 10代英特尔酷睿 侧透电竞游戏台式电脑主机 星空黑 i7-10700KF 2060S 1T机械  1T SSD 16G,10999.00,玩家国度ROG官方旗舰店,70+条评价
46,51126643793,联想(Lenovo)扬天M6610D 九代英特尔酷睿i5六核商用办公台式电脑整机 23英寸全高清屏 定制 i5-9400 8G 1T硬盘,4799.00,联想扬天京东自营授权旗舰店,1500+条评价
47,53295643620,戴尔（DELL）灵越5493/5593 燃5000 手提轻薄超极本商务办公网课学生游戏笔记本电脑 酷炫银|14.0英寸|i7-1065G7|2G独显 16G内存 256GPCIE固态+1T机械 定制版,5599.00,戴尔华宏创天专卖店,3万+条评价
48,25168769080,世纪之星 酷睿i7四核/GTX750独显/8G内存商务办公游戏LOL娱乐影音直播整机台式电脑主机全套 主机+24英寸显示器 酷睿i7/GTX750独显/8G,2199.00,世纪之星电脑整机旗舰店,40+条评价
49,71685671013,【高性能独显+8秒开机】15.6英寸窄边框轻薄大学生学习办公商务游戏本 快速者K83超级笔记本电脑 8代英特尔3867U+独显2G+ 8G内存+128G固态硬盘,2488.00,快速者电脑旗舰店,700+条评价
50,65456151000,APPLE苹果ipad2019/2020新款10.2英寸iPad平板电脑air2更新版第7代/8代 2020款银色 128G WLAN版 标配 【火爆】,3069.00,疆界旗舰店,9400+条评价
51,53102791256,"拍拍	
【二手9成新】联想电脑台式机酷睿i5/i7固态512G商务办公家用网课学习二手电脑主机 套餐九【酷睿i5高配8G 240G固独显送22寸】",1699.00,淘正二手电脑专营店,2800+条评价
52,71592489341,雷诺塔 i5 10600KF/RTX3070电竞游戏直播台式电脑主机/DIY组装,6799.00,雷诺塔组装电脑旗舰店,10+条评价
