﻿,goods_id,goods_name,goods_price,goods_store,goods_commit
0,100012773524,微星(msi)绝影2 GS66 15.6英寸轻薄游戏本笔记本电脑(十代酷睿i7 240Hz 16G 512G RTX2060 PD快充),10999.00,微星游戏本京东自营官方旗舰店,1万+条评价
1,28879544659,戴尔（DELL）OptiPlex7070MT i7八核商用办公绘图渲染游戏台式电脑 7060MT升级 单主机丨带有线键盘鼠标 i7-9700丨16G 1T+128G丨集显 定制,5199.00,戴尔商用恒实专卖店,2100+条评价
2,10021950549461,2020新款平板电脑12英寸全网通4g安卓平板手机十核10g平板高清学习机超薄大屏娱乐吃鸡游戏平板 小米金64g（免费试用+分期免息+12重豪礼） 12英寸移动...,538.00,博智星颍川世家专卖店,3800+条评价
3,100002922559,华为笔记本MateBook D 14 15 全面屏超轻薄商务办公手提电脑学生本 D15银六核R5-4500U 16G 512G固态,4999.00,华为德信专卖店,1万+条评价
4,1803497349,京天 决斗D926 i5 10600KF/B460/RTX3070 8G/16G DDR4/500G固态台式Apex英雄吃鸡游戏组装电脑主机UPC,7999.00,京天（KOTIN）电脑京东自营旗舰店,2500+条评价
5,10022234700463,机械师T58-V 全面屏游戏本十代i7-10750H/GTX1650 4G独显轻薄游戏笔记本电脑 荣耀版8G/512G PCIE高速固态,5979.00,MACHENIKE机械师旗舰店,3.2万+条评价
6,100006365929,华为笔记本MateBook 13 2020款锐龙超薄本全面屏轻薄本超极本商务办公学生手提笔记本电脑 灰｜锐龙R5 16G+512G非触屏【预售 MateBook13 标配,4999.00,华为兴汇聚专卖店,1万+条评价
7,49929232406,戴尔(DELL) 灵越5301 Urban13.3英寸11代酷睿全高清轻薄全面屏办公笔记本电脑 5301-2625粉预订 i5 16G MX350 官方标配,5799.00,戴尔官方旗舰店,800+条评价
8,66886194903,LG gram20款14英寸Wifi6 999克 雷电3长续航 十代酷睿i5-1035G7 8G 512GB轻薄本笔记本电脑银色14Z90N-V.55,8099.00,LG笔记本电脑京东自营旗舰店,1万+条评价
9,26159860987,小米红米笔记本电脑RedmiBook 14 14英寸轻薄本超薄手提超极本商务办公大学生 银丨 i5-10210U/8G/512G+独显,3999.00,千百回电脑专营店,4200+条评价
10,39968027604,戴尔(DELL)灵越AIO 3280一体机台式电脑21.5英寸办公家用窄边框IPS大屏网课商务台式机 英特尔5405U 8G 256G固态 定制,2788.00,戴尔华行台式机专卖店,1800+条评价
11,100007262183,戴尔（DELL）OptiPlex 3060MT/3080商用办公台式电脑主机酷睿i5/i3游戏台式机 单主机不含显示器 店长推荐】i5-8500 8G 1T+128G集显,3499.00,戴尔商用瑞华专卖店,1700+条评价
12,61987358071,联想（Lenovo）V330 14英寸超轻薄独显商务办公学生手提笔记本电脑 A4-9125 4G内存 500G+128G双硬盘 2G独显 全高清屏 星空灰 精装升级,2799.00,联想佳运汇通专卖店,4000+条评价
13,100015019860,15.6英寸四核超薄本笔记本电脑轻薄本学生游戏手提商务办公超级本上网本分期免息电脑笔记本 太空银 套餐二 【8G内存+64G高速固态】,1538.00,格莱富电脑旗舰店,5700+条评价
14,70952135347,联想ThinkPad X13(00CD)酷睿版 英特尔酷睿i5 13.3英寸高性能轻薄笔记本电脑(i5-10210U 8G 256G 100%sRGB),6479.00,ThinkPad京东自营旗舰店,3.5万+条评价
15,68695474559,【王源代言】联想ThinkBook 15商务办公15.6英寸女生轻薄游戏本ThinkPad笔记本电脑 十代i5 8G 32G傲腾+512G固态@06CD FHD高清屏 2G独显 背光键盘 指纹Win1,4499.00,ThinkPad福建授权专卖店,2200+条评价
16,65338069913,宁美国度 CR600 23.8英寸一体机台式电脑（十代i5 10400 16G 512G固态 WIFI 蓝牙 键鼠 三期免息）设计办公,3799.00,宁美国度一体机京东自营旗舰店,1700+条评价
17,100015225646,ROG 光刃G35 10代英特尔酷睿 水冷侧透电竞游戏台式电脑主机 星空黑 i9-10900KF 2080S 32G 2T机械 1TB固态,19999.00,玩家国度ROG官方旗舰店,80+条评价
18,10021647730344,华为笔记本MateBook D 14 15 全面屏超轻薄商务办公手提电脑学生本 银D14｜R5-4500U 16G 512G固态,4888.00,华为德信专卖店,1万+条评价
19,100009021899,联想拯救者Y7000P 2020新品英特尔10代酷睿i7电竞屏吃鸡游戏本 15.6英高色域笔记本电脑 标配【i7-10875H 16G 512】2060 高性能电竞显卡,9769.00,联想航电授权专卖店,3900+条评价
20,41406558940,微星(msi)强袭2 GE66 15.6英寸游戏笔记本电脑(十代i7-10875H 16G 1TB SSD RTX2070 240Hz电竞屏 赛睿),13999.00,微星游戏本京东自营官方旗舰店,3100+条评价
21,24133460704,【高性能酷睿I7】 品纯 全面屏轻薄笔记本电脑商务办公手提电脑游戏本超极本超薄本 标压酷睿I7 8G内存 128G固态硬盘,3539.00,品纯官方旗舰店,500+条评价
22,48044774751,惠普（HP）战99-A9 15.6英寸 工作站 设计本笔记本i7-10750H/16G/1T SSD/T1000 4G独显/高色域/Win10/3年保修,10299.00,惠普京东自营官方旗舰店,1.6万+条评价
23,25560291126,联想(Lenovo)小新Air15 2021锐龙版R7/R5高色域屏轻薄笔记本电脑游戏办公学生本 8核R7-4800U 16G 1T固态 定制 正版win10+office,6099.00,联想西南授权专卖店,7300+条评价
24,69041353911,联想ThinkPad  E14 14英寸FHD高清轻薄商务办公手提游戏笔记本电脑 酷睿十代 十代i3 8G 256G固态@06CD定制,3286.00,ThinkPad华东授权专卖店,3000+条评价
25,31987285545,华为笔记本MateBook 2020款 14英寸 13英寸 轻薄本手提全面屏商务办公超极本2K显示屏 14银丨十代i7 16G 512G 独显 触屏现货 2020款,7799.00,华为恒泰专卖店,1600+条评价
26,11095030418,联想拯救者Y7000P 2020款十代酷睿i7 144Hz专业电竞游戏笔记本电脑 RTX2060独显 八核i7-10875H 32G 512固态 定制灰,10499.00,联想华东授权专卖店,2.4万+条评价
27,32902585454,联想威6 2020款 英特尔十代酷睿i5 15.6英寸轻薄笔记本电脑学生商用办公游戏本 2G独显 十代酷睿i5 16G 1T+512G固态｜精装升级,5299.00,联想扬天授权旗舰店,1000+条评价
28,10022173925414,华为笔记本MateBook D14/D15超薄全面屏锐龙版轻薄本游戏学生商务办公手提笔记本电脑 D15银十代i5 16G 512G独显【现货】 官方标配,5599.00,华为泰锐专卖店,1700+条评价
29,63216253762,联想小新15 2020锐龙版轻薄本 全面屏大学生办公游戏娱乐笔记本电脑 高色域丨旗舰R7-4800U 16G 512G固态,5449.00,联想有点授权专卖店,3.9万+条评价
30,10021440400398,戴尔（DELL）成就5000 -1625 / 1725 15.6/14英寸2G独显轻薄笔记本电脑 5502：11代i7/16G/512G定制,6689.00,戴尔卓越专卖店,6200+条评价
31,10020648806314,联想（Lenovo）扬天V14 14英寸商务办公轻薄笔记本电脑 酷睿十代i3/i5 标配I3-1005G1 8G内存 256G固态 2G独显 高清防眩光屏幕,3399.00,联想北达兴科专卖店,2000+条评价
32,39800077450,新品华硕（ASUS）M4050 锐龙7nm 笔记本电脑  轻薄商务办公学生游戏本 幻彩白 R7 4700U/16G/512G固态 标配,4799.00,华硕汉腾专卖店,80+条评价
33,27249673474,联想(Lenovo) S5430 23.8英寸家用网课商务办公台式一体机电脑 定制i3-10110U/8G 1T+128G 超高屏占比,4299.00,联想扬天京东自营授权旗舰店,60+条评价
34,48958204362,戴尔(DELL)成就3671 酷睿i3/i5六核办公商用家用台式机电脑游戏炒股主机全套可改Win7 单主机 （带键盘鼠标） i3-9100 8G 256G固态 集显 定制,2579.00,戴尔华行台式机专卖店,1800+条评价
35,71201615257,华硕(ASUS) 天选 15.6英寸游戏本笔记本电脑新锐龙 7nm 窄边框144Hz电竞屏游戏本 钛空灰 R7-4800H 新GTX1660Ti  16G内存+512G高速固态,8199.00,茂双笔记本旗舰店,4200+条评价
36,100010816644,【新品】麦本本 MaiBook S431 14英寸 全面屏指纹解锁识别高性能轻薄本办公手提笔记本电脑 AMD速龙3150U/8G/512G,2999.00,麦本本旗舰店,800+条评价
37,68629743051,联想拯救者R7000P 2020电竞游戏笔记本电脑 RTX2060独显6G 锐龙R7-4800H八核 8G内存 512G固态 钛晶灰 定制 144Hz高色域专业电竞屏,8599.00,联想华东授权专卖店,4.5万+条评价
38,45197023953,纵横卓创 十代i7 10700K/GTX1660S设计师3D渲染建模视频剪辑影视后期组装台式电脑主机 配置一：GTX1660S 6G/双硬盘单主机,6999.00,纵横卓创组装电脑旗舰店,1100+条评价
39,37055654187,2020款华为（HUAWEI）MateBook 14 全面屏轻薄商务办公固态笔记本手提电脑 深空灰 i7 10510U 16G 512G触控屏,7688.00,华为兰焜专卖店,1400+条评价
40,68505498366,"京品电脑	
惠普（HP）光影精灵6pro电竞版 新锐龙7nm 暗夜暗影电竞吃鸡游戏笔记本电脑旗舰店 R7-4800H八核 GTX1650Ti-4G旗舰 8G 512G PCIE 15.6英寸",6099.00,惠普授权旗舰店,2600+条评价
41,100014494544,"京东国际	
VAIO SX12 10代酷睿 12.5英寸 899克 轻薄本 窄边框轻薄商务笔记本电脑(i5-10210U 8G 256G SSD FHD)樱花粉",9588.00,VAIO京东自营旗舰店,1000+条评价
42,49453991983,华为笔记本MateBook 13 2020款超薄本全面屏轻薄本超极本商务本办公学生网课手提笔记本电脑 银｜锐龙R7-4800H 16G+512G非触屏 标配  预装Win10+Office软件,5699.00,笔吧官方旗舰店,1700+条评价
43,29224927884,华为笔记本电脑 MateBook 14英寸 2020新款2K全面屏多屏协同超轻薄商务办公学生手提本 皓月银｜I5-10210U 8G 512G固态独显,5899.00,华为新通路专卖店,6500+条评价
44,32301128583,惠普（HP）星14青春版 小欧14S笔记本电脑星14英寸轻薄便携窄边框学生家用商务办公手提电脑 静谧银【R3-3250U】 推荐四：8G/256G固态,3499.00,惠普老熟人专卖店,4500+条评价
45,100010816652,联想ThinkPad X1 YOGA 2019 英特尔酷睿i5/i7 14英寸轻薄商务笔记本电脑 i5-8265U 8G 512G 2K屏 06CD,9999.00,ThinkPad京东官方自营旗舰店,40+条评价
46,10020037782720,"京品电脑	
机械师(MACHENIKE)战空F117-X光刃版15.6英寸游戏本笔记本电脑(8核i7-10875H 16G 1TSSD RTX2070 144Hz)",10499.00,机械师京东自营旗舰店,1万+条评价
47,64974954295,机械师T58-V 144Hz全面屏游戏本十代i7-10750H/GTX1650Ti独显轻薄笔记本电脑 荣耀版8G/512G PCIE高速固态,6999.00,MACHENIKE机械师旗舰店,8400+条评价
48,18537745012,联想(Lenovo)扬天M6610D 九代英特尔酷睿i5六核商用办公台式电脑整机 21.5英寸全高清屏 定制 i5-9400 8G 1T+256G双硬盘,4899.00,联想扬天京东自营授权旗舰店,1500+条评价
49,100015019906,"京品电脑	
机械师F117-V 144Hz全面屏游戏本十代i7-10870H八核RTX2060独显吃鸡笔记本电脑 竞速版i7/32G/512G PCIE固态+1TB",9589.00,MACHENIKE机械师旗舰店,1万+条评价
50,39874544901,神舟战神ZX6/TX6-CU5DA 十代六核i5 GTX1650/1050独显手提游戏本笔记本电脑 K670T-升级版/I5-10400/16/512,4599.00,神舟游戏本专卖店,1.7万+条评价
51,71810342874,联想(Lenovo)扬天M4610d 2020款英特尔酷睿九代i3四核 网课家用商务办公台式电脑整机 27英寸IPS全高清 窄边框屏 定制 i3-9100/8G/1T+256G固态,4599.00,联想扬天京东自营授权旗舰店,800+条评价
