﻿,goods_id,goods_name,goods_price,goods_store,goods_commit
0,10023451675797,小黄鱼 i7 10700升10700K/华硕主板吃鸡游戏台式机 电脑主机/组装机全套 单主机（不带显示器） 套餐四 i7 10700K+32G+RTX3070,8999.00,小黄鱼旗舰店,300+条评价
1,69580531988,戴尔(DELL)新品游匣G5 15.6英寸酷睿十代标压固态电竞游戏笔记本电脑 1766十代i7 16G 1660Ti 144hz +99元加购戴尔原厂包鼠套装,7798.00,戴尔官方旗舰店,4800+条评价
2,65274456140,华为笔记本电脑Matebook D 14超轻薄商务办公手提上网本学生高清窄边框多屏协同全面屏超级快充 D14银i5-10210U 16G+512G 独显 【指纹识别】【背光键盘】【...,5799.00,星路者数码官方旗舰店,4.3万+条评价
3,30646311745,联想拯救者Y7000 15.6英寸2020十代酷睿i5/i7高色域游戏本p 学生设计师吃鸡笔记本电脑 定制【i5-10200H 8G 1T+256G】 GTX1650 4G电竞显卡,6899.00,联想航电授权专卖店,4.6万+条评价
4,67663175439,华为笔记本MateBook D 14 15 全面屏锐龙版轻薄本超极本学生商务办公笔记本电脑 D15 银｜i5-16G-512G 独显,5598.00,科族数码专营店,1700+条评价
5,57740655318,惠普(HP)光影精灵6 15.6英寸游戏笔记本电脑 暗夜暗影电竞自营推荐【2021款十代标压新品】 i5-10200H GTX1650-4G 16G 512G PCIE【火爆推荐】,6099.00,惠普中成德胜专卖店,1.1万+条评价
6,57675615647,惠普（HP）【2021十代新品】星15青春版 15.6英寸超轻薄游戏笔记本电脑 MX330 2G独显 旗舰版（i5 16G 1T+512G固态）,5699.00,惠普中成德胜专卖店,1万+条评价
7,10023817069974,联想(Lenovo)扬天M4610d 2020款英特尔酷睿九代i3四核 网课家用商务办公台式电脑整机 单主机 定制 i3-9100/8G/1T+128G固态,3499.00,联想扬天京东自营授权旗舰店,800+条评价
8,59054278013,联想ThinkBook 13s 酷睿版 英特尔酷睿 13英寸轻薄笔记本100%sRGB色域 11代i7 16G 512G 2.5K屏 机身轻至1.26kg,6999.00,ThinkBook京东自营旗舰店,20+条评价
9,100012977718,华为笔记本 MateBook 13 2020款13英寸轻薄笔记本电脑超薄本办公商务本 银｜触屏i5-10210U/16G/512G/独显 标配,6399.00,华为肆玖专卖店,1800+条评价
10,10022231391155,联想（Lenovo）ThinkPad E490 14英寸商务办公笔记本电脑 i5-8265U/16G/1T+512G固态/2G独显（可定制win7),7999.00,,20+条评价
11,72328076791,戴尔(DELL)灵越5401/5402 Urban14英寸新品酷睿高清全面屏固态影音轻薄笔记本电脑 5402-1628银11代i5 16G MX350 标配,5699.00,戴尔官方旗舰店,1800+条评价
12,10020700504341,【现货速发】华硕（ASUS）顽石6代 14英寸轻薄本便携商务办公笔记本电脑学生上网游戏本Y4200 太空灰i5-8265U/MX110-2G独显 8G内存+512高速固态,4089.00,茂双笔记本旗舰店,1700+条评价
13,28094410582,【多仓发货】海尔（haier）窄边框 笔记本电脑轻薄 学生网课 办公手提电脑 【15.6英寸】S15Pro 定制12G内存 128G+240G存储【定制双硬盘】,2459.00,海尔电脑旗舰店,1万+条评价
14,69101117328,Apple MacBook Pro 13.3 新款八核M1芯片 8G 256G SSD 深空灰 笔记本电脑 轻薄本 MYD82CH/A,9999.00,Apple产品京东自营旗舰店,0条评价
15,100016012954,惠普（HP）星14青春版 小欧14S笔记本电脑星14英寸轻薄便携窄边框学生家用商务办公手提电脑 静谧银【赛扬N4000】 推荐四：8G/256G固态,3299.00,惠普老熟人专卖店,4500+条评价
16,69124997603,联想拯救者Y7000 2020新款十代酷睿i7六核高色域屏3D设计制图轻薄手提学生游戏笔记本电脑 i7-10750H 16G 512G固态丨标配 GTX1650 4G独显GDDR6显存,7999.00,联想众信授权专卖店,3200+条评价
17,60433200044,【教育优惠】Apple 2020新款 MacBook Pro 13.3【带触控栏】八代i5 8G 512G 1.4GHz 深空灰 轻薄本 MXK52CH/A,10699.00,Apple产品京东自营旗舰店,200+条评价
18,10022331377110,联想(Lenovo)扬天M6610D 九代英特尔酷睿i5六核商用办公台式电脑整机 27英寸 IPS全高清 窄边框屏 定制 i5-9400 8G 1T+128G双硬盘,5299.00,联想扬天京东自营授权旗舰店,1500+条评价
19,57498239005,火影T5 十代酷睿i5/GTX1650/1650Ti独显15.6/16.1英寸全面屏游戏本笔记本电脑 T5V-50:i5-10200H/GTX1650 8G/512G PCIE固态,5049.00,火影游戏本旗舰店,1700+条评价
20,56911266832,华为荣耀笔记本电脑MagicBook 14 14英寸全面屏超薄本学生商务办公超级本手提笔记本 14银｜R5-3500U/16G/512G 固态,4399.00,新通路数码专营店,7500+条评价
21,28167165282,afresh一体机电脑 19-27英寸 高清办公游戏独显吃鸡LOL 直面曲面屏 一体式台式电脑主机 A1:19英寸 标配办公i3/4G/128G,1098.00,锦杰电脑专营店,300+条评价
22,10022106902263,【高性能独显+8秒开机】15.6英寸窄边框轻薄大学生学习办公商务游戏本 快速者K83超级笔记本电脑 8代英特尔3867U+独显2G+ 8G内存+256G固态硬盘,2688.00,快速者电脑旗舰店,700+条评价
23,39954125941,酷耶 十代i7 10700/16GD4/GTX1070独显台式机电脑主机家用吃鸡游戏 电脑主机 套餐三（16G DDR4/GTX1070独显8G）,6158.00,酷耶电脑旗舰店,200+条评价
24,14714452653,戴尔（DELL）成就3671 商用办公 台式机电脑 家用游戏整机 设计制图 单主机/集成显卡 i5-9400 16G 1T+128GSSD 定制,3899.00,戴尔康特台式机专卖店,3100+条评价
25,43786539978,2020新款 酷睿i7轻薄本 锐龙R5R7游戏本可选15.6英寸笔记本电脑 商务办公超薄本 昂福镭仕 吃鸡/LOL: 锐龙R5 8G内存+256G固态,3488.00,昂福镭仕电脑专营店,2000+条评价
26,10022106902272,15.6英寸超轻薄本 高速固态硬盘 笔记本电脑轻薄超级本 学生网上课堂电脑 远程办公本 得峰电脑 银白色-超窄边框Intel-J3455/8G内存 SSD512G高速固态硬盘,1939.00,得峰旗舰店,6.3万+条评价
27,68488078196,华硕（ASUS）VivoBook15s笔记本电脑十代酷睿商务学习窄边框轻薄本 M4050丨R7-4700U丨16G丨512G,4389.00,clife旗舰店,9100+条评价
28,100004770271,戴尔（DELL）灵越5000燃5493轻薄本14英寸办公学生手提商用笔记本电脑 i3-1005G1 8GB 256G固态+1T定制 【十代酷睿】皓月银 高性能核显 高清屏,3649.00,戴尔速达专卖店,1.2万+条评价
29,10023474971427,2020新款 酷睿i7轻薄本 锐龙R5R7游戏本可选15.6英寸笔记本电脑 商务办公超薄本 昂福镭仕 吃鸡/LOL: 锐龙R5 12G内存+512G固态,3988.00,昂福镭仕电脑专营店,2000+条评价
30,65358061496,【现货】华为笔记本MateBook 13 13英寸2K护眼全面屏超薄本触控屏笔记本电脑轻薄本超极本 皓月银丨十代i5 16G+512GB独显 触屏,6288.00,华为桑核专卖店,600+条评价
31,100009972452,Apple iPad 平板电脑 2019年新款10.2英寸（128G WLAN+Cellular版/iPadOS系统/Retina显示屏/MW6U2CH/A）银色,4099.00,Apple产品京东自营旗舰店,"去看二手
							98万+条评价"
32,100008461553,亚当贝尔 十代酷睿i5/i7-10700F八核/GTX2060电竞办公游戏吃鸡组装台式电脑主机整机 主机+24英寸曲面电竞显示器 配置三：i7-10700F+1060 6G+16G,5699.00,亚当贝尔电脑旗舰店,2.8万+条评价
33,12513857953,华硕VivoBook15S笔记本电脑酷睿十代i5 全面屏轻薄本学生办公游戏手提电脑 15.6寸冰晶银十代i51035G1 配置一  8G/512固态,4399.00,华硕奇达专卖店,1100+条评价
34,100015781944,微软 Surface Laptop 3 轻薄本 典雅黑 13.5英寸 | i7 16G+512G G7显卡 | 2.2K触屏 高色域 3:2生产力 | 金属掌托 | CNC铣削一体成型,15988.00,微软京东自营官方旗舰店,1.4万+条评价
35,100012322254,惠普（HP）Z系列ZBookCreateG7 15.6英寸 移动工作站笔记本i9-10885H/32G/1TSSD/RTX2070MQ/UHD/600nit高色域,23599.00,惠普京东自营官方旗舰店,1.6万+条评价
36,66985032683,惠普（HP）星14 青春版 笔记本电脑 小欧14s 14英寸轻薄便携 商务办公女学生手提电脑【新品】 星空银【AMD-R3】 套餐二 8G内存/256G固态,3399.00,惠普赞晓专卖店,8100+条评价
37,48510252022,联想ThinkPad P15(06CD)英特尔酷睿i7 15.6英寸专业设计师图站(i7-10750H 16G 512G广视角T1000 4G独显3年保),14999.00,,2700+条评价
38,61930835993,宁美-魂-白骑士 i5 9400F/GTX1650 4G/华硕B365M/16G内存/256G+1T/游戏设计台式DIY组装电脑/三年上门,3999.00,宁美国度京东自营旗舰店,8200+条评价
39,70612669685,华为MateBook D 14/15 超薄笔记本电脑办公学生游戏商务本手提电脑 D14｜灰i7-10510U/16G/512G独显  带Win10系统/office办公软件,6999.00,华为肆玖专卖店,7600+条评价
40,68551452918,戴尔（DELL)2020款G5 5500 15.6英寸学生固态办公设计电竞屏游戏笔记本电脑 i7-10750H 6G独显 16G/512G/RTX2060 240HZ定制,8599.00,戴尔卓越专卖店,1400+条评价
41,21117042427,惠普（HP）星14青春版超薄微窄边框轻薄笔记本商务学生AMD锐龙R7八核电脑 星空银：R7 4700U 高清屏 【大内存】16G+512G PCI-E固态,4567.00,惠普蓝星专卖店,9300+条评价
42,57073493966,惠普（HP）星14青春版 十代酷睿14英寸窄边框商务办公学生轻薄游戏笔记本电脑 15英寸i5-1035G1【MX330 2G独】银 16G/512G固态+1T【升级】,5099.00,惠普宇熙世纪专卖店,2700+条评价
43,8970895,联想（Lenovo）天逸510Pro锐龙四核家用商用办公炒股台式机电脑整机 R5 8G 1T+256G RX550-4G 定制 主机含键鼠+23.0双超屏,3899.00,联想新腾台式机专卖店,100+条评价
44,10021713150876,神舟战神Z7T-CU7NA 酷睿i7 GTX1650Ti 4G 15.6英寸144Hz游戏笔记本电脑 Z7T-CU7旗舰 【16G+512G+1TB】,6799.00,神舟常青专卖店,400+条评价
45,70044317449,博仑帅酷睿i3/i5/i7曲面窄边框超薄一体机电脑办公/家用/游戏台式一体式整机 E4 电商运营可续航 i7四核 8G/240G,2399.00,博仑帅一体机电脑旗舰店,1.2万+条评价
46,68820643931,京天 Strike 78X i7 10700K/RTX2070S/Z490/1T固态/16G内存水冷台式吃鸡游戏组装电脑主机UPC,10599.00,京天（KOTIN）电脑京东自营旗舰店,2500+条评价
47,30380050298,苹果（Apple）ipad2019/2020新款第8代10.2英寸air2更新版平板电脑 WiFi版 2020款 金色 128G 键盘 + 壳+ 膜,3179.00,APPLE翔合专卖店,18万+条评价
48,71624605451,华为笔记本MateBook D 14/15.6屏幕英寸可选 预装WIN10 超薄本商务办公学生超极本 D15/十代i5/16G/512G/银色 官方标配含赠品礼包,5499.00,华为比特专卖店,3700+条评价
49,14536169980,惠普（HP）战66 三代 AMD版 超轻薄满血锐龙商务办公手提电脑 学生背光键盘游戏设计笔记本电脑 15.6英寸 R5-4500U六核 高清屏定制升级 8G 512G固态 win10系统,3999.00,惠普商域专卖店,300+条评价
50,61342274266,逆世界 i5 9400F升10400/GTX TITAN6G吃鸡电竞游戏台式组装电脑主机DIY组装机 套餐四：i5 9400F+GTX1060 5G电竞,3299.00,逆世界电脑DIY旗舰店,200+条评价
51,68510063353,Apple苹果 新款MacBook Pro13.3英寸超薄笔记本电脑支持Air drop 20款 高配 512G 灰色,13288.00,APPLE翔合专卖店,7600+条评价
52,10021252842596,华硕M5050 2020新品 15.6英寸轻薄笔记本电脑学生办公手提 冰晶银 锐龙3050 8G 1T+256G固态Office,3599.00,华硕恩荣专卖店,1100+条评价
53,25579502144,联想(Lenovo)商用办公台式机电脑整机 支持win7系统 精装定制 DVD光驱 英特尔J3355 4G内存 500G win7 主机+商用19.5英寸显示器,2499.00,联想扬天授权旗舰店,900+条评价
54,100013431682,华为荣耀笔记本电脑MagicBook pro/14/15全面屏超薄本轻薄本便携学生商务办公本超极本 【20款14灰色】R5+16+512+原装包鼠,5099.00,荣耀策山专卖店,1.4万+条评价
55,10020178874986,笔记本电脑轻薄超级本 学生网上课堂电脑 远程办公本 得峰电脑 银色-高清全尺寸-J4105/12G内存 SSD128G高速固态硬盘+高档蓝牙耳机套餐,2290.00,得峰旗舰店,6.7万+条评价
