﻿,goods_id,goods_name,goods_price,goods_store,goods_commit
0,43096767478,戴尔（DELL）成就5000 -1625 / 1725 15.6/14英寸2G独显轻薄笔记本电脑 5590：i5/12G/512G+1T定制,5099.00,戴尔卓越专卖店,6200+条评价
1,69607622668,苹果（Apple）2020款 MacBook Air 13.3英寸超轻薄学生办公手提笔记本电脑 国行 【2020款】MacBook Air 【香槟金】 【旗舰版】十代i5/8G/256G/视网膜屏,8088.00,苹果百桔专卖店,700+条评价
2,25897937377,名龙堂（MLOONG）i5 9400升10400/8G华硕主板 办公家用电脑主机台式 DIY组装整机,2399.00,名龙堂DIY电脑旗舰店,800+条评价
3,35172785255,【新10代增强版】小米(MI)笔记本Pro 15.6英寸学生商务办公设计金属轻薄窄边框指纹解锁电脑 I7-10510U 4C/16G/1T/MX350,6999.00,小米阳光专卖店,1500+条评价
4,19496120904,宏碁(Acer)暗影骑士·擎 2020款 144hz电竞屏72% 15.6英寸游戏本笔记本电脑 定制 A7款60刷新酷睿十代i5|1650ti-4G独显 16G内存  512G PCIE SSD固态硬,6899.00,宏碁天赐专卖店,600+条评价
5,49441347104,惠普（HP）星14青春版超薄微窄边框轻薄笔记本商务学生AMD锐龙R7八核电脑 星空银：R5 3500U 高清屏【15.6英寸】 8G/512G固态,4099.00,惠普蓝星专卖店,9300+条评价
6,27588865361,戴尔（DELL）Latitude 智锐3510 15.6英寸笔记本电脑 轻薄商务办公学生家用手提电脑 定制 ：5205U 8G 1T 256G,3069.00,戴尔商用地升专卖店,3300+条评价
7,61617597223,惠普（HP）幽灵Spectre X360 13-AW系列13.3英寸轻薄触控翻转二合一超级笔记本电脑 波蓝i7-1065G7 16G 1TB 4K屏含笔 三年上门保修 背光键盘  人脸指纹100%高色,12988.00,惠普华辉专卖店,700+条评价
8,1378292500,御龙者i7 10700/RTX3070 8G/16G高配水冷吃鸡游戏直播台式组装电脑diy主机全套,7599.00,御龙者官方旗舰店,5100+条评价
9,100013174332,"京品电脑	
戴尔DELL灵越7000 15.6英寸 轻薄笔记本电脑(十代i5-10300H 8G 512G GTX1650Ti 4G)白金银",8999.00,戴尔京东自营官方旗舰店,1.5万+条评价
10,10023055150119,外星人（ALIENWARE）全新Aurora R11 十代酷睿独显显卡吃鸡游戏台式电脑主机 现货 7996白i9/1T+2T/3090 24G 官方标配,44999.00,外星人官方旗舰店,200+条评价
11,100015951196,惠普（HP）战99-A5 15.6英寸 工作站 设计本 笔记本i5-10300H/16G/512G SSD/4G独显/高色域/Win10 Home,7299.00,惠普京东自营官方旗舰店,1.6万+条评价
12,72483562331,联想（Lenovo）扬天威6 14英寸高色域轻薄学生办公游戏笔记本电脑锐龙R7-4800U八核 16G 1TB固态 100%sRGB 定制,5399.00,联想扬天西南授权专卖店,4100+条评价
13,67010802454,惠普（HP） 旗舰店 幽灵 Spectre13/15触控超级本 翻转笔记本 商务电脑超轻薄 官方 i7-1065G7/16G/1T固态/黑金13.3,11899.00,惠普授权旗舰店,400+条评价
14,67423325692,"拍拍	
【二手95新】联想（Lenovo）THINKPAD超薄便携商务办公 学习游戏15寸笔记本电脑 5】I5四代/8G/240G固态/独显",1899.00,蓝海二手电脑专营店,1.6万+条评价
15,67417854852,联想（Lenovo） 擎天T510A 十代英特尔酷睿 个人商务台式机电脑 14升单主机 i5-10400 8GB 1T机械硬盘+黑色键鼠,3299.00,联想京东自营官方旗舰店,600+条评价
16,66993381373,【新款上市】联想V14 2020款全新商务办公超极本14英寸轻薄便携手提学生本游戏娱乐商用笔记本电脑 定制丨R3-3250U 12G内存 256G固态,3166.00,联想扬天航电授权专卖店,1900+条评价
17,67423325691,联想小新15锐龙版R5/R7全面屏轻薄笔记本电脑设计 标配:R5-4600U/16G/512固态 Radeon高性能显卡 银色,5299.00,联想昌盛授权专卖店,7100+条评价
18,49985658062,"拍拍	
【二手95新】联想（Lenovo）THINKPAD超薄便携商务办公 学习游戏15寸笔记本电脑 4】I3四代/8G/120固态/独显畅玩LOL",1599.00,蓝海二手电脑专营店,1.6万+条评价
19,10023265452047,"惠普（HP）新十代酷睿标压 光影精灵6新品 暗夜暗影电竞吃鸡游戏本笔记本电脑旗舰店官网 15.6""新十代标压【电竞版】 i5标压 8G 512G GTX1650-4G 限",5699.00,惠普授权旗舰店,2万+条评价
20,62764268648,联想小新Air15 2021锐龙版 笔记本电脑高性能全面屏轻薄大学生办公设计游戏超极本 6核R5-4600U 16G 512G固态 标配 70Wh大电池 100%高色域 背光键盘 指纹解锁,5299.00,联想有点授权专卖店,8100+条评价
21,10022740292689,联想(Lenovo) 威6 2020十代酷睿 14英寸高性能超轻薄笔记本电脑手提商务办公独显游戏本 i7-10510U 16G内存 512G固态 2G独显 全高清屏 银河灰 精装升级,5566.00,联想佳运汇通专卖店,4500+条评价
22,10021297286703,【王源代言】联想ThinkBook 15商务办公15.6英寸女生轻薄游戏本ThinkPad笔记本电脑 十代i5 16G 512G固态+1T@06CD定制 FHD高清屏 2G独显 背光键盘 指纹Win1,5299.00,ThinkPad福建授权专卖店,2200+条评价
23,100007810781,"拍拍	
【二手9成新】联想（Thinkpad）X230 T420 轻薄便携商务办公游戏二手笔记本电脑 ibm 23）L540 I5 8G 256G固态",1799.00,吾本图二手电脑专营店,200+条评价
24,100014129016,【新品10代酷睿处理器】四核学生游戏笔记本电脑 高性能游戏本 快速者Z18商务办公便捷轻薄本 十代酷睿i5四核八线程 16G内存+512G固态+1000G机械,4138.00,快速者电脑旗舰店,800+条评价
25,11302227153,联想（Lenovo）S540 英特尔酷睿i7 14英寸超轻薄独显办公游戏学生手提笔记本电脑 i7-8565U 32G内存 512G固态 2G独显 指纹识别 星空灰 精装升级,6099.00,联想佳运汇通专卖店,40+条评价
26,49252580837,方正（ifound） FD1501 个人商用办公台式机电脑主机（4核九代酷睿i3-9100 8G 240GSSD 键鼠 三年上门服务）,2199.00,iFound方正国际电脑京东自营旗舰店,200+条评价
27,66673485722,方正（ifound） FD1501 商用办公台式机电脑主机（九代赛扬G4930 8G 240GSSD 三年上门服务）23.8英寸整机,2199.00,iFound方正国际电脑京东自营旗舰店,200+条评价
28,100014661282,华为笔记本MateBook13 2020款超轻薄13英寸商务办公性能手提本电脑2K全面屏 银丨I5-10210U 16G 512G触屏 现货,6288.00,华为德信专卖店,1.1万+条评价
29,100014562278,联想（Lenovo）V330 14英寸超轻薄独显商务办公学生手提笔记本电脑 A4-9125 4G内存 500G硬盘 2G独显 全高清屏 星空灰 精装升级,2699.00,联想佳运汇通专卖店,4000+条评价
30,100007557609,APPLE苹果2019新款iPad mini5/mini4更新平板电脑7.9英寸 银色 64G WLAN版【官方标配】,2599.00,科族数码专营店,7.5万+条评价
31,100008518537,机械师F117-V 全面屏游戏本十代i7-10750H/GTX1650Ti 4G独显游戏笔记本电脑 荣耀版8G/512G PCIE高速固态,6689.00,MACHENIKE机械师旗舰店,1.2万+条评价
32,100013208392,苹果（Apple) MacBook Pro16英寸酷睿i7 i9设计办公游戏手提笔记本电脑免息 国行 【2019款】MacBook Pro 16 太空银 【豪华版】酷睿i9/16GB/1TB/4G独显,21588.00,苹果百桔专卖店,100+条评价
33,100013041106,外星人ALIENWARE 全新m15 2020版R3 十代英特尔酷睿i7 高端电竞游戏本 15.6英寸144Hz高刷新GTX1660Ti 6G独显 轻薄高配笔记本电脑5726 白色 现货,13989.00,外星人京东自营旗舰店,3200+条评价
34,100012750826,宏碁(Acer)商祺SQX4270 686N商用办公台式电脑整机 家用电脑 (十代酷睿i5 16G 512GSSD+1T GT730 2G)21.5英寸,5299.00,宏碁京东自营旗舰店,2.8万+条评价
35,69784072366,戴尔DELL XPS15-9500 15.6英寸英特尔酷睿i7 2020新款4K防蓝光全面屏设计轻奢笔记本电脑(十代标压i7-10750H 32G 1TSSD GTX1650Ti 4G独显 4K)银,21999.00,戴尔京东自营官方旗舰店,1.1万+条评价
36,62321055224,惠普(HP)星系列 高清一体机电脑23.8英寸(十代i7-10700T 16G 2T+512SSD GTX1650 4G 三年上门)FHD独显 高色域,9999.00,惠普京东自营官方旗舰店,3.9万+条评价
37,69530180341,宏碁 暗影骑士·擎 144hz 高色域 游戏本笔记本电脑（英特尔酷睿i7/16G/1TSSD GTX1660Ti 6G独显 RGB背光）,8699.00,宏碁京东自营旗舰店,4万+条评价
38,10020648806315,onebot D24 23.8英寸家用娱乐办公学习一体机台式电脑(九代i3 9100 8G 240GSSD WiFi蓝牙 3年上门 键鼠)白色,2599.00,onebot电脑京东自营官方旗舰店,5700+条评价
39,71592452196,宁美-卓-CA24十代I9 10900KF/RTX3090/2T固态+8T/芝奇64G/深度学习/大数据运算/人工智能高端工作站/UPC,25988.00,宁美国度京东自营旗舰店,100+条评价
40,57566525324,联想IdeaPad15s 2020款轻薄笔记本电脑 15.6英寸锐龙R5六核游戏设计师上网课学生本 标配丨R5-4600U 8G内存 256G固态 银色,3699.00,联想航电授权专卖店,900+条评价
41,22223895618,速佳宜：i9 10900KF/华硕Z490/RTX3080电竞水冷吃鸡游戏台式电脑主机DIY组装机 i9 10900KF/16G/2070 8G,9388.00,速佳宜组装电脑旗舰店,50+条评价
42,69347495469,机械革命s2 air/S3锐龙新品i7游戏本全面屏学生办公商务手提设计超薄便携游戏笔记本电脑14英寸 【S3-11代】i7-1165G100%SRGB 【人气版】8G/512G纯固态,5199.00,机械革命旗舰店,4900+条评价
43,50021853144,戴尔（DELL）2020款 灵越G3 3500 15.6英寸高性能游戏本电竞设计师笔记本电脑 i7-10750H GTX1650Ti 4G独显 8G/512G固态 标配,6699.00,戴尔卓越专卖店,2200+条评价
44,100009131729,【新品】麦本本 MaiBook S431 14英寸 全面屏指纹解锁识别高性能轻薄本办公手提笔记本电脑 AMD速龙3150U/8G/256G,2699.00,麦本本旗舰店,800+条评价
45,72328076788,华为笔记本MateBook 13/14 2020锐龙版轻薄本2K全面屏商务办公学生超薄手提笔记本电脑 13六核银色R5 16G 512G原装包鼠,5299.00,华为康特专卖店,700+条评价
46,60033284210,惠普（hp）星14系列【20年新品】十一代酷睿进阶版金属超轻薄学生女游戏商用办公手提笔记本电脑 初恋粉：i5-1035 g1十代【mx330】 推荐四：16g/512g固态...,5935.00,惠普电脑授权专卖店,3100+条评价
47,67701207720,戴尔（DELL）灵越游匣 新G3/G5 5500 15.6英寸窄边框轻薄标压游戏本手提笔记本电脑 新G3|十代i5/GTX1650Ti/120Hz 畅玩版 8G内存 512GPCI-E固态,5579.00,戴尔华宏创天专卖店,2.9万+条评价
48,37029266336,攀升 战神水冷十代i7 10700F电竞游戏台式电脑主机/DIY组装机 配置一【十代i7 10700F GTX1650】 单主机,5199.00,攀升官方旗舰店,700+条评价
49,70504284721,名睿 i7 10700F/RTX2060 6G高配水冷吃鸡电竞直播设计游戏台式电脑主机/DIY组装机 配置四,3599.00,名睿组装电脑旗舰店,40+条评价
50,10023449403499,航向者i5 9400F升10400/i7 10700/GTX1650吃鸡游戏台式电脑主机DIY组装机 套一/i3 10100F/8G/GTX1050Ti,1899.00,航向者组装电脑旗舰店,1.6万+条评价
51,69892321368,京天 疾影Y87 i9 10850K/RTX3070 8G/Z490/16G DDR4/1T固态台式组装电脑水冷吃鸡游戏主机UPC,12999.00,京天（KOTIN）电脑京东自营旗舰店,2500+条评价
52,7126954,14英寸轻薄本便携商务办公笔记本电脑学生上网游戏本Y4200 星空灰i5-8265U/MX110-2G独显 12G内存+512高速固态【设计师推荐】,4289.00,茂双笔记本旗舰店,1700+条评价
