﻿,goods_id,goods_name,goods_price,goods_store,goods_commit
0,12718209640,京天 i7 10700F/微星B460M/GTX1650-4G吃鸡游戏独显台式机电脑主机DIY组装机,4199.00,京天DIY电脑旗舰店,300+条评价
1,14674153935,华为笔记本MateBook 13 2020新款13英寸超薄本全面屏轻薄商务办公学生笔记本电脑超极本 十代i5/16G/512G/触屏/灰色,6199.00,华为比特专卖店,5500+条评价
2,100014389018,【支持win7专业版/旗舰版】联想台式机电脑M910T升级M920T商用办公绘图设计3D渲染建模主机 单主机（含键鼠）无显示器 定制：i5-8500丨4GB丨1TB丨1G独显,5399.00,联想朗通金牌专营店,1600+条评价
3,100007594589,AOC AIO大师721 21.5英寸高清IPS屏办公家用一体机台式电脑 (九代奔腾G5420 8G 256GSSD WiFi蓝牙 3年上门),2799.00,AOC电脑京东自营旗舰店,1.8万+条评价
4,62743933845,戴尔DELL 全新XPS17-9700 17英寸英特尔酷睿i7 2020新款防蓝光全面屏设计笔记本电脑(十代i7-10750H 16G 1TSSD RTX2060MQ 6G独显)银,23999.00,戴尔京东自营官方旗舰店,1.1万+条评价
5,100008095447,"惠普（HP）新十代酷睿标压 光影精灵6新品 暗夜暗影电竞吃鸡游戏本笔记本电脑旗舰店官网 15.6""新十代标压【电竞版】 i5标压 16G 512 GTX1650-4G 限",6099.00,惠普授权旗舰店,2万+条评价
6,26001222241,联想V14 2020款高端性能十代酷睿i5窄边框超薄本轻薄学生超极本商务办公手提游戏笔记本电脑 定制 i5-1035G1 20G  1T+512G MX330 2G独显 全高清屏 星空灰,6389.00,联想扬天京东自营授权旗舰店,90+条评价
7,40100696316,联想易捷昭阳K4e-IIL十代酷睿i5处理器14英寸超轻薄长续航（i5-1035G4/8G/512G SSD/锐炬显卡/FHD/Win10）,4299.00,联想商用自营旗舰店,200+条评价
8,100013209570,联想精选ThinkPad E14 Slim i7高配版 14英寸商务办公游戏娱乐笔记本电脑【定制款】 E14 1WCD 十代i7 8G内存512G固态,6999.00,ThinkPad重庆授权专卖店,2000+条评价
9,50243340428,联想拯救者Y7000 15.6英寸2020十代酷睿i5/i7高色域游戏本p 学生设计师吃鸡笔记本电脑 标配【i5-10200H 8G 256G固态】 GTX1650 4G电竞显卡,6599.00,联想航电授权专卖店,4.6万+条评价
10,100014129014,外星人ALIENWARE 全新m15 2020版R3 十代英特尔酷睿i5 高端电竞游戏本 15.6英寸144Hz高刷新GTX1650Ti  独显 轻薄高配笔记本电脑5510 黑色 现货,10989.00,外星人京东自营旗舰店,3200+条评价
11,58655471180,联想（Lenovo） 启天M2300家用办公税控商用台式电脑带串口并口支持win7系统 定制J3060 4G 500G机械 Win7 主机+19.5寸显示器,2299.00,联想扬天华东授权专卖店,100+条评价
12,54205002364,方正（ifound） FD3208 办公游戏台式机电脑整机（6核九代酷睿i5-9400F 16G 240GSSD 1T GTX1650 4G独显）,4699.00,iFound方正国际电脑京东自营旗舰店,20+条评价
13,30380050299,联想小新15笔记本电脑 2020英特尔十代酷睿i5 15.6英寸高性能独显大学生游戏办公轻薄设计本 I5-1035G1 8G内存 1T+256G固态 MX350 2G独显 升级版 IPS雾面屏 深空...,5699.00,联想德信专卖店,1万+条评价
14,30495239101,戴尔（DELL） OptiPlex7070MT商用办公绘图设计3D渲染建模主机酷睿游戏台式机电脑 【顶配版】九代I7 32G 2T+256G固态 P2200 5G独显【VR渲染】,9099.00,戴尔商用瑞华专卖店,6500+条评价
15,100013209552,英特尔十代酷睿i5笔记本电脑 高性能独显游戏设计师商务办公学生超轻薄手提本 i5-1035G1 8G内存 512G固态 MX330 2G独显 全高清屏 星空灰 精装升级,4399.00,联想佳运汇通专卖店,6600+条评价
16,33611000333,联想ThinkBook 15 2021款 酷睿版 全新11代英特尔酷睿 15.6英寸轻薄笔记本电脑 【02CD】 11代酷睿i5-1135G7 独显 16G 512G 100%sRGB 高色域 标配,5199.00,ThinkPad华中授权专卖店,700+条评价
17,49453991985,Apple苹果 新款MacBook Pro13.3英寸超薄笔记本电脑支持Air drop 20款 高配 512G 银色,13288.00,APPLE翔合专卖店,7600+条评价
18,67572882679,戴尔（DELL）灵越5000 笔记本电脑 14英寸手提金属超极本轻薄便携商务办公学生电脑本 荣耀银 新十代酷睿i3-1005G1【核显】 【标配版】 4G内存/128G固态,2799.00,戴尔阳光雨尉专卖店,1100+条评价
19,5543948,外星人ALIENWARE 全新m17 2020版R3 十代英特尔酷睿i7 高端电竞游戏本 17.3英寸300Hz高刷新RTX2060 OC 独显 轻薄高配笔记本电脑5736 白色 现货,18989.00,外星人京东自营旗舰店,3000+条评价
20,43961638435,15.6英寸轻薄酷睿笔记本电脑游戏学生全面屏 超级本  上网本办公十代高性能便携手提电脑笔记本免息 银灰色 旗舰PRO版-5005U【8G运行+256G固态】,2356.00,格莱富电脑旗舰店,5200+条评价
21,100015269494,联想（Lenovo）V14 2020新款 十代酷睿i3独显超轻薄笔记本电脑设计商务办公学生游戏超极本 i3-1005G1 12G内存 512G固态 MX330 2G独显 全高清屏 星空灰 精装升级,3799.00,联想佳运汇通专卖店,2万+条评价
22,61123578378,联想V340 2020款高性能十代酷睿i3双核窄边框超薄本轻薄学生超极本商务办公游戏笔记本手提电脑 定制 i3-1005G1 8G 256G+1T 2G独显 FHD全高清屏 星空灰,4269.00,联想扬天京东自营授权旗舰店,100+条评价
23,100008985759,机械师T58-V 144Hz全面屏游戏本十代i7-10750H/GTX1650Ti独显轻薄笔记本电脑 竞速版16G/512G PCIE高速固态+1TB,7799.00,MACHENIKE机械师旗舰店,8400+条评价
24,66666777994,华为荣耀笔记本电脑MagicBook 14/15英寸超薄本轻薄本学生商务办公手提笔记本电脑 14英寸R5-3500U 8G 256G,4149.00,金博盛笔记本专营店,3.5万+条评价
25,100016521622,雷霆世纪 觉醒X5S i7 9700/GTX1660Ti/16G/400W/正版系统/插电即用/吃鸡游戏台式组装电脑主机/京东游戏UPC,6199.00,雷霆世纪京东自营旗舰店,1.1万+条评价
26,33225694570,戴尔（DELL）灵越5000系列十代酷睿窄边框轻薄商务办公学生笔记本电脑 14.0英寸|十代i5|2G独显|银色 定制款 8G内存/512固态PCIe,3999.00,戴尔阳光雨尉专卖店,1700+条评价
27,72479339693,联想ThinkPad X1隐士(1KCD)英特尔酷睿i7 15.6英寸笔记本电脑(i7-10750H 16G 512GSSD GTX1650Ti Max-Q独显),14999.00,ThinkPad京东自营旗舰店,10+条评价
28,13285396550,华硕笔记本电脑15.6英寸大屏轻薄本窄边框商务办公学生学习手提电脑锐龙VivoBook系列 当天发货15.6英寸银色丨R5-3500U四核丨  配置三 12G/256G固态硬盘,3799.00,华硕奇达专卖店,3500+条评价
29,68675190446,京天 猎龙者R99 R9 3900X/RTX3090 24G/X570/32G DDR4/1T固态台式组装电脑水冷游戏主机UPC,22999.00,京天（KOTIN）电脑京东自营旗舰店,2500+条评价
30,61302916388,2020新款华为笔记本MateBook 13轻薄本超极本2K触控全面屏商务办公学生手提超薄笔记本电脑 灰|十代i5 16G+512G 独显 触控屏,6499.00,华为康特专卖店,6700+条评价
31,43426669274,京天(KOTIN)复仇者9309十代酷睿i9游戏台式水冷电脑主机(i9 10850K 32G 1TB SSD RTX3090 24G独显360水冷),23999.00,京天京东自营官方旗舰店,10+条评价
32,14441923664,十代酷睿i7超轻薄独显游戏办公小清新学生手提笔记本电脑 i7-1065G7 36G内存 1T+512G固态 MX350 2G独显 全高清屏 星空灰 精装升级,7599.00,联想佳运汇通专卖店,5200+条评价
33,100005290809,战翔 酷睿i5-7400AMD四核/8G内存/4G独显吃鸡游戏台式机电脑主机家用办公电脑主机台式整机 电脑主机+24曲屏显示器 套餐六i5+8G内存+GTX1060 3独显,4669.00,战翔电脑旗舰店,2700+条评价
34,59852955573,神舟(HASEE)战神Z8/Z9/Z10系列 十代酷睿 RTX20系列显卡 IPS屏 游戏笔记本电脑 Z8-CU5NB|RTX2060独显,6799.00,神舟电脑旗舰店,4900+条评价
35,68538062580,攀升 i5 10400F六核/GTX1650S/180G独显吃鸡台式组装游戏电脑主机/DIY组装机,3699.00,攀升DIY电脑旗舰店,500+条评价
36,70036123500,华为（HUAWEI）笔记本电脑MateBook D15/14 轻薄便携商务办公学生超薄本 D15银｜i7-10510U 16G+512G固态,6899.00,华为新通路专卖店,2万+条评价
37,51464058073,华为荣耀笔记本电脑MagicBook14/15 超薄本轻薄本男女学生商务办公猎人游戏本手提电脑pro 14英寸 R5-3500U 8G 512G,4198.00,集洋数码专营店,3300+条评价
38,19589684476,【定制WIN7专业版】联想台式机 商用办公税控台式电脑主机开票电脑 WIN7系统电脑整机 大机箱主机+23.8 英寸窄边框显示器IPS 定制：i5 16G 256+1T 2G D W7,6999.00,联想扬天华南授权专卖店,9100+条评价
39,66420569302,联想拯救者Y7000-15.6英寸高色域吃鸡游戏笔记本电脑酷睿 定制:【10代i5/8G/256G 固态】 新GTX1650 4G电竞独显,6679.00,联想昌盛授权专卖店,1.6万+条评价
40,24806751435,松下（Panasonic）CF-SV8  超轻便坚固笔记本 919g商务便携笔记本14小时长续航（i5-8365U 8GB 512GB SSD）,13499.00,松下笔记本自营旗舰店,100+条评价
41,100006358031,戴尔（DELL）灵越5000 5493/5593 14/15.6英寸十代学生商务办公笔记本电脑 5493:i5-1035G1 MX230 2G独显 16G/256G固态+1T 定制,4699.00,戴尔卓越专卖店,3600+条评价
42,61123578377,华为笔记本电脑MateBook13 超轻薄13英寸商务性能手提本2K全面屏 爆款银｜R7-4800H/16G/512G固态,5699.00,华为新通路专卖店,7100+条评价
43,59981898929,小米红米笔记本电脑RedmiBook 14英寸轻薄本超薄手提超极本商务办公大学生 银|R5-4500U+8G+512G集显 官方标配,3479.00,千百回电脑专营店,2700+条评价
44,10023698545377,戴尔（DELL） OptiPlex7070MT商用办公绘图设计3D渲染建模主机酷睿游戏台式机电脑 i7-9700  16G 1T机械 集显,4999.00,戴尔商用瑞华专卖店,6500+条评价
45,71185272116,【定制WIN7专业版】联想台式机 商用办公税控台式电脑主机开票电脑 WIN7系统电脑整机 大机箱主机+21.5英寸显示器 定制：i3 4G 1T 无光驱 Win7,3499.00,联想扬天华南授权专卖店,9100+条评价
46,67166218551,联想(Lenovo)威6 14英寸锐龙版 2021款 R5六核学生用轻薄商务办公游戏笔记本电脑 标配R5-4600U 16G 512G固态 全高清屏 Win10H 银河银,4599.00,联想北达兴科专卖店,4300+条评价
47,17869432435,【王源代言】联想ThinkBook 十代酷睿i5/i7 商务办公游戏本ThinkPad笔记本电脑新款 15-06CD（i5-10210U 2G显卡   16G内存512G固态+1T双硬盘）定制,5099.00,ThinkPad重庆授权专卖店,1800+条评价
48,35374530426,联想ThinkPad S3 2020（00CD）英特尔酷睿i7 14英寸轻薄笔记本电脑（i7-10510U 8G 512G傲腾增强型SSD）黑,7399.00,ThinkPad京东自营旗舰店,4200+条评价
49,70751474799,华硕笔记本电脑15.6英寸大屏轻薄本窄边框商务办公学生学习手提电脑锐龙VivoBook系列 当天发货15.6英寸银色丨R5-3500U四核丨  配置二 8G/256G固态硬盘+1T机...,3899.00,华硕奇达专卖店,3500+条评价
50,10023467072903,联想(Lenovo)威6 2020新品锐龙版 15.6英寸大屏高性能游戏笔记本电脑设计办公手提轻薄本 8核R7-4800U 24G 512G固态丨升级 100%sRGB IPS全高清屏 背光键盘 皎洁,5299.00,联想佳运汇通专卖店,2.3万+条评价
51,10021138379248,惠普（HP）星15系列/星14青春版笔记本电脑畅游人i5窄边框超极本轻薄便携学生游戏本 星14青春i5 1135G7/集显【14英寸】 顶配八：16G/1T高速固态,5299.00,惠普蓝星专卖店,1.2万+条评价
