﻿,goods_id,goods_name,goods_price,goods_store,goods_commit
0,18172680127,戴尔（DELL）燃5000灵越5493/5593  十代酷睿轻薄学生游戏本手提笔记本电脑皓月银 14英寸 5493 i3-1005G1 核显 8GB内存 512GB固态 定制,3599.00,戴尔宇熙世纪专卖店,1.2万+条评价
1,100009063315,【教育优惠】Apple 2019款 MacBook Pro 16 九代i7 16G 512G 深空灰 RP5300M显卡 轻薄本 MVVJ2CH/A,17399.00,Apple产品京东自营旗舰店,200+条评价
2,10021812309053,联想ThinkPad P15V 2020新款绘图设计师专用 3D建模渲染专业移动图形工作站笔记本电脑 i7-10750H 8G 512G高清丨04CD 升配：8G内存 2TB SSD固态硬盘,10299.00,ThinkPad福建授权专卖店,300+条评价
3,100009021919,惠普（HP）战99-K5 15.6英寸 工作站 设计本 笔记本W-10855M/32G/1T SSDx2/T2000 4G独显/UHD/Win10P/3年保修,18999.00,惠普京东自营官方旗舰店,1.6万+条评价
4,10020926079729,宏硕 酷睿i5四核/i5 9400F六核/台式机电脑主机家用游戏办公组装电脑整机全套 i5十代/6G独显 主机+24曲面显示器,4999.00,宏硕电脑旗舰店,6200+条评价
5,10020321805679,惠普（HP）战66 三代AMD版 指纹识别+背光键盘轻薄笔记本电脑 商务精英办公 学生本 全新锐龙 15.6英寸 精装升级版 六核R5-4500U/16G/512G固态/高色域,4799.00,惠普峻峰专卖店,1.2万+条评价
6,13790493269,内置wifi i7 9700/RTX2060 2070 吃鸡游戏直播台式组装电脑主机DIY组装机鑫锐 配置三:i7/GTX1060+27英寸显示器,4599.00,鑫锐电脑旗舰店,1.9万+条评价
7,10023452487768,酷耶 十代i5i7/技嘉主板/16G DDR4 吃鸡电竞游戏台式机电脑主机组装整机全套 主机+24英寸曲面显示器 套餐四(i5-10400F+1660S独显6G),4998.00,酷耶电脑旗舰店,2600+条评价
8,70171686930,华硕(ASUS) 飞行堡垒8 英特尔酷睿i5 15.6英寸游戏笔记本电脑 i5-10200H丨GTX1650Ti丨144Hz 16G内存/512G固态,6089.00,华硕智凝专卖店,6200+条评价
9,31677658891,【可选十代】戴尔OptiPlex7080mt台式电脑主机游戏商用台式机工作站7070mt升级定制款 i7-10700/16G内存/128G固态+1T HD630核显,5399.00,戴尔商用北纬专卖店,2000+条评价
10,10022554722272,联想拯救者R7000P 新品高端八核15.6英寸144Hz电竞屏3D设计轻薄手提游戏笔记本电脑 R7-4800H八核丨RTX2060 6G独显 16G 1T大固态丨升级版,9499.00,联想众信授权专卖店,2800+条评价
11,24620312027,华为笔记本电脑MateBook13 超轻薄13英寸商务性能手提本2K全面屏 皓月银｜I7-10510U 16G 512win版,7599.00,华为新通路专卖店,7100+条评价
12,10020429865602,戴尔（DELL） 金属超极本5390/5391 13.3轻薄便携商务办公学生游戏手提笔记本电脑 72%色域 星光银 i5-8265U/8G/512G/2G独显 定制,4599.00,戴尔宇熙世纪专卖店,1.4万+条评价
13,12591095508,联想拯救者Y7000 15.6英寸2020款酷睿i5/i7高色域电竞屏学生设计师吃鸡游戏笔记本电脑 升级 i5 32G 512G+1T 1650Ti,8199.00,联想爱特家专卖店,800+条评价
14,12594068018,戴尔（DELL）成就3671 商用办公 台式机电脑 家用游戏整机 设计制图 （带21.5英寸显示器）集成显卡 i3-9100 8G 256G固态硬盘 定制,3249.00,戴尔康特台式机专卖店,3100+条评价
15,41962424950,【定制Win7-32位】联想台式机 商用办公税控台式电脑主机 WIN7系统电脑整机 大机箱+21.5英寸显示器IPS 定制G3930T 4G 500G 无光驱 W7,2999.00,联想扬天华南授权专卖店,3100+条评价
16,65443751370,【定制Win7-32位】联想台式机 商用办公税控台式电脑主机 WIN7系统电脑整机 大机箱+21.5英寸显示器IPS 定制G3930T 8G 128G+1T D W7,4099.00,联想扬天华南授权专卖店,3100+条评价
17,65030845074,华为笔记本电脑MateBook D14 14英寸轻薄本商务本办公游戏学生本超极本 皓月银i5十代/16G/512G固态/独显 标配,5699.00,华为肆玖专卖店,1100+条评价
18,100003753167,联想(Lenovo)v330 轻薄便携商务办公独显笔记本电脑设计学生女生娱乐商务本 8G内存+256G固态 v330 A4-9125 2G独显 14英寸,3199.00,联想斯泰授权专卖店,1000+条评价
19,10020467240883,华为平板M6 8.4英寸麒麟980影音娱乐游戏学习平板电脑4GB+128GB LTE全网通（香槟金）,2499.00,华为京东自营官方旗舰店,"去看二手
							34万+条评价"
20,100007699495,联想小新AIR15 2021新款锐龙版 15.6英寸窄边大屏高性能轻薄商务办公游戏学生笔记本电脑 八核R7-4800U 16G 512G固态丨高色域 IPS全高清屏 精装升级,5599.00,联想华南授权专卖店,5600+条评价
21,69499918988,掠夺者战斧300 15.6英寸144Hz窄边框电竞屏吃鸡游戏本笔记本电脑(英特尔酷睿I7 16G 1TSSD GTX1660Ti WIFI6),8799.00,宏碁京东自营旗舰店,500+条评价
22,31595170141,15.6英寸 酷睿i5 轻薄笔记本电脑 超薄本 超极本 上网本 游戏本 商务手提办公学生电脑笔记本 银灰色  套餐二{ i 5+8G+256G固态},2656.00,格莱富电脑旗舰店,800+条评价
23,65451492798,戴睿2020指纹解锁超轻薄笔记本电脑15.6英寸窄边框全新四核便携手提学生商务办公游戏上网本背光键盘 炫酷银 【套餐2】【限量升级】12G内存+256G固态...,1858.00,戴睿旗舰店,2.1万+条评价
24,10022415167872,神舟战神ZX6/TX6-CU5DA 十代六核i5 GTX1650/1050独显手提游戏本笔记本电脑 ZX6-CU5升级版/十代i5/16G/512G,5399.00,神舟游戏本专卖店,1.7万+条评价
25,51464058033,【高性能独显+8秒开机】15.6英寸窄边框轻薄大学生学习办公商务游戏本 快速者K83超级笔记本电脑 8代英特尔3867U+独显2G+ 16G内存+256G固态硬盘,2988.00,快速者电脑旗舰店,700+条评价
26,64305047474,戴尔（DELL） OptiPlex7070MT商用办公绘图设计3D渲染建模主机酷睿游戏台式机电脑 7080MT 十代I5 16G 1T+128G固态 GTX1050TI 4G独显【设计吃鸡】,5099.00,戴尔商用瑞华专卖店,6500+条评价
27,54099396048,【2020款指纹解锁】15.6英寸轻薄IPS窄边框超薄手提金属笔记本电脑办公大学生女生游戏便携超级本 10代5205U 8G内存 1024G固态 办公商务办公游戏娱乐轻薄...,2968.60,iru旗舰店,5800+条评价
28,13942424930,宏华 i7四核八线程/GTX1650S 4G独显英雄联盟吃鸡游戏台式组装电脑主机整机全套 显示器+主机 配置四 I7四核八线程+Gtx1060 5G,2798.00,宏华组装电脑旗舰店,8700+条评价
29,27738102349,戴尔（DELL）燃7000 灵越5493/5490/5590 轻薄超极本商务办公学生手提笔记本电脑 14英寸|十代i5-1035G1|独显MX230 8G内存 256GPCI-E固态+1T机械 定制,4099.00,戴尔华宏创天专卖店,2万+条评价
30,71839867050,戴尔（DELL）燃7000 灵越5493/5490/5590 轻薄超极本商务办公学生手提笔记本电脑 14英寸|十代i7-1065G7|独显MX230 8G内存 512GPCIE固态硬盘 疾速推荐版,5199.00,戴尔华宏创天专卖店,2万+条评价
31,48309802993,【支持Win7】联想擎天T510A-14个人商用办公企业采购台式整机酷睿I3/I5主机家用学习网课 单主机+（有线键鼠） 【推荐】i3-10100丨8G丨256G固态丨核显,2599.00,联想华辉台式机授权专卖店,200+条评价
32,65151279961,博仑帅酷睿i3/i5/i7曲面窄边框超薄一体机电脑办公/家用/游戏台式一体式整机 E3 CAD制图 A10四核 8G/240G,2488.00,博仑帅一体机电脑旗舰店,1.2万+条评价
33,100007255212,toposh 【酷睿i7+2G独显】笔记本电脑15.6英寸金属商务办公学生手提流畅吃鸡原神天刀游戏本 i7-6500U+2G独显+16G+1024G固态,4288.00,toposh笔记本旗舰店,100+条评价
34,10562220258,小米游戏本15.6英寸（i7-9750H 16G 512G PCIe RTX 2060 6G独显 72%NTSC 144Hz）深空灰色 游戏笔记本电脑,8199.00,小米京东自营旗舰店,"去看二手
							9.5万+条评价"
35,69084604331,纵横卓创 十代i7 10700/双硬盘2G独显专业平面设计师视频剪辑建模渲染美工修图组装台式电脑主机 配置二：主机+戴尔D2421H显示器,5199.00,纵横卓创组装电脑旗舰店,2500+条评价
36,66715794566,世纪之星 英特尔酷睿i3-9100F升酷睿i5/GTX1650独显吃鸡多开LOL游戏组装电脑台式整机 单主机 配置四：酷睿i5/1650/16G,2399.00,世纪之星电脑整机旗舰店,200+条评价
37,48896596199,联想笔记本电脑 扬天V110-15.6英寸轻薄便携商务办公学生本大屏独显双核芯上网课影音家用 定制15.6屏 A6 8G 512G固态 Win7 2G独显 office 黑色,3399.00,联想天佑专卖店,2600+条评价
38,42434354887,京芒 i3 9100F/i3 10100/GTX1650 4G独显办公游戏台式电脑主机DIY组装机 配置三I3 9100F/8G/GTX1050TI,1788.00,京芒DIY电脑旗舰店,3600+条评价
39,71228061012,15.6英寸四核超薄本笔记本电脑轻薄本学生游戏手提商务办公超级本上网本分期免息电脑笔记本 玫瑰红 套餐五 高速【8G内存+512高速固态】,1829.00,格莱富电脑旗舰店,5700+条评价
40,66553447849,联想ThinkPad E14 14英寸 轻薄商务办公手提学生游戏笔记本电脑 酷睿i3-10110U 【定制黑】8G内存 512G固态 06CD,3999.00,ThinkPad广东授权专卖店,2700+条评价
41,66466969842,苹果（Apple）2020新款MacBook Air 13.3英寸超轻薄学生办公手提笔记本电脑 国行 Macbook air 13.3英寸【金属银】 【2020款】i3/8GB/256G/视网膜显示屏,7688.00,苹果百桔专卖店,3200+条评价
42,37029266341,联想ThinkBook 十代酷睿i5/i7轻薄游戏本 指纹解锁笔记本电脑ThinkPad 15-06CD(10代i5/背光键盘/全高清屏  16G内存 512GBNVME高速固态）升配,4899.00,ThinkPad华北授权专卖店,4900+条评价
43,27107972440,华为（HUAWEI）笔记本电脑MateBook D15/14 轻薄便携商务办公学生超薄本 D14银｜i5-10210U 16G+512G爆款,5499.00,华为新通路专卖店,2万+条评价
44,18496999481,联想ThinkPad P15V 十代i5/i7标压高性能编程设计游戏本笔记本电脑移动图形工作站定制为 32G内存 1T高速固态 i7-10750H 4G专业显卡 高清屏丨04CD,9498.00,ThinkPad华北授权专卖店,2300+条评价
45,69214593084,【钛系列高配版】联想拯救者Y7000 2020款1080P专业电竞游戏笔记本电脑r独显1650Ti 十代i5 16G 1T+512G固态 升级版 100%sRGB高色域全面屏,7399.00,联想华东授权专卖店,3.2万+条评价
46,14276132101,神舟战神K670T/K670E/ZX6吃鸡游戏本MX350/GTX1650独显15.6英寸笔记本电脑 K670E-G4A6:G5420 8G 512G,3699.00,神舟屹创专卖店,1500+条评价
47,1309947213,联想（Lenovo）扬天V330 14英寸笔记本电脑娱乐商务影音家用学生手提电脑 高清屏 定制A4-9125 8G内存 500G硬盘,2388.00,联想扬天丽邦专卖店,4800+条评价
48,71389044150,武极 十代i5 10400F/GTX1050 TI游戏台式机电脑主机组装电脑/DIY组装机,2988.00,武极电脑DIY旗舰店,1700+条评价
49,28080826975,【酷睿i7+2G独显游戏本】 领睿 轻薄款笔记本电脑 15.6英寸金属外壳学生商务办公手提吃鸡LOL I7 8565U/MX250 2G独显 16G内存+512G PCIE高速固态,4599.00,领睿旗舰店,40+条评价
50,27996543889,华硕（ASUS）VivoBook15s笔记本电脑十代酷睿商务学习窄边框轻薄本 Redol丨16G丨512G丨R5-4500U,4189.00,clife旗舰店,9100+条评价
51,10022027462936,宏碁（acer） 宏基墨舞 十代i5新品商务办公游戏娱乐轻薄便携笔记本手提电脑2G独显 EX215十代i5-10210U全高清15.6英寸 套餐四 12G内存 512G固态硬盘 极速版,3768.00,宏碁宏广世纪专卖店,900+条评价
52,29278913488,戴尔（DELL）灵越5502/成就5501 15.6英寸高清轻薄全面屏固态笔记本电脑 可选11代酷睿 成就5501-2625金 i5 16G MX330 官方标配,4979.00,戴尔官方旗舰店,700+条评价
53,71549544292,天宝T-bao R8 15.6英寸轻薄笔记本电脑 便携商务i5超薄游戏本 学生网上课堂远程办公超极本 四核CPU 8G内存 256G固态硬盘 高速处理器,1548.00,天宝电脑旗舰店,1.1万+条评价
54,71443627436,戴尔（DELL）旗舰店灵越7590/7500 15.6英寸酷睿标压性能创意设计轻薄独显固态笔记本电脑 7500-1745 十代i7 16G 1650,9199.00,戴尔官方旗舰店,1万+条评价
55,25361143560,鑫锐 i7 10700/RTX3070 2070独显512G吃鸡直播游戏台式电脑主机/DIY组装机 配置五：i7 10700F/RTX2070 单主机,6299.00,鑫锐电脑旗舰店,70+条评价
56,62114205241,戴尔（DELL）灵越5493/5593/5000 2020新款学生游戏商务办公轻薄家用手提笔记本电脑 轻薄大屏【R7/锐龙】15.6英寸银 办公版 8G内存/256G固态【推荐】,3699.00,戴尔阳光雨尉专卖店,1.2万+条评价
57,63466565945,联想小新15 2021款15.6英寸十一代酷睿i5/i7全面屏轻薄笔记本电脑高性能设计游戏本 i5-1035G1 16G 512G固态标配荣耀银 IPS高色域全面屏 浩瀚银,6199.00,联想有点授权专卖店,3万+条评价
58,69801984499,"拍拍	
【二手99新】英特尔i9级八核独显GTX1070独显直播吃鸡游戏电脑办公整机DIY组装二手台式机全套 套餐七：i9级十六线程/1070 8G【怒跑40万 全套",3799.00,火星人二手商品专营店,2.9万+条评价
