﻿,goods_id,goods_name,goods_price,goods_store,goods_commit
0,14605550712,梵泰（FOTEN）一体机电脑酷睿i5四核办公家用游戏设计台式电脑整机套装 18.5超薄+四核A6+8G内存+120G固态,1028.00,梵泰电脑官方旗舰店,5000+条评价
1,100013581604,机械师（MACHENIKE）创物者M15XX 设计主机商用游戏台式机电脑 （十代i5-10400 8G 256G SSD 正版Win10）,3199.00,机械师京东自营旗舰店,1.2万+条评价
2,100013315046,华为平板MatePad Pro 5G 10.8英寸麒麟990影音娱乐游戏办公学习全面屏平板电脑8G+256G全网通(青山黛),5299.00,华为京东自营官方旗舰店,28万+条评价
3,52593158783,酷耶 十代i5i7/技嘉主板/16G DDR4 吃鸡电竞游戏台式机电脑主机组装整机全套 主机+24英寸曲面显示器 套餐一(i5-9400F/GTX1050独显2G),3098.00,酷耶电脑旗舰店,2600+条评价
4,10022431353196,紫金侠 intel i5/i7独显电竞游戏吃鸡迷你DIY组装台式电脑主机整机全套网吧家用办公电脑 i5/8G/128G固态/独显+显示器全套,2599.00,锦杰电脑专营店,200+条评价
5,100007773455,"京品电脑	
联想(Lenovo)天逸510S 英特尔酷睿十代i5 台式机电脑整机(i5-10400  16G 1T+256G SSD wifi win10 )21.5英寸",4399.00,联想京东自营旗舰店,1.1万+条评价
6,66066789204,斐越 intel八核十六线程/GTX1060吃鸡独显32G内存游戏电竞台式组装电脑主机DIY整机全套 单主机 配置三,2098.00,鑫豪源数码专营店,2500+条评价
7,50390741417,联想小新15性能版Plus 2020款15.6英寸设计师大屏窄边框四核超轻薄游戏本办公手提笔记本电脑 银色i7-1065G7 16G 512G｜高配 100%高色域屏 附带office,7299.00,联想众信授权专卖店,1.1万+条评价
8,100008799550,京天&华硕联名Blitz 545 i5 10400/8G DDR4/480G台式组装电脑/商务办公企业采购/家用定制游戏主机UPC,2699.00,京天（KOTIN）电脑京东自营旗舰店,9500+条评价
9,58573082982,华为荣耀笔记本电脑MagicBook pro/14/15全面屏超薄本轻薄本便携学生商务办公本超极本 【20款14SE】R5-3500U+16+512,4599.00,荣耀策山专卖店,1.4万+条评价
10,100006589429,Apple新款 Mac mini台式电脑主机 八代i3 8G 256G SSD 台式机 MXNF2CH/A,6299.00,Apple产品京东自营旗舰店,9600+条评价
11,100013469870,宏碁 传奇 14英寸 7nm六核处理器 轻薄本 全功能Type-C  笔记本电脑(R5 4500U  16G 512GSSD 高色域屏 win10),4199.00,宏碁京东自营旗舰店,2.3万+条评价
12,100016494190,航向者 intel八核十六线程/GTX泰坦6G/16G台式组装电脑主机DIY组装机吃鸡LOL游戏办公 主机+显示器 套三(i9级六核+8G内存+1050Ti独显),1799.00,航向者组装电脑旗舰店,3600+条评价
13,10020860098528,联想(Lenovo)天逸510S Mini台式机1升小机箱电脑主机(i5-10400  16G 512G SSD wifi6 win10 三年上门)单主机,3999.00,联想京东自营旗舰店,22万+条评价
14,100012038786,戴尔（DELL）Optiplex 7070MT 商用绘图设计主机3D渲染建模游戏台式机电脑整机 定制 9代i7/16G/1T+256G/2G独显 全国联保 三年上门,5599.00,戴尔商用京东自营官方旗舰店,700+条评价
15,100007785837,华为笔记本电脑 MateBook X Pro 2020款 13.9英寸 十代酷睿i7 16G+1T SSD 独显 3K触控全面屏/轻薄本 翡冷翠,13499.00,华为京东自营官方旗舰店,4.3万+条评价
16,65456150999,"京品电脑	
联想(Lenovo)天逸510S 英特尔酷睿十代i5 台式机电脑整机(i5-10400  8G 1T wifi win10 三年上门)单主机",3199.00,联想京东自营旗舰店,1.5万+条评价
17,100016079982,华为笔记本MateBook 14 2020款锐龙超薄本全面屏超极本轻薄本学生商务办公手提笔记本电脑 银｜十代i5 16G+512G 独显 触屏版【现货,6488.00,华为兴汇聚专卖店,1.6万+条评价
18,100011976114,戴尔(DELL)成就5880商用办公高性能台式机电脑整机(十代i5-10400F 16G 256GSSD 1T RX640 4G独显 )23.8英寸,5599.00,戴尔京东自营官方旗舰店,2.3万+条评价
19,10021936949805,联想(Lenovo)M6000d英特尔酷睿i7 高端商用办公台式电脑整机(i7-9700 16G 2T+256GSSD 2G独显 键鼠 office 3年上门)23英寸,7399.00,联想扬天京东自营旗舰店,1.1万+条评价
20,10023317020501,联想V330（V110升级款） 14英寸超轻薄商务办公学生独显笔记本电脑 A4-9125 8G内存 1T+512G固态丨高配 2G独显 全高清屏 星空灰 精装升级,3599.00,联想佳运汇通专卖店,3900+条评价
21,10022319995210,联想小新Air15 2021锐龙版 笔记本电脑高性能全面屏轻薄大学生办公设计游戏超极本 8核R7-4800U 16G 512G固态 标配 70Wh大电池 100%高色域 背光键盘 指纹解锁,5449.00,联想有点授权专卖店,8100+条评价
22,19209488151,新品小米Redmi G 16 GTX1650独显16g十代超轻薄红米拯救者电竞吃鸡游戏笔记本电脑手提 升级i5-10200H GTX1650Ti 4G,5599.00,小米瑞通专卖店,400+条评价
23,57246868570,15.6英寸2020款大屏高色域六核R5办公娱乐游戏女生轻薄便携笔记本电脑 定制R5-4600U 16G内存 512G固态 金属机身 指纹识别 上门服务 预装office,4899.00,联想朗通金牌专营店,1600+条评价
24,47022735769,宁美 i5 9500/10400/8G/256G台式办公电脑企业设计师整机家用主机/DIY组装机 高配版 i5 10400/8G/512G 高效办公,2799.00,宁美官方旗舰店,5800+条评价
25,100016391140,戴尔(DELL)台式机电脑 酷睿十代i5-10400家用商用办公吃鸡游戏设计炒股网课整机灵越3880 单主机 无显示器 8G 1T+128G固态 集显 定制,3479.00,戴尔华行台式机专卖店,4600+条评价
26,100007751187,惠普（HP）星14 青春版 超薄14英寸窄边框 轻薄手提笔记本电脑商务游戏学生【新品】 星空银：R5-3500U【高清屏】 配置三  16G/PCI-E512G固态,4499.00,惠普赞晓专卖店,900+条评价
27,28689916965,外星人(Alienware)R11 水冷电竞游戏台式电脑主机(十代i9-10900KF 64G 1TSSD+2T RTX3090 24G 三年上门)白,44999.00,外星人京东自营旗舰店,1100+条评价
28,10021776538985,戴尔(DELL)XPS8940 设计师/游戏 高性能台式机电脑主机(十代i7-10700 16G 1TSSD 2T RTX2060 SUPER 8G独显)白,13999.00,戴尔京东自营官方旗舰店,6700+条评价
29,12784327472,联想(Lenovo)扬天T4900v 英特尔酷睿i7六核 高端性能设计商务家用办公台式电脑整机带光驱 27英寸IPS全高清窄边框 2G独显 定制 i7-8700/16G/1T+512G固态,8599.00,联想扬天京东自营授权旗舰店,200+条评价
30,12594068016,英特尔酷睿i5办公电脑台式主机家用商用财务设计师炒股电脑英雄联盟吃鸡游戏独显组装台式机整机全套 电脑主机+24英寸曲面显示器  酷睿i5/8G/240G/750t...,2499.00,狄派电脑旗舰店,7000+条评价
31,10022228675997,联想(Lenovo)拯救者Y7000电竞游戏本2020版高色域吃鸡学生笔记本电脑i5-10200H 升级：16G内存 512G固态 GTX1650 4G独立显卡 曜石黑 Win10H,7099.00,国美官方旗舰店,800+条评价
32,100014692746,威龙远航 intel六核十二线程/16G/GTX1050-2G 游戏台式组装电脑主机DIY组装机 配置二（六核+16G+GTX1050-2G）,1699.00,威龙远航DIY电脑旗舰店,8700+条评价
33,10020540303423,【定制Win7-32位】联想台式机 商用办公税控台式电脑主机 WIN7系统电脑整机 大机箱（无显示器） 定制G3930T 4G 500G 无光驱 W7,2399.00,联想扬天华南授权专卖店,3100+条评价
34,56722942303,戴尔（DELL）旗舰店 灵越7300 13.3英寸全新酷睿11代超轻薄合金固态办公笔记本电脑 7300-1825银11代i7 16G MX350,7599.00,戴尔官方旗舰店,1200+条评价
35,100012099436,华为笔记本电脑 MateBook X 2020款 13英寸 十代酷睿i7 16G+512G 扩展坞套装/3K触控全面屏/轻薄本 冰霜银,9999.00,华为京东自营官方旗舰店,4200+条评价
36,10023722985951,狄派 英特尔酷睿十代i5/i7-10700八核台式电脑主机整机全套6G独显办公游戏电竞组装电脑 单主机 配置六(i7-10700+RTX2060 三年保）,6599.00,狄派电脑旗舰店,3900+条评价
37,53697054585,华为笔记本MateBook 13 2020款锐龙超薄本全面屏轻薄本超极本商务办公学生手提笔记本电脑 银｜十代i5 16G+512G 独显 触屏版【现货 MateBook13 标配,6188.00,华为兴汇聚专卖店,1万+条评价
38,51470665607,"京品电脑	
雷神(ThundeRobot) 911Air星战三代 15.6英寸游戏笔记本电脑 (十代i7-10750H 8G 512GSSD GTX1650)",6099.00,雷神京东自营官方旗舰店,2万+条评价
39,100007846219,惠普（HP）战99二代商用办公台式电脑主机 十代i3/i5/i7品牌机家用整机定制 内置WIFI蓝牙 单主机【含键鼠】不含显示器 i5 10500 16G 1T集显定制,3999.00,惠普华氏未来专卖店,10+条评价
40,60603771233,"拍拍	
【二手9成新】联想2手台式机多核四核家用炒股搬砖/办公品牌电脑迷你小主机 套餐2 四核Q8400/4G/320G送WIFI",588.00,优爱二手商品专营店,8000+条评价
41,62123533855,ThinkPad E14 i3/i5/i7 联想14英寸E系列家用商务办公轻薄便携商务游戏笔记本电脑 【05CD】锐龙版 六核R5-4600U 8GB内存512GB固态硬盘【定制】,4299.00,ThinkPad重庆授权专卖店,3200+条评价
42,10020856709810,惠普(HP)小欧S01 商务办公台式电脑主机（十代i3-10100 8G 512GSSD Win10 注册五年上门）,2699.00,惠普京东自营官方旗舰店,3700+条评价
43,100013408920,亚当贝尔 英特尔酷睿i7/高端独显/办公游戏家用吃鸡迷你组装台式机电脑主机 主机+27英寸曲面显示器 酷睿i7/GTX1650 4G/16G/480G,3499.00,亚当贝尔电脑旗舰店,90+条评价
44,42208809406,联想ThinkBook 十代酷睿i5/i7轻薄游戏本 指纹解锁笔记本电脑ThinkPad 15-3QCD(10代i7/背光键盘/全高清屏  16G内存 512GBNVME高速固态）升配,5599.00,ThinkPad华北授权专卖店,4900+条评价
45,1457380981,戴尔（DELL）OptiPlex 3070MFF 微型台式电脑迷你小主机 台式机商用办公客厅HTPC 定制 i3-9100T/8G/1T+128G 内置WiFi+蓝牙 全国联保 三年上门,2888.00,戴尔商用京东自营官方旗舰店,300+条评价
46,10022332455664,ROG魔霸4 十代8核英特尔酷睿i7 15.6英寸液金导热240Hz高色域屏游戏笔记本电脑(i7-10875H 16G 512G RTX2060),10979.00,玩家国度ROG京东自营官方旗舰店,1.2万+条评价
47,10020860098527,AOC一体机电脑9代六核i5/酷睿i3i7高配游戏家用办公台式一体式整机可选十代i5 10400 【23.8】九代G4930+8G+256G固态,2899.00,AOC电脑海克专卖店,1.1万+条评价
48,100008203517,极途 i5 9400F/8G/240G 企业办公家用台式电脑主机平面设计师DIY组装电脑,2499.00,极途电脑DIY旗舰店,9600+条评价
49,10020018380101,小米笔记本 RedmiBook 14英寸 增强版 高性能超轻薄 游戏办公学生网课手提 红米笔记本电脑 十代 i5 8G 1TB MX250-2G 银色,4069.00,小米北翔专卖店,600+条评价
50,70406176565,戴尔（DELL）Optiplex 7070MT 商用绘图设计主机3D渲染建模游戏台式机电脑整机 定制 9代i7/8G/1T+256G/2G独显 全国联保 三年上门,5299.00,戴尔商用京东自营官方旗舰店,700+条评价
51,10024096469786,RedmiBook Air 13.3英寸 2.5k高分辨率高色域全面屏 超轻薄(第十代英特尔酷睿i7 16G 512G 100%sRGB 紫晶灰)手提 笔记本电脑 小米 红米,5899.00,小米京东自营旗舰店,6.1万+条评价
52,24136175281,联想拯救者Y7000 2020 酷睿十代i5/i7制图吃鸡高色域游戏本办公学生设计师p笔记本电脑幻影 标配:i7-10750H 8GB  1T+256G GTX1650-4G显卡 100%sRGB高色,7699.00,联想华北授权专卖店,5600+条评价
53,68628594399,攀升战神水冷十代i5 10400F/RTX2060设计师游戏台式机电脑主机 【十代i5 16G 512G GTX1660】,5099.00,攀升官方旗舰店,1600+条评价
54,100014664586,联想（Lenovo）天逸510S商务办公家用个人台式机商用电脑酷睿I3/I5迷你主机内置WiFi蓝牙 单主机+（携带有线键鼠） 【推荐】标配：i3-10100丨8G丨1T丨核显,2499.00,联想华辉台式机授权专卖店,1000+条评价
55,46451591507,联想（Lenovo） 扬天 S550 14英寸2020新款锐龙版（全新7mm）轻薄便携学习笔记本电脑 标配R5-4600U 16G内存 512G固态 指纹识别 双风扇散热,4599.00,联想朗通金牌专营店,30+条评价
