﻿,goods_id,goods_name,goods_price,goods_store,goods_commit
0,67866978577,惠普（HP）星14青春版14英寸 超轻薄便携金属商务办公学生游戏手提笔记本电脑 星空银 i5-1135G7 高性能核显 8GB内存 512G Pcie高速固态 办公定制,4499.00,惠普易企营专卖店,400+条评价
1,10022286788064,华硕PBA 十代i5 10400F/GTX1660 6G吃鸡游戏台式机组装电脑主机DIY整机 配置二,3299.00,benkou电脑官方旗舰店,1100+条评价
2,54505556157,戴尔（DELL）灵越5493/5593/成就3501 十代酷睿网课办公游戏固态窄边轻薄笔记本电脑 14英寸i7-1065G7 2GB独显 银色 16GB内存 1T PCIe固态+无机械 定制,5799.00,戴尔速达专卖店,1.2万+条评价
3,10024195806075,清华同方 台式机 家用办公网课电脑主机整机全套 可改win7 定制i5-9400 16G 512G+1T  单主机,4099.00,清华同方电脑旗舰店,6条评价
4,58756438424,惠普（HP）星14青春版 十代酷睿14英寸窄边框商务办公学生轻薄游戏笔记本电脑 旗舰版【2021星空银-11代i5】 配置四：16G/1TB固态,5199.00,惠普中成德胜专卖店,1.1万+条评价
5,100013333250,联想小新13 2020款超轻薄便携笔记本电脑大学生设计师商务办公游戏高色域超级本 i5-10210U 8G内存 512G固态 特惠版 MX350 2G独显 银色高色域 精装升级,5089.00,联想德信专卖店,1万+条评价
6,26805142246,联想V340 2020款高性能十代酷睿i3双核窄边框超薄本轻薄学生超极本商务办公游戏笔记本手提电脑 定制 i3-1005G1 8G 512G+1T 2G独显 FHD全高清屏 星空灰,4469.00,联想扬天京东自营授权旗舰店,100+条评价
7,11814693781,联想ThinkPad P14s 2020款(01CD)英特尔酷睿i714英寸轻薄图站游戏笔记本i7-10510U 16G 512GSSD P520 2G 4K屏,13999.00,ThinkPad京东自营旗舰店,1900+条评价
8,69399404883,戴尔（DELL）灵越5493/5593 燃5000 手提轻薄超极本商务办公网课学生游戏笔记本电脑 V5590金属本|i5-10210U|银|2G独显 8G内存 512GPCI-E纯固态硬盘 定制版,4266.00,戴尔华宏创天专卖店,3万+条评价
9,10021713150878,新品指纹解锁酷睿i5/i7金属轻薄笔记本电脑15.6英寸商务大学生上网课女生超薄游戏本超极本 高频版 酷睿i5+ 8G内存/512G固态 金属外壳 微边工艺,2888.50,iru旗舰店,800+条评价
10,62322323812,戴尔（Dell）成就3881台式电脑全套整机 十代i5/i3办公财务设计商用家用台式机电脑迷你单主机 +23.8英寸IPS低蓝光显示器 i5丨16G丨1T+256G丨2G独显丨定制,5099.00,戴尔菱悦专卖店,1100+条评价
11,10022149777509,苹果（Apple）ipad2019/2020新款第8代10.2英寸air2更新版平板电脑 WiFi版 2020款 金色 128G 原厂笔+ 壳膜,3839.00,APPLE翔合专卖店,18万+条评价
12,100015470364,机械革命（MECHREVO）S2/S2AirIR14英寸全金属窄边框轻薄商务办公学生游戏笔记本电脑 【十代银或灰】i7-10510U|MX350 【精进版】16G/512G固态,5299.00,机械革命旗舰店,500+条评价
13,46099369815,宁美 英特尔九代G5420/9100F电脑主机小型家用企业办公设计LOL游戏台式组装电脑 G5420/128G/23.8英寸套装,1549.00,宁美官方旗舰店,200+条评价
14,34757015089,Apple iPad Air 10.9英寸 平板电脑（ 2020年新款 64G WLAN版/A14芯片/触控ID/全面屏MYFN2CH/A）银色,4799.00,Apple产品京东自营旗舰店,1.7万+条评价
15,32085109726,机械革命深海泰坦x10ti-S八核i7标压2070游戏电竞高端吃鸡学生办公手提笔记本电脑17.3英寸 【曜者版】i7-10870H|RTX2070 【HOT推荐】i7/16G/1T+512GPCIE,10488.00,机械革命旗舰店,3100+条评价
16,60460555994,小黄鱼 i7 10700升10700K/华硕主板吃鸡游戏台式机 电脑主机/组装机全套 单主机（不带显示器） 套餐三 i7 10700K+32G+RTX2060,6999.00,小黄鱼旗舰店,300+条评价
17,70725243685,AOC大师922系列一体机电脑台式九代酷睿整机超薄高清商务办公设计影音游戏台式机23.8英寸 JD仓配 9100/8G/双硬盘120G+1T,3199.00,AOC一体机京东旗舰店,3900+条评价
18,10023871613425,华为MateBook X Pro 13.9英寸轻薄本笔记本手提电脑触控商务办公本 深空灰｜i7八代/16G/1TB 独显L版 官方标配,12699.00,华为千百回专卖店,1000+条评价
19,52526772952,浩鑫（SHUTTLE）SH370R6迷你主机电脑PC/NUC工作站/工控主机/小型服务器/台系精品  i9-9900k/32G/1Tssd/双位硬盘盒,9050.00,大笨猫电脑专营店,10+条评价
20,100006588745,Apple iPad 10.2英寸 平板电脑（ 2020年新款 128G WLAN版/Retina 显示屏/A12仿生芯片 MYLE2CH/A）银色,3099.00,APPLE翔合专卖店,2700+条评价
21,28626491752,Apple苹果 新款MacBook Pro13.3英寸超薄笔记本电脑支持Air drop 高配 512G 灰色+鼠标,13788.00,APPLE翔合专卖店,1万+条评价
22,67712107896,Apple iPad Pro 12.9英寸平板电脑 2020年新款(512G WLAN+Cellular版/全面屏/Face ID/MXFQ2CH/A) 深空灰色,11499.00,Apple产品京东自营旗舰店,3.4万+条评价
23,57055867112,联想(Lenovo)小新 Air15 2021锐龙版 全面屏超轻薄笔记本电脑 标配：8核R7-4800U 16G 512G固态 背光键盘 指纹识别 高色域 深空灰,5299.00,联想亿维授权专卖店,600+条评价
24,66470867909,联想 Thinkpad E15 2020 15.6英寸大屏商务轻薄游戏笔记本电脑 I5-10210U 16G内存 512G+1T@0PCD定制 FHD高清屏/ 2G独显office,5599.00,ThinkPad山东授权专卖店,1700+条评价
25,100014251012,戴尔（DELL）游匣新g3/g5灵越5500 15.6英寸i5/i7学生游戏电竞笔记本电脑 十代i5 GTX1650Ti 120Hz电竞屏 16内存512G PCIe固态 【高配版】,6499.00,戴尔阳光雨尉专卖店,5000+条评价
26,49004939882,【现货】华为笔记本MateBook14 2020款2K触控屏14英寸超轻薄本超极本全面屏商务办公电脑 【新品】银丨R5-4600H 16G+512G触屏,5899.00,华为桑核专卖店,1400+条评价
27,43286335633,联想（Lenovo）S540 英特尔酷睿i5 13.3英寸超轻薄手提办公游戏学生笔记本电脑 i5-8265U 16G内存 512G固态 2G独显 背光键盘 指纹识别 银灰色 精装升级,4999.00,联想佳运汇通专卖店,1500+条评价
28,100007356009,宁美-卓-CA3 i5 10400/P620/16G内存/512G SSD/专业3D图形设计渲染台式电脑主机/个性定制,4399.00,宁美国度京东自营旗舰店,2600+条评价
29,25361143510,华橙 英特尔G5400升G5420/GTX1650 4G/16G内存游戏办公台式电脑主机DIY组装机 主机全套（含显示器） 套餐一/8G/HD610/120G,1499.00,华橙电脑旗舰店,700+条评价
30,69777089114,宏碁acer 宏基蜂鸟Swift3 14英寸全面屏 传奇蜂鸟超轻薄便携女学生办公游戏手提笔记本电脑 蜂鸟FUN丨i5 十代丨MX350 2G独显 标准版： 8G内存 / 256G固态,3679.00,宏碁Acer硕和专卖店,3000+条评价
31,47669728702,畅骁 商祺A3 PRO i5 9400F/8G DDR4/128G+1TB/华硕H310/自带WiFi/家用办公企业采购台式组装电脑主机京东UPC,2999.00,畅骁京东自营旗舰店,200+条评价
32,72002345690,戴尔（DELL）灵越5493/5593/5000 2020新款学生游戏商务办公轻薄家用手提笔记本电脑 十代酷睿【i5/MX230】15.6英寸银  高配版 16G内存/512G PCI-e固态,4699.00,戴尔阳光雨尉专卖店,1.2万+条评价
33,58205584708,华为荣耀笔记本MagicBook Pro旗舰版全面屏轻薄本超薄本学生商务办公手提电脑超极本网课本 20款|银|R7-4800H/16G/512G 全面屏,6199.00,荣耀方和专卖店,1500+条评价
34,72229068907,联想15s 2020十代酷睿i5 15.6英寸大屏办公设计高性能独显游戏学生超轻薄手提笔记本电脑 i5-10210U 12G内存 1T+512G固态 MX330 2G独显 全高清屏 银色 定制增强版,5299.00,联想德信专卖店,1.1万+条评价
35,12575766398,戴尔（DELL）灵越5000 5493/5593独显轻薄超极本办公网课学生游戏笔记本电脑 15.6英寸 十代i5 MX230-2G独显 8G内存 256G PCI-E 固态硬盘  定制版,3999.00,戴尔崇云专卖店,2600+条评价
36,10023428271523,戴尔（DELL）成就Vostro3881 商用办公台式机十代酷睿家用影音游戏台式电脑设计师整机 主机+21.5英寸高清显示器1080p i5-10400 8G 1T+256G固态 定制,4249.00,戴尔华宏台式机专卖店,200+条评价
37,10020500213688,微软（Microsoft）Surface Pro 7二合一平板电脑6笔记本12.3英寸轻薄i5/i7 【多仓次日达】Pro7 i5 8G+128G亮铂金 【咨询砍价】标配+原装键盘+拓展坞大礼包,6288.00,昌族数码官方旗舰店,3300+条评价
38,65626295821,15.6英寸 笔记本电脑 超薄本 锐龙R7可选金属轻薄本 全面屏 吃鸡LOL游戏本昂福镭仕办公学习 LOL: Ryzen 5 20G内存+512G固态,4198.00,昂福镭仕电脑专营店,700+条评价
39,36947023808,AIERXUAN 焰魔G2 游戏本i7独显144Hz电竞屏 GTX1060/6G显卡 吃鸡笔记本电脑 焰魔G2/第七代 i7-7700HQ 8G内存 512G固态硬盘,5599.00,爱尔轩笔记本电脑旗舰店,4000+条评价
40,71525779284,联想（Lenovo）小新Pro14 2021款 2.2K全面屏 轻薄笔记本电脑办公设计游戏本 i5-1135G7 16G 512G固态 标配 MX450 GDDR6【满血版游戏级独显】,6699.00,联想华东授权专卖店,900+条评价
41,72161763229,戴尔（DELL）灵越5593笔记本 15.6英寸5000系列轻薄固态商务学生手提电脑【三期免息】 15寸| 十代酷睿i5-1035G1|2G独显 【高阶版】16G内存 512GPCI固态+1T机械,4899.00,戴尔瑞泰专卖店,300+条评价
42,12513857954,【王源代言】联想ThinkBook 轻薄商务办公笔记本电脑 十代酷睿i5/i7 ThinkBook 15-06CD i5-1035G1 10nm架构 16G内存 512G固态+1T双硬盘 升配,5299.00,ThinkPad成都授权专卖店,1100+条评价
43,100004245984,14英寸10代U窄边框金属轻薄商务办公学生手提笔记本电脑 i5-10210U 16G 1T 2G独显定制 2G独显 极速快充  全国一年上门服务 定制升级,5399.00,戴尔宇熙世纪专卖店,1400+条评价
44,70408550816,【可选十代】戴尔（DELL）T3630/T3640 图形工作站台式机 塔式服务器设计师办公电脑主机 i9-10900K/64G/512G固态+4T  RTX2080Ti-11G显卡/定制,23699.00,戴尔商用北纬专卖店,500+条评价
45,69018141033,2020新款华为MateBook D14/15轻薄本全面屏商务办公学生设计手提超薄笔记本电脑 D15银集显R5-4500U 16G 512标配,4999.00,华为康特专卖店,4700+条评价
46,10021073792574,惠普（HP）星14 青春版 笔记本电脑 小欧14s 14英寸轻薄便携 商务办公女学生手提电脑【新品】 珍珠白【赛扬4000】 发烧版 8G内存/500G固态,3548.00,惠普赞晓专卖店,8100+条评价
47,72256464781,Apple iPad mini 5 2019年新款平板电脑 7.9英寸（256G WLAN版/A12芯片/Retina显示屏/MUU52CH/A）银色,4090.00,Apple产品京东自营旗舰店,"去看二手
							58万+条评价"
48,10020073179534,惠普（HP）战66 新品三代amd锐龙版笔记本电脑窄边框设计轻薄定制超极本商务学生游戏本 15.6” 高色域 R7-4700U 400尼特 16G内存/512G固态 配置三,5299.00,惠普远科专卖店,2300+条评价
49,72000832343,戴尔（DELL）Latitude3400/3410 14英寸商务办公学生游戏手提轻薄笔记本电脑 i7-10510U 2G独显 三年上门高分屏 32G 512G固态/1T 定制,7480.00,戴尔商用地升专卖店,700+条评价
50,69457750645,戴睿2020指纹解锁超轻薄笔记本电脑15.6英寸窄边框全新四核便携手提学生商务办公游戏上网本背光键盘 珍珠白 【套9】 16G+256G+1000G,2858.00,戴睿旗舰店,2.1万+条评价
51,10022995614153,戴尔（DELL）灵越5000 5593/5493 成就3401超极本学生办公女生轻薄本手提笔记本电脑 14.0英寸|银色|十代i3-1005G1|UHD 8G内存 512GPcie固态硬盘 定制版,3299.00,戴尔华宏创天专卖店,1.1万+条评价
52,57182453989,"拍拍	
【二手99新】英特尔酷睿i7水冷8G独显二手台式机游戏电脑主机家用办公设计主机游戏直播组装机全套 套餐三 低效吃鸡款",1799.00,纪飞二手商品专营店,4500+条评价
53,25361143512,联想威6 2020八核锐龙R7 15.6英寸高性能游戏笔记本电脑手提轻薄办公设计学生颜值本 标配丨R7-4800U 16G内存 512G固态 IPS全高清屏 背光键盘 皎洁银 升级版,4999.00,联想佳运汇通专卖店,300+条评价
54,70287457904,Apple苹果 2020新款MacBook Air 13.3英寸 17款超薄笔记本电脑 银色 17款 128G 官方标配,5228.00,APPLE翔合专卖店,4500+条评价
