﻿,goods_id,goods_name,goods_price,goods_store,goods_commit
0,62123533862,联想ThinkBook 十代酷睿i5/i7轻薄游戏本 指纹解锁笔记本电脑ThinkPad 15-3QCD(10代i7/背光键盘/全高清屏 16G内存512G固态+1T双硬盘版）升配,6399.00,ThinkPad华北授权专卖店,4900+条评价
1,10021240461863,【2020款指纹解锁】全新十代笔记本电脑15.6英寸窄边框轻薄大学生游戏女生款便携办公商务手提超级本 十代5205U 16G内存 512G固态 轻薄商务游戏金属本,3188.00,爱尔游旗舰店,200+条评价
2,28022582321,联想（Lenovo） 天逸510pro 商用办公家用游戏台式机电脑主机整机十代六核I5-10400 8G 1TB机械 GT730-2G独显 定制 主机+19.5LED屏,4299.00,联想同诚台式机授权专卖店,1000+条评价
3,57498239008,【高性能独显+8秒开机】15.6英寸窄边框轻薄大学生学习办公商务游戏本 快速者K83超级笔记本电脑 8代英特尔3867U+独显2G+ 16G内存+ 512G固态硬盘,3188.00,快速者电脑旗舰店,700+条评价
4,71549544295,戴尔（DELL）旗舰店灵越7590/7500 15.6英寸酷睿标压性能创意设计轻薄独显固态笔记本电脑 7500-2845K 十代i7 1650Ti 4K,11999.00,戴尔官方旗舰店,1万+条评价
5,4558819,京天 Duel D51 i5 10400/GTX1650/240G SSD/16G DDR4内存/台式组装电脑/吃鸡游戏主机UPC,3799.00,京天（KOTIN）电脑京东自营旗舰店,3400+条评价
6,100013011694,雷霆世纪 觉醒X24 酷睿十代品牌游戏台式机/电脑主机（i5 10400 RTX2060 16G 512G固态 WIN10 三年上门）,6199.00,雷霆世纪（Raytine）京东自营旗舰店,300+条评价
7,69084604329,世纪之星 英特尔酷睿i3-9100F升酷睿i5/GTX1650独显吃鸡多开LOL游戏组装电脑台式整机 单主机 配置二：酷睿i5/4G独显/8G,1699.00,世纪之星电脑整机旗舰店,200+条评价
8,10021297286698,【新品10代酷睿处理器】四核学生游戏笔记本电脑 高性能游戏本 快速者Z18商务办公便捷轻薄本 十代酷睿i5四核八线程 8G内存+512G固态,3588.00,快速者电脑旗舰店,800+条评价
9,49767001243,亚当贝尔 酷睿i7-10700/GTX1060 6G独显/16G办公游戏家用吃鸡组装台式机电脑主机 主机+27寸曲面显示器 酷睿i7-10700/1060 6G/16G D4,5799.00,亚当贝尔电脑旗舰店,70+条评价
10,27956254521,惠普（hp）旗舰店 星14进阶版 11代新品 星13系列轻薄超薄商用手提学生女游戏笔记本电脑超极本 香槟色：【背光键盘版-11代进阶丨稀缺货源】 进阶版...,6499.00,惠普授权旗舰店,3.9万+条评价
11,39512493542,联想ThinkPad S2 Yoga 13.3英寸触控翻转商务轻薄笔记本电脑 i5-10210U 8G 512G(0CCD),6788.00,ThinkPad上海授权专卖店,300+条评价
12,68933456902,学生网上课堂电脑 办公笔记本电脑 全尺寸键盘Intel-J4105-12G内存 SSD固态256G硬盘+高档蓝牙鼠标套餐,1989.00,得峰旗舰店,1.4万+条评价
13,59270365860,联想（Lenovo）威6 2020款14英寸轻薄窄边框笔记本电脑十代酷睿i5 6系2G独显 i5-1035G1 16G 512G固态丨爆款定制,4699.00,联想扬天华东授权专卖店,1400+条评价
14,59079277615,横远i5 10400/GTX1660S 6G/32G内存高配水冷台式吃鸡直播游戏组装电脑主机全套网吧 配置六,5299.00,横远DIY电脑旗舰店,3300+条评价
15,100015520334,外星人ALIENWARE 全新m15 2020版R3 十代英特尔酷睿i7 高端电竞游戏本 15.6英寸144Hz高刷新GTX1660Ti 6G独显 轻薄高配笔记本电脑5726 黑色 现货,13989.00,外星人京东自营旗舰店,3200+条评价
16,10023390341444,【2G独显】新款超轻薄笔记本电脑澳典15.6英寸窄边框全面屏手提便携大学生商用办公高性能游戏超极本 英特尔4405U  8G运存  256G固态硬盘,2898.00,澳典笔记本旗舰店,100+条评价
17,10020899620530,戴尔(DELL)成就3881 台式电脑 商用办公台式机  游戏电脑 商务炒股 全新酷睿十代 含21.5英寸高清显示器 i5-10400 8G 1T 256G固态 定制,4199.00,戴尔优显台式机专卖店,1.2万+条评价
18,100011078390,雷霆世纪 复仇者157S i7-9700/GTX1660SUPER/技嘉B365M/16G内存/512G/吃鸡游戏台式组装电脑主机/京东游戏UPC,5999.00,雷霆世纪京东自营旗舰店,1.1万+条评价
19,100007594613,戴尔DELL全新XPS17-9700 17英寸英特尔酷睿i7 2020新款防蓝光全面屏设计轻奢笔记本电脑(i7-10750H 16G 1T GTX1650Ti 4G独显)银 送两年碎屏保,20999.00,戴尔京东自营官方旗舰店,1.1万+条评价
20,4820163,攀升 P28 升i710700F八核/GTX1660S 6G/华硕B460M/256G SSD/高频8G吃鸡游戏主机台式DIY组装电脑京东UPC,5799.00,IPASON攀升电脑京东自营旗舰店,5.2万+条评价
21,100007229409,联想ThinkPad X13 Yoga（0WCD）英特尔酷睿i5 13.3英寸轻薄笔记本电脑（i5-10210U 8G 256GSSD FHD 触控屏）,7499.00,ThinkPad京东自营旗舰店,1000+条评价
22,53180069547,联想(Lenovo)扬天M5300d 高性能四核台式机商务家用网课办公电脑整机 单主机 定制A10-9700/8G/1T+128G双硬盘,2799.00,联想扬天京东自营授权旗舰店,100+条评价
23,70140782695,华橙 intel八核十六线程/GTX1050TI独显/16G内存游戏台式吃鸡电脑主机/DIY组装机 配置二/GTX1050Ti/16G/256G,1699.00,华橙电脑旗舰店,800+条评价
24,100010816680,惠普（HP）光影精灵6 新十代酷睿标压 暗夜暗影电竞游戏笔记本电脑 旗舰店官网【2020热款】 i5-10200H GTX1650-4G 点杀 16G 512G PCIE【热款规格】 15.6英寸,5999.00,惠普授权旗舰店,8200+条评价
25,43887969446,"京东国际	
VAIO SX12 10代酷睿 12.5英寸 899克 轻薄本 窄边框商务笔记本电脑(i7-10710U 6核 16G 512G SSD FHD win10专业版)金榈棕",13288.00,VAIO京东自营旗舰店,1000+条评价
26,100007742151,惠普（HP）星14系列 14.0英寸 11代酷睿i5超轻薄学生女游戏商务办公家用手提笔记本电脑 星光银-超能版【高性能办公推荐】 11代i5-1135G7 16G 512G,4789.00,卓品数码旗舰店,2200+条评价
27,100015946364,华硕(ASUS)猎鹰V4 23.8英寸一体机台式电脑(酷睿i7 8G内存 128GSSD+1T MX130 2G 高清 上门售后)白,6099.00,华硕京东自营官方旗舰店,7700+条评价
28,51525488853,VAIO FH14 侍14 11代酷睿 14英寸 1.4Kg 4G独显 高性能轻薄笔记本电脑(i7-32G-2T SSD GTX1650Ti 4K)斑斓黑,13699.00,VAIO京东自营旗舰店,600+条评价
29,100006008785,鑫锐 i7 10700升酷睿i9/R7/RTX2060 3070吃鸡游戏直播台式电脑主机DIY组装机 配置六(升级版):R7八核/RTX3070,7999.00,鑫锐电脑旗舰店,2.1万+条评价
30,10023880807266,"京东国际	
VAIO SX14 10代酷睿 14英寸 1Kg 轻薄本 窄边框轻薄商务笔记本电脑(i7-10710U 6核 16G 1T SSD 4K屏 win10专业版)尊曜黑",16588.00,VAIO京东自营旗舰店,500+条评价
31,10020600839325,戴睿2020指纹解锁超轻薄笔记本电脑15.6英寸窄边框全新四核便携手提学生商务办公游戏上网本背光键盘 炫酷银 【套餐1】8G内存+128G固态硬盘,1668.00,戴睿旗舰店,2.1万+条评价
32,100011410518,联想拯救者R7000P 15.6英寸144Hz游戏笔记本电脑锐龙R7-4800H八核 ｜32G｜1TB固态｜RTX2060-6G｜定制 钛晶灰,9899.00,联想西南授权专卖店,7万+条评价
33,52549369221,联想ThinkPad S3 2020(04CD)英特尔酷睿i7 14英寸轻薄笔记本电脑(i7-10510U 8G 256GSSD+1T RX640独显)钛度灰,7699.00,ThinkPad京东自营旗舰店,4200+条评价
34,47538112005,AOC一体机电脑超薄高清屏高配i3i5i7八核游戏家用网课学习办公收银台式整机全套 四核J4105+8G+256G固态 23.8英寸,2199.00,AOC电脑海克专卖店,7300+条评价
35,58078228209,联想拯救者Y7000P竞技版2020新款游戏笔记本电脑15.6英寸144Hz高色域酷睿十代i7标压 八核i7 16G 512固态 RTX2060标配,9399.00,联想西南授权专卖店,2.1万+条评价
36,30203325680,"惠普（HP） 星14青春版 十代酷睿 2020新品14英寸超薄笔记本 轻薄时尚学生电脑 i7-1165G7 14.0"" 11代酷睿 背光版 16G 512G PCIE 2G【编程推荐】",7299.00,惠普授权旗舰店,9500+条评价
37,100012929976,戴尔(DELL)成就3881 台式电脑 商用办公台式机  游戏电脑 商务炒股 全新酷睿十代 单主机 十代i5 16G 1T 256G 1650-4G,4999.00,戴尔优显台式机专卖店,1.2万+条评价
38,10022231391151,联想ThinkPad 耀银S2 2020（0HCD）英特尔酷睿i7 13.3英寸轻薄笔记本电脑（i7-10510U 16G 512GSSD）,8499.00,ThinkPad京东自营旗舰店,1.7万+条评价
39,1086196186,联想IdeaPad15s 2020款轻薄笔记本电脑 15.6英寸锐龙R5六核游戏设计师上网课学生本 升级丨R5-4600U 8G内存 512G固态 银色,3869.00,联想航电授权专卖店,900+条评价
40,43047677305,联想(Lenovo)扬天M6610d 英特尔酷睿九代i5六核商务家用网课办公台式电脑整机 单主机 定制 i5-9400/8G/1T+128G固态,4299.00,联想扬天京东自营授权旗舰店,200+条评价
41,21235096378,戴尔(DELL)灵越5401/5402 Urban14英寸新品酷睿高清全面屏固态影音轻薄笔记本电脑 5402-1808银 预订i7 16G 锐炬显卡 标配,5799.00,戴尔官方旗舰店,1800+条评价
42,100005702735,硕扬 九代 i3 9100F/RX560 4G/16G内存/电脑台式游戏主机/DIY组装机,2599.00,硕扬DIY电脑旗舰店,1100+条评价
43,15660770355,联想威6 超轻薄笔记本电脑 2021款 14英寸高色域高清屏 高性能学生办公设计游戏本 十一代i5 16G 1T MX450独显 定制银,6599.00,联想扬天授权旗舰店,600+条评价
44,72492963943,Apple苹果 新款MacBook Pro13.3英寸超薄笔记本电脑支持Air drop 20款 标配 256G 灰色,9288.00,APPLE翔合专卖店,1万+条评价
45,66760334095,攀升 探险家A93 i9 10900K/全新RTX3080/华硕Z490/1TM.2固态/32G水冷DIY游戏组装电脑台式主机京东UPC,15999.00,IPASON攀升电脑京东自营旗舰店,700+条评价
46,62764268652,博仑帅（BOLUNSHUAI） 18.5-27英寸一体机电脑办公家用游戏台式主机整机 P4 27曲面 i9级8核 16G内存 十系独显,3799.00,博仑帅一体机电脑旗舰店,3.7万+条评价
47,12513857967,笔记本电脑轻薄超级本 学生网上课堂电脑 远程办公本 得峰电脑 全尺寸键盘Intel-J4105/12G内存 SSD512G高速固态+高档蓝牙耳机套餐,2169.00,得峰旗舰店,6.7万+条评价
48,66850491402,雷神（ThundeRobot）911黑武士 吃鸡游戏台式机电脑主机做图设计编程165Hz曲面屏显示器 27英寸+i5-10400/1660-6G独显 8GB内存 128GB NVMe+500GB机械,6599.00,雷神汇智云端专卖店,1100+条评价
49,100014959322,【王源代言】联想ThinkBook 15商务办公15.6英寸女生轻薄游戏本ThinkPad笔记本电脑 十代i7 16G 512G固态+1T@3QCD定制 FHD高清屏 2G独显 背光键盘 指纹Win1,6399.00,ThinkPad福建授权专卖店,2200+条评价
50,100007413688,惠普（HP）星14 青春版 笔记本电脑 小欧14s 14英寸轻薄便携 商务办公女学生手提电脑【新品】 星空银【赛扬4000】 套餐二 8G内存/256G固态,3248.00,惠普赞晓专卖店,8100+条评价
51,70094884021,华硕（ASUS）VivoBook14 2020笔记本电脑i5超薄轻薄本14英寸手提办公 冰钻银 十代i5-1035G1 8G 512GPCIE MX330-2G独显,4288.00,华硕恩荣专卖店,4900+条评价
52,66001124381,雷神(ThundeRobot) 911MT黑武士 15.6英寸游戏笔记本电脑(十代i5-10200H 16G 512GSSD RTX2060 144Hz),7299.00,雷神京东自营官方旗舰店,2万+条评价
53,52732210019,惠普（HP）战99-17 15.6英寸 工作站 设计本 笔记本 英特尔酷睿i7标压/32GB/256GB PCIe+2TB/W10 Home/4G独显,9999.00,惠普京东自营官方旗舰店,1.6万+条评价
54,100013160276,逆世界 四核八核/6G独显吃鸡游戏组装电脑主机DIY独显LOL台式机办公整机/DIY组装机 套餐四：四核+256G+GTX1050Ti电竞独显,1279.00,逆世界电脑DIY旗舰店,1800+条评价
55,100015646094,华为笔记本电脑MateBook D 14 15 全面屏超轻薄商务办公手提学生本 定制D15银｜i5 16G+512G+1T独显,5977.00,华为新通路专卖店,1万+条评价
