﻿,goods_id,goods_name,goods_price,goods_store,goods_commit
0,69331878667,gpd win max 8英寸掌上游戏本轻薄触控掌上笔记本电脑 畅玩3A大作的steam游戏掌机 十代i5-1035G7 16G 512G固态,5469.00,GPD笔记本官方旗舰店,2400+条评价
1,63137742195,戴尔（DELL）成就5880酷睿十代i5台式机电脑吃鸡游戏设计家用办公全套整机 定制i5-10400 主机+23.8英寸显示器 8G 1T+256G GTX750-4G独显,5149.00,戴尔华行台式机专卖店,1700+条评价
2,10023355325456,联想（Lenovo）AIO 520C 微边框高性能办公家用一体机 台式电脑23.8英寸 8核R7_4800U 16G 512G固态 黑色,4499.00,联想京东自营官方旗舰店,800+条评价
3,72075066467,华为笔记本电脑MateBook D14 14英寸锐龙版全新7nm全面护眼屏 商务办公学习轻薄本超极本 银｜R5-16GB-512GB  官方标配,4799.00,科族数码专营店,300+条评价
4,10022073725900,联想小新Air15 2021高色域锐龙版R5全面屏金属轻薄笔记本电脑R7商务办公本学生办公设计游戏本 六核R5-4600U 16G 512G固态|标配 100%高色域,5499.00,联想育新授权专卖店,3400+条评价
5,31639654695,典籍 酷睿十代i5-10400F 六核台式电脑主机 6G独显游戏电竞直播3D渲染吃鸡显组装电脑整机 主机+27英寸曲面电竞显示器 套四I7-4770/8G/360G/1650 4G,4299.00,典籍电脑旗舰店,1200+条评价
6,31635542108,戴尔（DELL）灵越游匣新G3/G5游戏本3500 15.6英寸酷睿十代标压电竞游戏笔记本电脑 新G3版GTX1650 十代i5-10200H 8G内存 512G SSD PCIe高速固态 定制,5599.00,戴尔康特专卖店,1万+条评价
7,62564554854,华为平板电脑MatePad Pro 10.8英寸二合一平板电脑无线快充可选全网通4G通话5G平板 6G+128G WiFi版 夜阑灰 官方标配,3299.00,科族数码专营店,1.2万+条评价
8,28299926952,华为MateBook X Pro 2020款 13.9英寸轻薄本笔记本电脑触控屏手提超薄超极本 翡冷翠｜i5十代/16G/512G 独显【稀缺】 官方标配,8999.00,华为千百回专卖店,6400+条评价
9,71804880626,15.6英寸暗夜吃鸡电竞游戏本绘图设计建模大屏设计笔记本电脑 【锐龙版】R7-4800H/GTX1650Ti 16G 512G 固态【双通道加速】升级版,7099.00,惠普宇熙世纪专卖店,800+条评价
10,41366188621,惠普（HP） 星14笔记本电脑 青春版X360轻薄超极手提触摸屏二合一平板办公本 静谧银 i5-10210U MX130独显 高清屏 8G内存 512GPCI-E固态 标配版,6699.00,惠普华辉专卖店,7400+条评价
11,100008512085,三星Galaxy Tab A7 10.4英寸2K全面屏影音娱乐学习办公平板电脑(64G WiFi版/7040mAh电池/SM-T500）遐想灰,1699.00,三星平板京东自营旗舰店,3.3万+条评价
12,47473375135,惠普（HP）星14青春版 星系列 14英寸窄边框轻薄笔记本电脑AMD锐龙超极本女学生游戏商务 星空银：R3-3250U IPS 微边框 畅玩版：8G 256G SSD 纯固态,3499.00,惠普老熟人专卖店,1800+条评价
13,30941041832,联想小新15 2020新品15.6英寸（全新7nm）锐龙R5轻薄笔记本电脑 游戏设计本上网课商务本 八核芯【R7-4800U 16G 512G固态】 高色域IPS屏 银色,5499.00,联想航电授权专卖店,2800+条评价
14,60110033828,华为笔记本MateBook X Pro 13.9英寸超轻薄电脑全面屏金属商务办公手提超极本 深空灰|十代i7 16G+512G独显 2020款,9999.00,华为新通路专卖店,1200+条评价
15,10023304829653,华硕锐龙7nm笔记本电脑M5600/M4050/Redolbook商务学生办公轻薄本窄边框便携电脑 15.6英寸丨黑丨M5600丨R5-4500U 16G内存丨512G固态+512G固态,5099.00,华硕智凝专卖店,200+条评价
16,10022231071818,【2020款指纹解锁+10代酷睿处理器】15.6英寸轻薄笔记本电脑 快速者Z18商务办公学生游戏本 8G内存+128G固态硬盘 10代酷睿10110U主频2.1G 睿频4.1G,2788.00,快速者电脑旗舰店,200+条评价
17,100008512011,三星Galaxy Tab S7 11英寸影音办公游戏平板电脑(6G+128GB/WLAN版/120Hz+2K全面屏/骁龙865+/T870）迷雾金,5199.00,三星平板京东自营旗舰店,1600+条评价
18,41847385987,机械革命Z2Air-S蛟龙Z3全面屏轻薄游戏本十代i7独显学生商务设计笔记本高色域提电脑15.6英寸 【Z2/z3竞技系】i7-1650-100%高色域  【王者版】16G|1000固态,7299.00,机械革命旗舰店,1.7万+条评价
19,70124959723,机械革命Code01 AMD标压R7八核100%色域码农本15.6英寸轻薄便携游戏笔记本电脑 R7-4800H 八核十六线程 玩家推荐：16G 512G Nvme高速固态,5899.00,机械革命授权专卖店,50+条评价
20,69540187736,华为平板电脑 荣耀平板V6 10.4英寸 WIFI6麒麟985 2K全面屏游戏学习办公平板电脑 6+64GB WIFI版 幻夜黑 官方标配,2199.00,千百回数码旗舰店,3000+条评价
21,26002677242,联想ThinkPad P15S i5/i7轻薄移动图形工作站 15.6英寸高性能设计师办公笔记本电脑 00CD@i7-10510u P520独显 FHD 24G内存 1TB固态硬盘,13499.00,ThinkPad定制版专卖店,5000+条评价
22,56079139357,联想ThinkPad P15 06CD 移动图形工作站设计师笔记本电脑 渲染绘图编程 升级款定制为 i7-10750H/16G内存/512G固态 4G图显T1000  FHD高清屏,14499.00,ThinkPad华北授权专卖店,20+条评价
23,65298317405,2020新款14英寸英特尔酷睿i5四核独显微边框轻薄新商务办公笔记本电脑 标配丨i5-1035G1 8G内存+512G固态 2G独显 指纹识别 IPS防眩光屏 荣耀灰,4398.00,联想扬天航电授权专卖店,3700+条评价
24,61838291872,Apple  MacBook Pro 16英寸/ 15.4英寸2019新款笔记本电脑 16英寸 1 T B 灰色,20488.00,集合数码专营店,200+条评价
25,10021534333204,宏碁（Acer）旗舰店 传奇蜂鸟FUN 15.6英寸轻薄商务办公学生网课游戏手提锐龙笔记本电脑 传奇银【全新六核7nm】 15.6丨六核 R5-4500U/20G/512G,4299.00,Acer宏碁旗舰店,400+条评价
26,100016057902,联想(Lenovo)AIO逸 微边框网课一体台式机电脑23.8英寸(十代i3-10110U 8G 512G SSD 无线键鼠)白,3999.00,联想京东自营旗舰店,5.5万+条评价
27,10020854870344,联想V330（V110升级款） 14英寸超轻薄商务办公学生独显笔记本电脑 A4-9125 8G内存 500G+128G双硬盘 2G独显 全高清屏 星空灰 精装升级,2999.00,联想佳运汇通专卖店,3900+条评价
28,100015473656,万斯克 intel十核/1650 4G独显/32G台式组装电脑主机DIY组装机全套吃鸡LOL游戏办公 电脑主机 套餐一四核CPU+4G内存+120G固态,899.00,万斯克官方旗舰店,300+条评价
29,10023055150119,华擎 （ASRock ）DeskMini X300 支持CPU 4750G/4650G/4350G（AMD X300/AM4 Socket）,1149.00,华擎京东自营旗舰店,6800+条评价
30,24134717105,外星人（ALIENWARE）全新Aurora R11 十代酷睿独显显卡吃鸡游戏台式电脑主机 现货 7996白i9/1T+2T/3090 24G 官方标配,44999.00,外星人官方旗舰店,200+条评价
31,69323058308,名龙堂 i7 9700升10700/GTX1660Super游戏台式电脑电竞主机整套吃鸡DIY组装机,4999.00,名龙堂DIY电脑旗舰店,2500+条评价
32,28891202724,外星人（ALIENWARE）全新m15 2020版R3酷睿高清独显15.6英寸电竞吃鸡游戏笔记本电脑 现货 5510黑十代i5/512G/1650Ti 官方标配,10989.00,外星人官方旗舰店,2300+条评价
33,100005744150,神舟战神Z7/Z7M/GX8-NA十代i5/i7/GTX1650/RTX2060独显游戏笔记本电脑 Z7M-CU5升级版：十代i5/16G/512G,5188.00,神舟大本航专卖店,4900+条评价
34,53750966105,联想（Lenovo）威6 Pro 英特尔酷睿 i7 13.3英寸轻薄窄边框笔记本(i7 8G 512G 2G独显 指纹解锁)太空灰,5499.00,联想扬天京东自营旗舰店,4.5万+条评价
35,10022843570978,联想小新15性能版 精选15.6英寸大屏十代酷睿四核设计师3D作图学生游戏超轻薄手提笔记本电脑 深空灰｜i5-1035G1/8G/512G固态 MX350高性能独显 带office,5199.00,联想众信授权专卖店,2800+条评价
36,10023330349510,2020新款正品十核14英寸平板电脑ipad安卓全网通5gwifi上网三星高清屏游戏mini2020 青山黛128g（免费试用+分期免息+13重豪礼） 14英寸全网通5g+wifi6旗舰至尊...,1088.00,博智星颍川世家专卖店,400+条评价
37,65528192337,邪手水冷 i7 10700F/直播吃鸡台式电脑游戏主机DIY组装机 配置一：RTX3070/500G,7999.00,邪手MOD水冷电脑旗舰店,10条评价
38,71813104225,【新十代酷睿】惠普（HP）旗舰店 薄锐envy13/15超极本 超薄wood手提商务笔记本电脑 【星空银】13.3丨十代i7 8G 512G 2G,7799.00,惠普授权旗舰店,2600+条评价
39,22298647726,华为平板电脑 荣耀平板6 10.1英寸华为海思麒麟710A二合一平板 影音娱乐游戏学习办公平板电脑 4GB+128GB WiFi版 薄荷绿 官方标配,1789.00,科族数码专营店,700+条评价
40,8770193,"拍拍	
【二手9成新】联想（Thinkpad）X230 12.5英寸 轻薄便携商务办公二手笔记本电脑 ibm 2】X230 i5 8G 120G固态 热卖款",1398.00,悦企二手商品专营店,2.7万+条评价
41,100015951196,京天 Blitz 303 i3 10100/8G DDR4/240G SSD台式组装电脑/商务办公企业采购/家用定制游戏主机UPC,1999.00,京天（KOTIN）电脑京东自营旗舰店,3400+条评价
42,56524658922,联想(Lenovo)扬天M6610d 英特尔酷睿九代i5六核商务家用网课办公台式电脑整机 23英寸IPS全高清屏 定制 i5-9400/8G/1T+256G固态,5199.00,联想扬天京东自营授权旗舰店,200+条评价
43,69582485194,惠普（HP）战99-A5 15.6英寸 工作站 设计本 笔记本i5-10300H/16G/512G SSD/4G独显/高色域/Win10 Home,7299.00,惠普京东自营官方旗舰店,1.6万+条评价
44,30932256374,小米(MI)RedmiBook 14 Ⅱ十代酷睿红米笔记本MX350金属超轻薄学生商务办公游戏电脑 十代i3-1005G1 8G 256G集显,3199.00,小米阳光专卖店,3800+条评价
45,10023584971502,机械革命深海泰坦x3/X8TI-S电竞游戏本十代i7八核2060独显高性能商务17.3英寸笔记本电脑 10代i7新八核16G 512G高速固态银,8388.00,机械革命旗舰店,1200+条评价
46,65456588125,ThinkPad 联想T590 手提笔记本电脑 15.6英寸轻薄便携商务办公IBM I7-8565U 16G 512G @0DCD升级,9299.00,ThinkPad东南授权专卖店,900+条评价
47,68820643932,联想拯救者R7000P 15.6英寸大Y灯效2060显卡144Hz电竞游戏笔记本电脑锐龙 官方标配八R7-4800H 16G 512G固态 6G发烧级游戏光线追踪显卡 钛晶灰,8649.00,联想有点授权专卖店,1700+条评价
48,100015285420,华为笔记本电脑MateBook 14 2020款 轻薄本手提全面屏商务办公超极本 银｜十代i7 16G 512G 独显触屏版【现货】 标配【预装Office】,7999.00,华为千百回专卖店,1.3万+条评价
49,68628594385,逆世界 i5 9400F升10400/GTX TITAN6G吃鸡电竞游戏台式组装电脑主机DIY组装机 套餐五：i5 10400+GTX TITAN 6G,3699.00,逆世界电脑DIY旗舰店,200+条评价
50,49985658062,七彩虹（Colorful）iGame M380设计师游戏台式电脑主机（AMD锐龙R5-3500X 16G 500Gnvme GTX1660super）,4299.00,七彩虹京东自营旗舰店,1100+条评价
51,69390904156,华为笔记本MateBook D 14 15高性能全面屏锐龙轻薄本超极本学生商务办公手提笔记本电脑 银|D15 R5 16+512G集显【锐龙7nm】 标配  预装Win10+Office软件,4999.00,笔吧官方旗舰店,4800+条评价
52,39984200898,"惠普（HP）新十代酷睿标压 光影精灵6新品 暗夜暗影电竞吃鸡游戏本笔记本电脑旗舰店官网 15.6""新十代标压【电竞版】 i5标压 8G 512G GTX1650-4G 限",5699.00,惠普授权旗舰店,2万+条评价
53,28918985147,ROG 魔霸4 10代英特尔酷睿i7 15.6英寸 液金散热 240Hz 3ms电竞屏游戏笔记本电脑 i7-10875H RTX 2060 512G 16GB 240Hz,10999.00,玩家国度ROG官方旗舰店,1700+条评价
54,53185443250,韩国现代HYUNDAI 笔记本电脑超薄笔记本上网本轻薄本便携电脑 七代四核高速固态 商务办公学习 8G内存 128G高速固态丨14英寸 深空灰,1669.00,现代电脑旗舰店,2100+条评价
55,59888062177,联想拯救者Y7000 2020新品酷睿i5/i7十代P高色域性能独显游戏本 吃鸡学生设计师笔记本电脑 定制版i5-10200H 8G 256G固态 GTX1650-4G电竞显卡,6599.00,联想汇汉授权专卖店,2.8万+条评价
56,65456032009,戴尔（DELL）灵越7590/7500 15.6英寸酷睿高能合金本固态全高清轻薄笔记本电脑 i7-9750H GTX1650 4G独显 8G/512G固态 标配,7599.00,戴尔卓越专卖店,1900+条评价
57,62764268646,惠普（HP)星15 笔记本电脑 15.6英寸星系列窄边框时尚学生娱乐游戏轻薄本 新款i5-1135G7  MX450独显 指纹背光 标配8G 512G PCIE固态 高清屏,5799.00,惠普华辉专卖店,1700+条评价
