﻿,goods_id,goods_name,goods_price,goods_store,goods_commit
0,65334981412,戴尔（DELL）旗舰店灵越7590/7500 15.6英寸酷睿标压性能创意设计轻薄独显固态笔记本电脑 7590-3745 九代i7 16G 1650,8499.00,戴尔官方旗舰店,1万+条评价
1,100013112896,戴尔DELL灵越5000 15.6英寸高性能轻薄笔记本电脑(十代i5-1035G1 16G 512GSSD MX330 2G独显)薄荷银,5699.00,戴尔京东自营官方旗舰店,5.4万+条评价
2,52184727332,联想（Lenovo）天逸510S商务办公家用个人台式机商用电脑酷睿十代I3迷你小机箱主机整机 21.5英寸套机 四核I3-10100丨8G内存丨1T丨Win10,3099.00,联想华辉台式机授权专卖店,800+条评价
3,10022106902256,2020新款 酷睿i7轻薄本 锐龙R5R7游戏本可选15.6英寸笔记本电脑 商务办公超薄本 昂福镭仕 办公/游戏: 酷睿i5 8G内存+256G固态,2888.00,昂福镭仕电脑专营店,2000+条评价
4,65398635441,华为荣耀笔记本电脑MagicBook 14 笔记本电脑全面屏14英寸超轻薄便携学生商务办公超极本 14经典款R5-3500U/8G/256G 预订 冰河银 win10系统,4088.00,洁创数码专营店,2400+条评价
5,100015522642,"京品电脑	
戴尔(DELL)G5 英特尔酷睿i7电竞游戏本笔记本电脑(8核 512G固态硬盘 RTX2060显卡 144Hz 外星人灯效)",8799.00,戴尔京东自营官方旗舰店,4.6万+条评价
6,100013207496,"京品电脑	
戴尔(DELL)成就3881商用办公高性能台式机电脑整机(十代i3-10100 8G 256GSSD 1T 三年上门售后)21.5英寸",3899.00,戴尔京东自营官方旗舰店,4600+条评价
7,100005052907,华硕(ASUS) PN40 商用办公家用教育 MINI台式机 电脑主机 (Intel J4005 64G SSD 4G 正版Win10 三年上门),1399.00,华硕京东自营旗舰店,3200+条评价
8,68820643930,逆世界 i5 9400F升10400/GTX TITAN6G吃鸡电竞游戏台式组装电脑主机DIY组装机 套餐三：i5 9400F+GTX1060吃鸡独显,3099.00,逆世界电脑DIY旗舰店,200+条评价
9,68638698586,联想小新Pro13 2020超薄笔记本电脑13.3英寸锐龙R7超极本R5女生款轻薄学生办公游戏超级本 标配R7-4800U 16G 512G固态 2.5K屏,5899.00,联想率秀图新授权专卖店,4200+条评价
10,35374530419,联想（Lenovo)旗舰店拯救者R7000 15.6英寸吃鸡游戏笔记本电脑锐龙R5  定制R5-4600H/8G/512G固态  GTX1650 4G 100%sRGB,6699.00,联想授权旗舰店,1.4万+条评价
11,8288714,Apple Macbook Pro 13.3【无触控栏】Core i5 8G 128G SSD 银色 笔记本电脑 轻薄本 MPXR2CH/A,7099.00,Apple产品京东自营旗舰店,"去看二手
							10万+条评价"
12,66366055108,【白条6期免息】机械师T58-V 全面屏游戏本10代i5/GTX1650Ti 4G独显游戏笔记本电脑 旗舰版16G/512G PCIE高速固态,6289.00,MACHENIKE机械师旗舰店,2万+条评价
13,100005638679,Apple 2019新品 MacBook Pro 16【带触控栏】九代八核i9 16G 1TB 银色 笔记本电脑 轻薄本 MVVM2CH/A,21499.00,Apple产品京东自营旗舰店,"去看二手
							10万+条评价"
14,100010658700,RedmiBook 13 全面屏全金属超轻薄(第十代英特尔酷睿i5-10210U 8G 512G)银 手提 笔记本电脑 小米 红米,4499.00,小米京东自营旗舰店,"去看二手
							17万+条评价"
15,42216656098,"拍拍	
【二手99新】酷睿i5/i7八核独显GTX1060网吧直播吃鸡LOL游戏组装机台式办公电脑DIY主机 套餐一 单主机【推荐】",1399.00,极客盟二手电脑专营店,2.4万+条评价
16,13860698228,名睿i5 9400F升10400/GTX1660super台式电脑主机吃鸡电竞游戏水冷DIY组装机,1999.00,名睿组装电脑旗舰店,200+条评价
17,100005770111,"京品电脑	
惠普（HP）战66 三代 14英寸轻薄笔记本电脑（英特尔酷睿i5 8G 1TB 高性能独显 高色域 一年上门+意外）",5599.00,惠普京东自营官方旗舰店,7.9万+条评价
18,100007810773,宁美国度 魂 设计游戏台式机电脑主机（十代i5 10400/GTX1660 SUPER/8G/512G 三年质保）游戏电脑主机,4299.00,宁美国度一体机京东自营旗舰店,2100+条评价
19,10022185733784,亿储 超i5/i7十六核32线程【42万+跑分】吃鸡电脑主机高配水冷游戏办公组装电脑台式整机diy 套餐六【42万+跑分】,4299.00,九伏数码专营店,80+条评价
20,100013209916,宏碁(Acer)新蜂鸟3 英特尔移动超能版 3:2生产力2K高清屏 MX350独显轻薄本 笔记本电脑(i5/16G/512G/Win10)银,4699.00,宏碁京东自营旗舰店,6100+条评价
21,100016085418,联想(Lenovo)YOGA 14c 2021款 14英寸全面屏超轻薄笔记本电脑(i7-1165G7 16G 512G 翻转触控 高色域)深空灰,7299.00,联想京东自营旗舰店,33万+条评价
22,13436713517,京天 十代i5 10400六核十二线程/8G/企业高性能办公家用游戏台式电脑主机/DIY组装机,2299.00,京天DIY电脑旗舰店,2500+条评价
23,28404544535,戴尔（DELL）燃7000 灵越5493/5490/5590 轻薄超极本商务办公学生手提笔记本电脑 15.6英寸|i5-1035G1|MX230-2G 16G内存 512GPCI-E固态+1T机械 定,4599.00,戴尔华宏创天专卖店,2万+条评价
24,100012037332,戴尔DELL灵越5000 15.6英寸英特尔酷睿i5网课学习笔记本电脑(i5-1035G1 8G 256G MX230 2G独显)银,4399.00,戴尔京东自营官方旗舰店,5.4万+条评价
25,100009083150,联想(Lenovo) LEGION Y9000X 15.6英寸高性能标压轻薄笔记本电脑(i7-9750H 32G 2TSSD 4K UHD)深空灰,11999.00,联想京东自营旗舰店,4.7万+条评价
26,100014470720,联想ThinkPad S2 2020 英特尔酷睿i7 13.3英寸轻薄办公笔记本电脑(i7-10510U 16G 512GSSD 100%sRGB触控屏)黑,6799.00,ThinkPad京东自营旗舰店,1.7万+条评价
27,100014470762,联想ThinkPad X13(0FCD)酷睿版 英特尔酷睿i7 13.3英寸高性能轻薄笔记本电脑(i7-10510U 16G 1T 100%sRGB),8999.00,ThinkPad京东自营旗舰店,3.5万+条评价
28,10021899179203,Apple iPad2019/2020款平板电脑第8代10.2英寸 128g/32g/视网膜显示屏 银色【2020款】 WIFI版128G,3099.00,天咖旗舰店,8300+条评价
29,10021647730350,【高性能酷睿I7】 品纯 全面屏轻薄笔记本电脑商务办公手提电脑游戏本超极本超薄本 标压酷睿I7 16G内存 512G固态硬盘,4099.00,品纯官方旗舰店,500+条评价
30,10021647730351,【高性能酷睿I7】 品纯 全面屏轻薄笔记本电脑商务办公手提电脑游戏本超极本超薄本 标压酷睿I7 16G内存 512G固态+500机械,4299.00,品纯官方旗舰店,500+条评价
31,100007413226,"京品电脑	
戴尔(DELL)灵越AIO 5491 英特尔酷睿i5 商务办公一体机台式电脑23.8英寸(十代i5-10210U 8G 256G 1T 独显)黑",4999.00,戴尔京东自营官方旗舰店,3.9万+条评价
32,11646284559,海兰 一体机电脑X6台式家用办公设计网课游戏电脑酷睿i3i5整机G40可壁挂23.8英寸高清IPS屏 【办公优选】四核A8 4G 120 SSD,1879.00,海兰电脑数码专营店,5700+条评价
33,65466402370,华为笔记本MateBook 14 2020款锐龙超薄本全面屏超极本轻薄本学生商务办公手提笔记本电脑 银｜R5-4600H 16G+512G触屏版【现货,5888.00,华为兴汇聚专卖店,1.6万+条评价
34,100013294472,华硕(ASUS)灵耀14 十代i5 13.5mm超轻薄14英寸商务办公手提笔记本电脑(i5-1035G1 8G 512G 高色域)松木青,6199.00,华硕京东自营官方旗舰店,1.1万+条评价
35,100005772313,"京品电脑	
联想ThinkBook 15(03CD)酷睿版 英特尔酷睿i7 15.6英寸轻薄笔记本电脑(十代i7-1065G7 16G 512G傲腾SSD)",6399.00,ThinkPad京东自营旗舰店,3.6万+条评价
36,23775777471,联想拯救者R7000P 2020电竞游戏笔记本电脑 RTX2060独显6G 锐龙R7-4800H八核 32G内存 1TB固态 钛晶灰 定制 144Hz高色域专业电竞屏,9888.00,联想华东授权专卖店,4.5万+条评价
37,66001124379,华硕(ASUS)笔记本电脑顽石6代i5轻薄本Y4200 14英寸学生办公手提电脑 冰钻银 推荐丨i5-8265U 8G 512G固态 2G,3799.00,华硕恩荣专卖店,1600+条评价
38,100007540748,"京品电脑	
戴尔DELL灵越5000 fit 15.6英寸英特尔酷睿i7轻薄笔记本电脑(十代i7-10510U 8G 1TSSD  MX250 2G 2年整机)",6399.00,戴尔京东自营官方旗舰店,"去看二手
							5.4万+条评价"
39,100012037336,戴尔DELL灵越5000 14英寸网课学习轻薄窄边框笔记本电脑(十代i5-1035G1 8G 256GSSD)银,4199.00,戴尔京东自营官方旗舰店,15万+条评价
40,44460278150,变异者 组装电脑台式DIY主机家用办公 i3 9100F//256G固态硬盘/独显2G 超越VSi3,2199.00,变异者组装电脑京东自营旗舰店,700+条评价
41,100015839616,戴尔dell灵越15-5509 15.6英寸高色域全面屏超轻薄商务本(十一代i7-1165G7 16G 512G MX350 2GB独显)星空灰,6799.00,戴尔京东自营官方旗舰店,5.4万+条评价
42,1507606949,武极 新九代i7 9700/8G内存/华硕主板企业家用办公游戏台式电脑主机设计师电脑DIY组装机,3199.00,武极电脑DIY旗舰店,4300+条评价
43,68979362436,联想小新Pro13 2020锐龙款 13.3英寸超轻薄本笔记本电脑 大学生全面屏设计办公手提电脑 7系标配版丨8核R7-4800U 16G 512G 100%sRGB高色域 DC调光 W10 深空灰,5999.00,联想电脑授权专卖店,5万+条评价
44,100010373884,海尔（haier） 简爱 四核轻薄 手提商务远程办公学习上网笔记本电脑 【15.6英寸】8G运行内存 【可加硬盘】128G硬盘,1958.00,海尔奈朵专卖店,600+条评价
45,100010432896,联想ThinkPad E15(3XCD)酷睿版 英特尔酷睿i5 15.6英寸轻薄笔记本电脑(i5-10210U 8G 256G+1T 2G独显 FHD)黑,5499.00,ThinkPad京东自营旗舰店,1.1万+条评价
46,100015707012,联想小新Pro13 2020新款酷睿十代i5/i7超轻薄笔记本电脑 独显全面屏高色域超极本手提办公本 旗舰版丨标配i7-10710U 16G 512G银 MX350-2G独立显卡 100％sRGB高色,7499.00,联想电脑授权专卖店,1.8万+条评价
47,100012979450,RedmiBook 13 全面屏超轻薄(第十代英特尔酷睿i7-10510U 8G 512G MX250 2G)银 手提 笔记本电脑 小米 红米,4899.00,小米京东自营旗舰店,"去看二手
							17万+条评价"
48,10021981810726,戴尔dell灵越5401微边框高色域台式机一体机电脑家用办公23.8英寸（十一代i5-1135G7 8G 256GSSD+1T）银,5299.00,戴尔京东自营官方旗舰店,3.9万+条评价
49,13822378654,宏碁  传奇 14英寸 新7nm六核处理器  轻薄本 笔记本电脑(R5 4500U 16G  512GSSD Win10)紫,3999.00,宏碁京东自营旗舰店,2.3万+条评价
50,69031606660,华硕（ASUS）VivoBook15s轻薄笔记本电脑十代酷睿商务办公便携全面屏窄边框独显轻薄本 14英寸冰钻银i5-1035G1/MX330-2G 12G内存丨512G固态套餐五,4489.00,华硕智凝专卖店,2.3万+条评价
51,100013333074,【定制WIN7专业版】联想台式机 商用办公税控台式电脑主机开票电脑 WIN7系统电脑整机 大机箱单主机 定制：G3930T 4G 500G 无光驱 W7,2299.00,联想扬天华南授权专卖店,9100+条评价
52,61216278161,世纪之星 酷睿i5/i7/i9级八核/GTX1060 6G独显/16G游戏吃鸡办公台式组装电脑整机 主机+24英寸显示器 配置六：i9级八核/GTX1060 6G/16G,3799.00,世纪之星电脑整机旗舰店,100+条评价
53,27914580589,AOC AIO大师926 27英寸高清办公一体机台式电脑(十代i5-10400 16G 256GSSD+1T 旋转升降支架 支持壁挂 WiFi),5399.00,AOC电脑京东自营旗舰店,11万+条评价
54,100013599140,华硕（ASUS）VivoBook15s轻薄笔记本电脑十代酷睿商务办公便携全面屏窄边框独显轻薄本 蓝V4000/i5-8265U/MX230-2G 8G内存丨512G固态/套餐三,4099.00,华硕智凝专卖店,2.3万+条评价
55,57002535699,惠普（hp）旗舰店 星14进阶版 11代新品 星13系列轻薄超薄商用手提学生女游戏笔记本电脑超极本 香槟色：【背光键盘版-11代进阶丨稀缺货源】 13.3寸：...,5299.00,惠普授权旗舰店,3.9万+条评价
