﻿,goods_id,goods_name,goods_price,goods_store,goods_commit
0,68348369805,【2020新品】华为matepad平板电脑10.4英寸 麒麟八核处理器 办公学生学习娱乐网课pad 夜阑灰丨6g+128g wifi版 【官方标配】多重护眼/专属教育中心/平板电...,2299.00,咖博电脑专营店,9900+条评价
1,16598173736,联想ThinkPad E15 （01CD）15.6英寸十代英特尔酷睿i3大屏商务办公ibm笔记本电脑 定制(8G内存128G固态+1TB机械 i3-10110U  FHD屏 带小数字键盘),3799.00,ThinkPad华南授权专卖店,2800+条评价
2,68362288966,【8核可选】雷神911PRO钛空 轻薄游戏本RTX2060独显 i7-10750笔记本电脑144Hz 【八核】i7-10870/2060 16/512,9789.00,Thunderobot雷神旗舰店,1500+条评价
3,61367940622,华为荣耀猎人游戏本HONOR HUNTER V700 16.1英寸144Hz电竞屏游戏笔记本电脑 十代标压i5/16G/512G/GTX1660Ti 送赠品大礼包,7499.00,华为比特专卖店,1000+条评价
4,70457533240,炫龙新品DD3/DD2Plus/DD3Pro/高性能显卡/台式CPU/IPS屏游戏办公笔记本电脑 DD2Plus-六核i5/8G/512/4G独显,4488.00,炫龙笔记本专卖店,6500+条评价
5,53909841916,联想ThinkPad E14 十代CPU 14英寸窄边框FHD高清屏轻薄本 商务办公游戏笔记本电脑 十代i7 16G 256G+1T 独显1WCD升级,6699.00,ThinkPad成都授权专卖店,4300+条评价
6,69530180340,戴尔（DELL）2020款 灵越G3 3500 15.6英寸高性能游戏本电竞设计师笔记本电脑 i5-10200H GTX1650Ti 4G独显 8G/512G固态 标配,5699.00,戴尔卓越专卖店,2200+条评价
7,100008512085,三星Galaxy Tab A7 10.4英寸2K全面屏影音娱乐学习办公平板电脑(64G WiFi版/7040mAh电池/SM-T500）遐想灰,1699.00,三星平板京东自营旗舰店,3.3万+条评价
8,62211370359,联想ThinkPad E14 14英寸 轻薄商务办公手提学生游戏笔记本电脑 酷睿i3-10110U 【定制银】8G内存 128G固态 39CD,3199.00,ThinkPad广东授权专卖店,2700+条评价
9,43037302607,联想15s 2020十代酷睿i5 15.6英寸大屏办公设计高性能独显游戏学生超轻薄手提笔记本电脑 i5-10210U 8G内存 1T+512G固态 MX330 2G独显 全高清屏 银色 定制增强版,5099.00,联想德信专卖店,1.1万+条评价
10,33223271276,【AOC737品牌直营】六核一体机电脑酷睿九代i3i5I7四核微边超薄台式主机一体化办公家用游戏 四核J3160/抢升8g/256G大容量固态 23.8英寸,2149.00,AOC善与美电脑专卖店,9300+条评价
11,67678187200,联想（Lenovo） 天逸510Pro 商用办公 游戏家用 台式机电脑主机整机 2020款酷睿十代 i5-10400 8G 256G 核显 定制 单主机（含键鼠）无显示器,3399.00,联想响得美授权专卖店,2500+条评价
12,11825744831,笔记本电脑 15.6英寸国民本 商务办公手提电脑超轻薄学生网课游戏红米荣耀灰 标配【酷睿 i5 - 8G 内存 512G 固态】 GDDR5 2G独显 预装Office办公软件,3799.00,小米官方授权专卖店,4600+条评价
13,44269658998,【十代新品】联想V15 15.6英寸酷睿i5笔记本电脑 高性能轻薄学生设计游戏娱乐商务办公手提本 定制i5-1035G1 8G内存 256G固态 2G独显 MX330 星空灰,4199.00,联想北达兴科专卖店,5400+条评价
14,28891202724,【多仓发货】现代12.5英寸超薄笔记本电脑出差轻便办公Intel学生轻薄上网本 【基础版】HN1205 白色 8G+128G,1469.00,现代电脑旗舰店,2300+条评价
15,51529982484,神舟战神Z7/Z7M/GX8-NA十代i5/i7/GTX1650/RTX2060独显游戏笔记本电脑 Z7M-CU5升级版：十代i5/16G/512G,5188.00,神舟大本航专卖店,4900+条评价
16,10020109109943,华为笔记本MateBook 13 2020新款13英寸超薄本全面屏轻薄商务办公学生笔记本电脑超极本 十代i7/16G/512G/触屏/灰色,7299.00,华为比特专卖店,5500+条评价
17,100012177980,【2020款】华硕笔记本VivoBook15s新版十代轻薄本本商务办公窄边框轻薄笔记本电脑 V5200银 标配 8G 512G固态  酷睿i5-1035G1/MX330-2G独显,4399.00,华硕亿维专卖店,2000+条评价
18,41169517559,联想(Lenovo)V14 14.0英寸笔记本电脑商用办公学生本轻薄便携手提酷睿i5/i7四核 定制i5-1035G1 8G 1T+256G固态 英伟达性能 2G独显,4299.00,联想扬天授权旗舰店,2.1万+条评价
19,58988195457,攀升 战神 AMD三代7nm锐龙R7 3700X 水冷电竞设计师吃鸡游戏台式电脑主机/DIY组装机 锐龙R7 16G 512G RTX3070 单主机,8999.00,攀升官方旗舰店,90+条评价
20,28372933960,"京品电脑	
机械革命(MECHREVO)X10Ti-S 十代酷睿i7 17.3英寸144Hz游戏笔记本电脑(i7-10875H 32G 1T PCIE+2T RTX2070S)",13299.00,机械革命京东自营官方旗舰店,6.6万+条评价
21,13536083824,英特尔十代酷睿i5笔记本电脑 高性能独显游戏设计师商务办公学生超轻薄手提本 官方标配丨十代i5 8G内存 1T+128G固态 MX330 2G独显 全高清屏 星空灰 精装...,4299.00,联想佳运汇通专卖店,6600+条评价
22,55032017035,英特尔十代酷睿i5笔记本电脑 高性能独显游戏设计师商务办公学生超轻薄手提本 i5-1035G1 8G内存 1T+256G固态 MX330 2G独显 全高清屏 星空灰 精装升级,4499.00,联想佳运汇通专卖店,6600+条评价
23,100009230414,联想YOGAS740 14英寸笔记本电脑s高色域超薄本轻薄游戏本商务办公超极本酷睿i5-1035G1 16G  512G固态|标配（加65W快充适配器） MX250-2G独显 2020,5459.00,联想育新授权专卖店,4700+条评价
24,48774949048,华为荣耀MagicBook Pro 16.1英寸全面屏超薄本轻薄本笔记本电脑超极本学生游戏办公手提 银丨酷睿I7-8265U 8G 512G L版,4999.00,金博盛笔记本专营店,9200+条评价
25,29769679118,惠普（HP）星14青春版 小欧14S笔记本电脑星14英寸轻薄便携窄边框学生家用商务办公手提电脑 象牙白【赛扬N4000】 推荐四：8G/256G固态,3299.00,惠普老熟人专卖店,4500+条评价
26,55269962253,【自营同款】联想ThinkPad E495 14英寸轻薄手提商务办公笔记本电脑 锐龙处理器 四核R5-3500u Win10 高清屏@0BCD 原装标配：8G内存 512G固态硬盘,3499.00,ThinkPad北京授权专卖店,400+条评价
27,62510043706,联想ThinkPad X13 高性能超轻薄笔记本电脑2020新品 十代酷睿i5/i7商务办公手提电脑 02CD丨i5-10210U 8G 512G固态 13.3英寸高清屏 100%高色域 WiFi6,6999.00,ThinkPad定制版专卖店,3800+条评价
28,100009166465,雷蛇(Razer)灵刃潜行竞技版 13.3英寸轻薄窄边框游戏笔记本电脑（i7-1065G7 16G 512G GTX1650Max-Q 100%sRGB 雷电3 支持PD充电 人脸识别),9999.00,雷蛇电脑京东自营旗舰店,3100+条评价
29,100003909385,小米红米笔记本电脑RedmiBook 14 14英寸轻薄本超薄手提超极本商务办公大学生 银丨R5-3500U/16G/512G+集显,3499.00,千百回电脑专营店,4200+条评价
30,59069110441,神舟战神Z7M/Z8系列酷睿标压处理器RTX2060/GTX1650独显全面屏游戏本笔记本电脑 【店长推荐】十代I5+16G+1650Ti电竞屏 独立显卡,5677.00,神舟常青专卖店,3100+条评价
31,67672773660,壹号本（1代S版） 7英寸迷你笔记本电脑商务迷你笔记本掌上电脑平板电脑二合一商务出差电脑 银色 8G+256G SSD,3519.00,壹号本旗舰店,700+条评价
32,10021387468964,AOC 936独显一体机电脑家用办公设计电竞游戏高配i7 i5吃鸡高配23.8英寸台式整机全套 i5六核/16G/512G/1650 4G独显,5299.00,AOC电脑海克专卖店,1300+条评价
33,70995321123,微星(msi)冲锋坦克2 GL65 15.6英寸游戏笔记本电脑(八核十代i7-10870H 16G 512G SSD RTX2060 144Hz 高色域),8699.00,微星游戏本京东自营官方旗舰店,7300+条评价
34,10020152149099,宏碁(Acer)蜂鸟7全面屏14英寸商务办公便携超轻薄触控屏笔记本电脑(i7-8500Y 16G 512GSSD IPS win10)烟墨黑,10999.00,宏碁京东自营旗舰店,6100+条评价
35,71380907721,戴尔（DELL）2020款 灵越G3 3500 15.6英寸高性能游戏本电竞设计师笔记本电脑 i7-10750H GTX1650Ti 4G独显 16G/256G+1T定制,7099.00,戴尔卓越专卖店,2200+条评价
36,10022537913131,小米Pro增强版 2020款 15.6英寸笔记本电脑全金属超轻薄 设计做图 商务办公手提红米学生游戏 十代酷睿i7-10510U 16G 1T PCIe MX250 2G独显100%sRGB高色域荣耀,6899.00,小米官方授权专卖店,6900+条评价
37,100008100130,戴尔（DELL）Latitude智锐3410/3510商用办公笔记本电脑便携手提学生轻薄本3400升 磨砂黑 14英寸 定制：赛扬5205U 4G 128G固态,2398.00,戴尔商用瑞华专卖店,500+条评价
38,69807930761,【新款上市】联想V14 2020款全新商务办公超极本14英寸轻薄便携手提学生本游戏娱乐商用笔记本电脑 定制丨R3-3250U 8G内存 1T+128G,3066.00,联想扬天航电授权专卖店,1900+条评价
39,48774949049,奥珀特酷睿i5/i7高配电脑主机独显游戏台式机吃鸡英雄联盟电脑主机/DIY组装机全套整机 套餐五酷睿i7/GTX1650独显/512固态,3999.00,奥珀电脑专营店,100+条评价
40,71354290737,ROG 光刃G15 10代英特尔酷睿 侧透电竞游戏台式电脑主机 星空黑 i7-10700 2060S 1T SSD 16G,9999.00,玩家国度ROG官方旗舰店,70+条评价
41,10023904042250,攀升 AIO商悦S 一体机电脑 23.6英寸微边高清商务办公/家用音影娱乐 英特尔赛扬J4105 8G 240G,1799.00,攀升官方旗舰店,20+条评价
42,10021741505624,小米RedmiBook 16锐龙版 超轻薄六核全面屏高性能全金属商务办公学生上网手提笔记本电脑红米 六核R5-4500U 8G内存 512固态,3818.00,小米瑞通专卖店,200+条评价
43,13154766589,中柏 Jumper 10.1英寸4G+128G全金属二合一笔记本win10平板电脑 EZpad 7 128G 精英版,1139.00,中柏平板京东自营旗舰店,5700+条评价
44,56987472629,华硕（ASUS）VivoBook14 2020笔记本电脑i5超薄轻薄本14英寸手提办公 冰钻银 十代i5-1035G1 8G 1TB+512GPCIE MX330-2G,4699.00,华硕恩荣专卖店,4900+条评价
45,10020915539152,小米红米笔记本电脑RedmiBook 14 14英寸轻薄本超薄手提超极本商务办公大学生 20年款银|i5十代+8+512G+MX350独显,4299.00,千百回电脑专营店,4200+条评价
46,100011517228,联想IdeaPad14s 2020款笔记本电脑超薄本14英寸十代i3轻薄女生学生商务办公游戏超级本 定制｜I3-10110U 8G 1T+256G固态 荣耀银,3689.00,联想率秀图新授权专卖店,4700+条评价
47,48580065262,【新品酷睿四核i7+IPS屏】15.6英寸轻薄金属笔记本电脑 超薄高性能游戏本办公商务本大学生超级本 高频版 酷睿i7+ 8G内存/128G固态+500G,3299.00,iru旗舰店,3200+条评价
48,13567098387,惠普HP光影精灵6 MAX 16.1英寸游戏笔记本 512G SSD/白色背光键盘/FHD IPS 十代i5/16G/GTX1650Ti/72%高色域,5999.00,惠普中国京东自营官方旗舰店,1700+条评价
49,67837600587,2020新款 笔记本电脑游戏本 AMD锐龙R5R7可选 15.6英寸轻薄本 商务办公超薄本 昂福镭仕 办公/LOL: 四核J4105 8G+256G固态,2099.00,昂福镭仕电脑专营店,50+条评价
50,39953852223,戴尔（DELL）成就5000 -1625 / 1725 15.6/14英寸2G独显轻薄笔记本电脑 5490：i5/8G/256G固态 标配,4279.00,戴尔卓越专卖店,6200+条评价
51,65398481449,联想小新13 全新十代超轻薄本酷睿高色域笔记本电脑商务办公本学生超极本手提游戏本2020 标配|i5-10210U 8G 512G固态 银 MX350独显 2020款荣耀 72%色域,5099.00,联想育新授权专卖店,4000+条评价
52,28813833380,华为笔记本MateBook 13/14 2020锐龙版轻薄本2K全面屏商务办公学生超薄手提笔记本电脑 13八核银色R7-4800H 16G 512G,5799.00,华为康特专卖店,700+条评价
