﻿,goods_id,goods_name,goods_price,goods_store,goods_commit
0,18322332931,戴尔（DELL）OptiPlex 7070MT I7商用办公台式机整机设计电脑游戏主机7060MT 单主机（无显示器） 主推：I7-9700/16G/128G/1T/集显,5089.00,戴尔商用雷泰龙专卖店,2800+条评价
1,100007062965,"京品电脑	
戴尔(DELL)灵越3881游戏设计师台式机电脑整机(十代i5-10400F 8G 256GSSD 1T GTX1650 SUPER 4G独显)23.8英寸",5599.00,戴尔京东自营官方旗舰店,6700+条评价
2,4560045,京天 Strike S50 i5 10400F/GTX1660S/500G/16G DDR4/台式组装吃鸡电脑游戏主机UPC,4799.00,京天（KOTIN）电脑京东自营旗舰店,2300+条评价
3,100008943929,AOC AIO大师721 23.8英寸高清IPS屏办公家用一体机台式电脑 (十代奔腾G5900 8G 256GSSD WiFi蓝牙 3年上门),2699.00,AOC电脑京东自营旗舰店,11万+条评价
4,100011051714,海尔（Haier）天越Y30S 商用办公台式电脑整机(英特尔四核 4G 1TB 有线键鼠 WIFI Win10 三年质保)21.5英寸,1999.00,海尔电脑京东自营旗舰店,7200+条评价
5,100007136955,Apple 2020新款 MacBook Pro 13.3【带触控栏】八代i5 8G 512G 1.4GHz 银色 笔记本电脑 轻薄本 MXK72CH/A,11099.00,Apple产品京东自营旗舰店,2.8万+条评价
6,23262967412,联想（Lenovo） 天逸510pro台式机教育学习办公电脑家用游戏办公台式电脑 主机+19.5英寸显示器 【四核】R3 8G 1T Vega8超级核显 标配,2559.00,联想源睿台式机授权专卖店,500+条评价
7,14605550713,梵泰（FOTEN）一体机电脑酷睿i5四核办公家用游戏设计台式电脑整机套装 18.5超薄+四核A4+4G内存+60G固态,839.00,梵泰电脑官方旗舰店,5000+条评价
8,100006392247,"京品电脑	
联想ThinkBook 15(06CD)酷睿版 英特尔酷睿i5 15.6英寸轻薄笔记本电脑(i5-1035G1 8G 512G傲腾SSD 2G独显)",4499.00,ThinkPad京东自营旗舰店,3.6万+条评价
9,44107816044,联想（Lenovo）AIO逸 高色域全面屏网课一体机 台式电脑23.8英寸 赛扬4205U 8G 256G 固态 黑色,2999.00,联想京东自营官方旗舰店,6200+条评价
10,10021390861390,战神盟主 十代i5 10400F六核 GTX1060 6G独显 电竞游戏台式机电脑主机组装整机 套餐一(十代i5/GTX1650 4G电竞独显),3069.00,战神盟主电脑旗舰店,300+条评价
11,14677498220,联想(Lenovo)小新13 2020超轻薄笔记本电脑 高色域全面屏 高性能学生办公设计游戏本 十代i5 8G 512G MX350独显 月光银,5099.00,联想华东授权专卖店,9.8万+条评价
12,100016079852,宏碁(Acer)蜂鸟C24 窄边框一体机电脑 网课电脑 娱乐办公 23.8英寸(十一代i3-1115G4 8G 512GSSD Win10 键鼠),3999.00,宏碁京东自营旗舰店,6300+条评价
13,100008028115,联想(Lenovo)天逸510S锐龙版 个人商务台式机电脑整机(RYZEN锐龙5-3500U 8G 512G SSD  Win10  ) 单主机,2699.00,联想京东自营旗舰店,22万+条评价
14,17966612275,攀升 i5 10400F/RTX2060 6G/技嘉B460直播吃鸡游戏台式电脑主机DIY电竞组装机,4699.00,攀升DIY电脑旗舰店,4400+条评价
15,100016169522,宁美国度 卓 商用办公台式机电脑整机（十代i3 10100 8G 256G 送键鼠 三年上门）23.8英寸,2599.00,宁美国度一体机京东自营旗舰店,1500+条评价
16,100010429536,RedmiBook 13 全面屏超轻薄(第十代英特尔酷睿i5-10210U 8G 512G MX250 2G)银 手提 笔记本电脑 小米 红米,4299.00,小米京东自营旗舰店,"去看二手
							17万+条评价"
17,100014382908,RedmiBook 14 二代 超轻薄全金属(第十代英特尔酷睿i5-1035G1 8G 512G MX350 2G)银 笔记本电脑 小米 红米,4699.00,小米京东自营旗舰店,17万+条评价
18,10022939407433,长城(Great Wall) 一体机电脑 四核商务办公游戏家用酷睿i3/i5台式整机 21.5英寸 八代J4105 8G 128G,1849.00,长城电脑硕展专卖店,300+条评价
19,10022948963165,联想（Lenovo）YOGA 14s 2021款 14英寸全面屏超轻薄笔记本电脑 i5-1135G7 16G 512G SSD 2.8K 90Hz高分高刷高色域屏 鼠标套装,6246.00,联想京东自营官方旗舰店,700+条评价
20,10024258658901,航向者 AMD高频/GTX泰坦6G独显/16G内存台式组装电脑主机DIY组装机全套吃鸡游戏企业办公 电脑主机+显示器 套四 (i9级+16G内存+GTX泰坦6G),2399.00,航向者组装电脑旗舰店,6.9万+条评价
21,49816652076,航向者 AMD高频/GTX泰坦6G独显/16G内存台式组装电脑主机DIY组装机全套吃鸡游戏企业办公 电脑主机 套三 (i7级+16G内存+1050Ti电竞独显),1299.00,航向者组装电脑旗舰店,6.9万+条评价
22,100007317132,联想ThinkPad笔记本 P15V 十代英特尔酷睿i5/i7 移动图形工作站设计师15.6英寸电脑 04CD】P620 绘图4G显卡i7-10750H 32G内存 512G高速固态硬盘 定制,10099.00,ThinkPad华南授权专卖店,8条评价
23,10023051867737,航向者 AMD高频/GTX泰坦6G独显/16G内存台式组装电脑主机DIY组装机全套吃鸡游戏企业办公 电脑主机 套二 (i7级+16G内存+4G游戏独显),1099.00,航向者组装电脑旗舰店,6.9万+条评价
24,100014220574,宏硕 酷睿i5四核/i5 9400F六核/台式机电脑主机家用游戏办公组装电脑整机全套 套餐一【办公娱乐 独显电脑主机】,1599.00,宏硕电脑旗舰店,6200+条评价
25,100008736957,联想小新AIR14 锐龙版 R5六核 2020 高色域手提学生轻薄本办公商务超薄笔记本电脑 游戏本 低色域定制丨R3-4300U 8G 512G固态,4299.00,联想华北授权专卖店,6.9万+条评价
26,1238701404,"京品电脑	
联想ThinkPad X395（0YCD）13.3英寸轻薄笔记本电脑（锐龙7 PRO 3700U 8G 512GSSD FHD 指纹识别 高色域）",5099.00,ThinkPad京东自营旗舰店,4.7万+条评价
27,100015646074,华硕a豆 adolbook14 2020 增强版 十代酷睿 14英寸高颜值全面屏超轻薄笔记本电脑 i5-10210U 16G 512G MX350粉,5089.00,华硕电脑京东自营官方旗舰店,1300+条评价
28,29321058532,"京品电脑	
联想ThinkPad X13 锐龙版（08CD）13.3英寸高性能轻薄笔记本电脑（锐龙5 PRO 4650U 16G 512GSSD 100%sRGB）",5499.00,ThinkPad京东自营旗舰店,4.7万+条评价
29,100008818001,宏碁(Acer)新蜂鸟Fun 14英寸轻薄本 学生商务办公笔记本电脑(11代英特尔酷睿i5-1135G7 8G 512GSSD wifi6)银,3699.00,宏碁京东自营旗舰店,1万+条评价
30,10444729665,武极 i5 10400F/GTX1660/240G/游戏台式直播吃鸡电脑主机DIY组装机,4088.00,武极电脑DIY旗舰店,9.5万+条评价
31,100007266821,七喜(HEDY) AIOZ40 23.8英寸超薄高清商用一体机台式电脑(新升级四核J4105 8G DDR4 512G固态 WIFI 3年上门),1999.00,七喜京东自营旗舰店,2900+条评价
32,5386278,宏华 AMD高频处理器/4G独显/32G内存吃鸡游戏家用企业影音公司办公台式组装电脑主机 主机 主机 配置一INTEL I5级四核处理器120G高速固态,698.00,宏华组装电脑旗舰店,2.5万+条评价
33,27914580586,七喜(HEDY)Z30 21.5英寸超薄高清商用办公一体机台式电脑(八代四核J4105 8G DDR4 256G固态 内置WiFi 送键鼠),1699.00,七喜京东自营旗舰店,2900+条评价
34,100011374936,威龙远航 酷睿i5/16G大内存/泰坦6G独显 吃鸡游戏电竞台式组装电脑主机DIY组装机 酷睿i5+8G+GTX1050Ti,2199.00,威龙远航DIY电脑旗舰店,4.1万+条评价
35,100013372180,"京品电脑	
联想ThinkPad 翼14 Slim（20CD）英特尔酷睿i5 14英寸轻薄笔记本电脑(i5-10210U 8G 256GSSD+1T 2G独显)银",4999.00,ThinkPad京东自营旗舰店,4.8万+条评价
36,70942309299,攀升 P18 i5 10400F六核/升华硕GTX1650/华硕B460M/256G M.2/8G吃鸡游戏台式组装电脑主机/京东DIY游戏UPC,3699.00,IPASON攀升电脑京东自营旗舰店,5.2万+条评价
37,24877362147,惠普（hp）旗舰店 星14进阶版 11代新品 星13系列轻薄超薄商用手提学生女游戏笔记本电脑超极本 静谧银：【背光键盘版-11代进阶丨稀缺货源】 13.3寸：...,5299.00,惠普授权旗舰店,3.9万+条评价
38,54834172014,七喜(HEDY) AIOZ40 23.8英寸超薄高清商用一体机台式电脑(新升级四核J4105 8G DDR4 256G固态 WIFI 3年上门),1799.00,七喜京东自营旗舰店,2900+条评价
39,100013263268,和谐号 办公商用台式电脑主机组装整机(AMD九代八核处理器A9-9820/8g/256g 无线WiFi )21.5英寸套餐,1499.00,和谐号电脑京东自营官方旗舰店,5000+条评价
40,54513988719,苹果（Apple）MacBook Air 13.3英寸笔记本电脑 【17款金属银】双核i5/8G/128G 19点前付款当天发货,5258.00,疆界旗舰店,1400+条评价
41,100014176314,戴尔（DELL） 灵越5391 5300 5301 13.3英寸轻薄便携商务办公手提笔记本电脑学生本 【不凡银】 i5-10210U/8G/512G/2G独显 标配,4399.00,戴尔卓越专卖店,2.1万+条评价
42,100007278559,酷耶 intel台式机电脑主机4K高清吃鸡电竞游戏多开3D渲染组装全套 主机+27英寸电竞显示器 套餐四(GTX1650 4G吃鸡),3498.00,酷耶电脑旗舰店,8700+条评价
43,100014608380,"京品电脑	
联想ThinkPad 翼14 Slim（22CD）英特尔酷睿i5 14英寸轻薄笔记本电脑(i5-10210U 16G 512GSSD 2G独显)银",5399.00,ThinkPad京东自营旗舰店,4.8万+条评价
44,68690827152,一体机电脑i3i5i7高配曲面办公家用四核新款台式一体式电脑主机全套一体化整机独显吃鸡游戏 M1套餐19英寸酷睿i3【高效办公】,999.00,十度一体机专营店,3300+条评价
45,100007266849,"京品电脑	
联想ThinkPad E15(0NCD)酷睿版 英特尔酷睿i5 15.6英寸轻薄笔记本电脑(i5-10210U 16G 512GSSD 2G独显 FHD)黑",5499.00,ThinkPad京东自营旗舰店,4.8万+条评价
46,38480130503,攀升G1设计师游戏台式机电脑主机（十代i5-10400F GTX1650-D6升级版 16G 256GSSD 3年上门）电竞独显,3999.00,攀升京东自营官方旗舰店,9300+条评价
47,10313546490,Apple iMac 【硬盘更新】21.5 英寸 2.3GHz 双核七代 i5 8GB/256GB固态 一体式电脑主机 MHK03CH/A,8099.00,Apple产品京东自营旗舰店,1800+条评价
48,69199960590,机械革命Z3蛟龙760 AMD锐龙R7标压7nm制程15.6英寸轻薄电竞游戏本学生设计师手提笔记本 R7-4800H/RTX2060/120Hz电竞屏 高性价比：8G/512G PCIe固态,7199.00,机械革命授权专卖店,1200+条评价
49,100005217591,"京品电脑	
联想ThinkPad 翼14 Slim（21CD）英特尔酷睿i5 14英寸轻薄笔记本电脑(i5-10210U 8G 512GSSD 2G独显)银",4999.00,ThinkPad京东自营旗舰店,4.8万+条评价
50,71034395430,"京品电脑	
武极 i3 9100/10100办公主机企业客服家用商用台式组装电脑主机兼容机/DIY组装机 配置二（i3 10100+8G+240G）",1888.00,武极电脑DIY旗舰店,1.9万+条评价
51,100006893723,一品国度 I5 9400F/860K/GTX1060/16G组装电脑主机办公台式游戏/DIY组装机 配置一 高频四核860K+1050独+游戏办公,999.00,一品国度DIY旗舰店,4.2万+条评价
52,100012583244,华硕（ASUS）VivoBook14 十代酷睿 新品14英寸轻薄本笔记本电脑 配置三 i5-10210U 8G 512G 黑,4399.00,华硕电脑京东自营官方旗舰店,1.7万+条评价
53,65384259013,"京品电脑	
惠普（HP）战66 三代 14英寸轻薄笔记本电脑（英特尔酷睿i7 8G 512G 高性能独显 高色域 一年上门+意外）",5899.00,惠普京东自营官方旗舰店,7.9万+条评价
54,100013108780,宏硕 酷睿i3/独立显卡/8G内存/台式机电脑主机家用炒股票企业公司办公游戏娱乐组装电脑整机全套 主机+22英寸显示器 酷睿i3/核显/4G内存/120G固态,1199.00,宏硕电脑旗舰店,100+条评价
55,40241314661,惠普(HP)战99 G2 商用办公台式电脑主机（十代i5-10500 16G 1TB+256G 2G独显 Office注册五年上门）23.8英寸,5299.00,惠普京东自营官方旗舰店,1.6万+条评价
