﻿,goods_id,goods_name,goods_price,goods_store,goods_commit
0,10022106902273,2020新款 酷睿i7轻薄本 锐龙R5R7游戏本可选15.6英寸笔记本电脑 商务办公超薄本 昂福镭仕 吃鸡/LOL: 锐龙R5 20G内存+256G固态,3868.00,昂福镭仕电脑专营店,2000+条评价
1,23261958816,戴尔（DELL）灵越5000 5593/5493 成就3401超极本学生办公女生轻薄本手提笔记本电脑 14英寸|银色|十代i3-1005G1|UHD 8G内存 128GPcie固态+1T机械 定制版,3299.00,戴尔华宏创天专卖店,1.1万+条评价
2,100011438966,联想ThinkPad S2 2020（02CD）英特尔酷睿i5 13.3英寸轻薄笔记本电脑（i5-10210U 8G 256GSSD）银,5099.00,ThinkPad京东自营旗舰店,1.7万+条评价
3,5113248,华为（HUAWEI）笔记本电脑MateBook D15/14 轻薄便携商务办公学生超薄本 D15银｜R5-4500U 16G+512G固态,4999.00,华为新通路专卖店,2万+条评价
4,41328696602,雷霆世纪 复仇者162 十代i5-10400/独显GTX1650 4G/技嘉B460M/8G内存/吃鸡游戏台式组装电脑主机/京东游戏UPC,3899.00,雷霆世纪京东自营旗舰店,9100+条评价
5,67701207725,2020新款联想笔记本电脑IdeaPad15s 十代酷睿i3小清新大学生超轻薄14商务办公大屏本 I3-10110U 12G 1T+ 512G双硬盘 15.6英寸高清屏 精装升级 银色,4099.00,联想德信专卖店,1.1万+条评价
6,10022264938576,攀升 英特尔G5420/GTX1650/240G固态硬盘/家用游戏办公台式电脑主机DIY组装机 配置一 G5420+8G+240G,1299.00,攀升DIY电脑旗舰店,2300+条评价
7,100003980208,"拍拍	
【二手9成新】联想电脑台式机i3i5商务办公网课学习工作室游戏dnf搬砖整套 6】I5-2500/8G/240G固态/1G独显 送19寸显示器",1699.00,万佳二手电脑专营店,2.3万+条评价
8,32972768195,昂福镭仕15.6英寸酷睿I5I7可选笔记本电脑可选超薄本游戏本轻薄手提便携办公lol 2020新款  四核J4105 8G内存+64G固态,1888.00,锦杰电脑专营店,200+条评价
9,46594025665,华为平板M5 青春版 8.0英寸智能语音游戏平板电脑4GB+64GB WIFI （香槟金）,1399.00,华为京东自营官方旗舰店,"去看二手
							5.5万+条评价"
10,59299849516,狄派 商务办公电竞电脑主机i5-9400F六核/1650 4G独显/吃鸡游戏台式机组装电脑整机 主机+24显示器 套餐三(i5四核/16G/1650 4G独显)吃鸡,3199.00,狄派电脑专营店,6000+条评价
11,100013209256,联想(Lenovo)威6 Pro 13.3英寸超薄本酷睿i5四核轻薄学生超极本商务办公手提笔记本电脑 定制 i5-8265U 32G 512G固态 2G独显 IPS全高清屏 星空灰,5669.00,联想扬天京东自营授权旗舰店,100+条评价
12,63137742185,联想拯救者Y7000 2020十代酷睿游戏本15.6英寸全面屏家用学生轻薄手提笔记本电脑 i5-10200H 8G 512G固态丨升级 GTX1650 4G独显 win10,6899.00,联想众信授权专卖店,4700+条评价
13,71106667250,武极 i5 10400F/10600KF/RTX 2060S游戏台式吃鸡电脑主机/DIY组装机,5299.00,武极电脑DIY旗舰店,500+条评价
14,27933001182,攀升 启航 AMD FX9830P四核/8G/240G/商务键鼠/迷你办公商用台式机电脑主机京东游戏UPC,1399.00,IPASON攀升电脑京东自营旗舰店,2.2万+条评价
15,10021981810727,戴尔（DELL）成就5880酷睿十代i5台式机电脑吃鸡游戏设计家用办公全套整机 定制i5-10400 单主机（带键盘鼠标） 8G 1T+256G GTX750-4G独显,4299.00,戴尔华行台式机专卖店,1700+条评价
16,100009006240,华硕（ASUS）顽石6代14/15.6英寸轻薄便携商务办公笔记本电脑学生游戏本VivoBook15s 【15.6英寸】银i7-1065G7/MX330 配置二 8G/512G固态,5399.00,华硕金硕专卖店,8400+条评价
17,64318609683,联想（Lenovo）小新Air14 2021款11代酷睿i5超轻薄笔记本电脑 高性能办公设计手提电脑 金属机身 银色 升配i5-1135G7 8G 1TB 丨MX450,5899.00,联想航电授权专卖店,6900+条评价
18,69346523557,华硕（ASUS）VivoBook15s轻薄笔记本电脑十代酷睿商务办公便携全面屏窄边框独显轻薄本 14英寸冰钻银i5-1035G1/MX330-2G 12G内存丨1TB硬盘丨512固态套餐六,4889.00,华硕智凝专卖店,2.3万+条评价
19,58948241975,联想ThinkPad T490(04CD)14英寸轻薄笔记本电脑(i7-10510U 8G 256GSSD 2G独显 FHD WVA防眩光屏 人脸识别),9999.00,ThinkPad京东自营旗舰店,1.8万+条评价
20,72216174486,联想ThinkPad E495 笔记本电脑窄边框14英寸轻薄商务办公锐龙 升级版：R5 16G 512G+1T高配@03CD,4099.00,ThinkPad东南授权专卖店,3300+条评价
21,100011582112,联想(lenovo)M5900d丨E76A丨M2300商用办公台式电脑整机带串口并口支持win7系统 定制丨英特尔J3060 8G 256G固态 W7 主机+19.5英寸显示器,2599.00,联想扬天华东授权专卖店,600+条评价
22,65285630907,戴尔（DELL）燃5000灵越5493/5593  十代酷睿轻薄学生游戏本手提笔记本电脑皓月银 15.6英寸 5593 i7十代酷睿 4G独显 16G 256GB固态+1TB机械 定制,5899.00,戴尔宇熙世纪专卖店,1.2万+条评价
23,54835170235,变异者 i5 10400游戏台式电脑主机16G内存/1660显卡吃鸡DIY设计师组装机 【双盘】120G固态+1T机械盘,5089.00,变异者组装电脑京东自营旗舰店,20+条评价
24,36210068000,AOC AIO的卢938 23.8英寸高端一体机台式电脑(九代奔腾G5420 8G 256GSSD 双频WiFi 蓝牙 支持升降壁挂 键鼠),2999.00,AOC电脑京东自营旗舰店,11万+条评价
25,100005417287,联想(Lenovo)扬天M6610D 九代英特尔酷睿i5六核商用办公台式电脑整机 单主机 定制 i5-9400 8G 1T+256G双硬盘,4499.00,联想扬天京东自营授权旗舰店,1500+条评价
26,41290095745,联想ThinkPad E14 14英寸 轻薄商务办公手提学生游戏笔记本电脑 酷睿i3-10110U 【定制银】8G内存 128G+1T硬盘 39CD,3499.00,ThinkPad广东授权专卖店,2700+条评价
27,27397632831,长城（Great Wall）台式电脑主机商用家用台式机办公电脑吃鸡游戏电脑 主机+23.8显示器 酷睿i39100 8G 256G带无线蓝牙/配置2,2699.00,长城电脑梦之缘专卖店,4100+条评价
28,100007229411,联想小新Pro13锐龙版 2020新品13.3英高性能全面屏超薄本人脸识别网课轻薄手提笔记本电脑 深空灰R7-4800U八核 16G 1TB｜升级 win10,6499.00,联想众信授权专卖店,2.2万+条评价
29,10022406899397,华硕(ASUS) 猎鹰V4 27英寸一体机台式电脑(酷睿i5 8G内存 256GSSD+1T MX150 2G 高清 上门售后)黑,6299.00,华硕京东自营官方旗舰店,7700+条评价
30,100013586452,武极 九代G5420/9100F/9400F吃鸡游戏LOL办公台式电脑主机/DIY组装机 配置一 家用办公游戏主机,1299.00,武极电脑DIY旗舰店,3200+条评价
31,100004245986,华为荣耀笔记本电脑MagicBook 14/15英寸超薄本轻薄本学生商务办公手提笔记本电脑 14英寸I7 8G 512G【8代W版】,5499.00,金博盛笔记本专营店,3.5万+条评价
32,43920383921,联想ThinkPad X13 Yoga（0YCD）英特尔酷睿i7 13.3英寸轻薄笔记本电脑（i7-10510U 8G 512GSSD FHD 触控屏）,9499.00,ThinkPad京东自营旗舰店,1000+条评价
33,5493998,afresh一体机电脑 19-27英寸 高清办公游戏独显吃鸡LOL 直面曲面屏 一体式台式电脑主机 B1:18.5英寸 标配办公i3/4G/128G,1099.00,锦杰电脑专营店,300+条评价
34,25647414896,戴尔DELL成就5000 13.3英寸窄边框轻薄笔记本电脑(十代i5-10210U 8G 512G  MX330 2G 72% 1年专业支持)淡金色,5299.00,戴尔京东自营官方旗舰店,3.1万+条评价
35,47412921617,Apple iPad mini 5 2019年新款平板电脑 7.9英寸（256G WLAN版/A12芯片/Retina显示屏/MUU62CH/A）金色,4090.00,Apple产品京东自营旗舰店,"去看二手
							58万+条评价"
36,1475853781,机械革命S2/S2 air锐龙新品14英寸i5/i7轻薄本学生游戏商务办公手提便携笔记本电脑 S2/十代i7-10510U/MX350-2G独显 豪华升级：16G内存/512G固态硬盘,5299.00,机械革命授权专卖店,4900+条评价
37,100013471138,京天 Design 810 i7 10700K/Quadro P1000/256G+1T/金士顿16G DDR4台式组装电脑主机设计渲染图形工作站UPC,7999.00,京天（KOTIN）电脑京东自营旗舰店,3800+条评价
38,20983331646,联想拯救者Y7000 2020款1080P高色域 十代i7电竞游戏笔记本电脑r 视频剪辑设计师工作站 十代i7-10750H 16G内存 512G固态 定制GTX1650Ti电竞独显【游戏键盘套装】,8299.00,联想华东授权专卖店,1万+条评价
39,42896522966,15.6英寸轻薄笔记本电脑商务办公上网课大学生女生款游戏本超薄便携超级本手提 新品十代四核J4115 16G内存 256G M.2固态  微边框全面屏,3099.00,iru旗舰店,1900+条评价
40,69264378637,典籍（DIANJI） 一体机电脑 酷睿I3/I5/I7/四核独显办公游戏台式电脑整机 18.5英寸/酷睿i3/4G/128G,1199.00,鑫石电脑专营店,2.5万+条评价
41,10023530803596,机械革命（MECHREVO）S1 14英寸全金属窄边框轻薄笔记本电脑(i7-10510U 8G 512G MX330 高色域 银),5699.00,机械革命京东自营官方旗舰店,5万+条评价
42,68730236107,联想拯救者Y7000-15.6英寸高色域吃鸡游戏笔记本电脑酷睿 升级:【10代i5/16G/512G 固态】 新GTX1650 4G电竞独显,7399.00,联想昌盛授权专卖店,1.6万+条评价
43,10021413695188,"拍拍	
【二手99新】英特尔i9级八核独显GTX1070独显直播吃鸡游戏电脑办公整机DIY组装二手台式机全套 套餐三：i7级六核/GTX960 D5【高效吃鸡】 全套",2149.00,火星人二手商品专营店,2.9万+条评价
44,72473159363,联想ThinkPad E490 酷睿i5 14英寸轻薄商务办公笔记本电脑 FHD i5-8265U 【独显】16G 1T+512G固态@2DCD定制银,4999.00,ThinkPad华东授权专卖店,9800+条评价
45,69217029836,"拍拍	
【二手99新】办公超薄一体机电脑无线i3i5四核网课家用游戏台式整机窄边框1920*1080P 1】I3四线程/4G/120G",1199.00,蓝海二手电脑专营店,900+条评价
46,100010892622,惠普（HP）星14 十一代酷睿14英寸学生女粉色笔记本电脑独显 窄边框办公手提轻薄便携本 十一代i5-1135G7 MX450 少女粉 16G内存 512GB高速固态 标配版,5499.00,惠普诚启专卖店,600+条评价
47,1211892124,惠普（HP）战66 三代AMD版 指纹识别+背光键盘轻薄笔记本电脑 商务精英办公 学生本 全新锐龙 14英寸 精装升级版 六核R5-4500U/4G/256G固态/高清屏,3999.00,惠普峻峰专卖店,1.2万+条评价
48,43764268764,【多仓发货】海尔（haier）窄边框 笔记本电脑轻薄 学生网课 办公手提电脑 【15.6英寸】S15Pro 8G内存 128G+1TB存储【定制双硬盘】,2499.00,海尔电脑旗舰店,1万+条评价
49,100013263264,长城(Great Wall)四核一体机电脑AMD锐龙R3/R5/高配游戏家用办公台式一体机整机 【23.8速龙】200GE 8G 256G,2599.00,长城电脑自营旗舰店,100+条评价
50,69214593087,华硕(ASUS) 猎鹰Z9 27英寸标压一体机游戏电脑(酷睿I7 16G 512GSSD+2T GTX1050 4G显存 WIFI蓝牙 上门售后)黑,12999.00,华硕京东自营官方旗舰店,7700+条评价
51,59981898926,雷诺塔 六核i5 9400F/RX580/西数240G固态吃鸡游戏台式电脑主机DIY组装机,2799.00,雷诺塔组装电脑旗舰店,3.6万+条评价
52,27397632833,联想（Lenovo） GeekPro设计师游戏吃鸡台式机家用办公电脑整机酷睿十代i5-10400F 标配8G 1T+256G GTX1650-4G 主机+23.0IPS屏,5899.00,联想同诚台式机授权专卖店,800+条评价
53,65235398986,联想ThinkPad X13(0ACD)酷睿版 英特尔酷睿i7 13.3英寸高性能笔记本电脑(i7-10510U 16G 1T Win10专业版)4G,10999.00,ThinkPad京东自营旗舰店,3.5万+条评价
54,25560291127,神舟战神K670T/K670E/ZX6吃鸡游戏本MX350/GTX1650独显15.6英寸笔记本电脑 K670E-G6A6升级版:i5 16G 512G,4599.00,神舟屹创专卖店,1500+条评价
