﻿,goods_id,goods_name,goods_price,goods_store,goods_commit
0,58207088794,微软（Microsoft）Surface Pro 7二合一平板电脑笔记本12.3英寸轻薄商务办公本6 【亮铂金】Pro7 i5 8G+128G 标配+Pro原装特质键盘【颜色下单备注】,6348.00,鑫晨星平板专营店,6300+条评价
1,67224503402,【人脸识别】联想小新Pro13 超轻薄笔记本电脑 2.5K高色域全面屏 商务办公游戏超极本 酷睿十代 沧海冰蓝丨十代i5 16G 512G丨MX350,5999.00,联想华东授权专卖店,4700+条评价
2,100013011760,戴尔（DELL）笔记本灵越5000 5593 15.6英寸10代轻薄家用办公学生2020款笔记本电脑 i5-1035G1 2G独显 8G内存 PCIe512G固态硬盘 店铺定制,4199.00,戴尔金盛专卖店,5400+条评价
3,62929961432,【新品酷睿四核i7+IPS屏】15.6英寸轻薄金属笔记本电脑 超薄高性能游戏本办公商务本大学生超级本 高频版 酷睿i7+ 8G内存/256G固态+1000G,3599.00,iru旗舰店,3200+条评价
4,10020649675980,雷霆世纪 觉醒X25 酷睿十代品牌游戏台式机/电脑主机（i7 10700 GTX1660Super 16G 256G+1T WIN10 三年上门）,6899.00,雷霆世纪（Raytine）京东自营旗舰店,300+条评价
5,49912077247,AOC【新九代独显】23.8英寸一体机电脑游戏电竞网吧制图设计秒战主机台式电脑 九代i5F/16G/512/RX550独显4G,4549.00,AOC善与美电脑专卖店,600+条评价
6,66940253965,学生网上课堂电脑 办公笔记本电脑 全尺寸键盘Intel-J4105-12G内存 SSD1000G高速固态硬盘+高档蓝牙鼠标套餐,2439.00,得峰旗舰店,1.4万+条评价
7,25361143553,联想拯救者R7000 15.6英寸全面屏高性能吃鸡固态游戏本设计师办公轻薄笔记本电脑 高配丨R5 16G内存 512G固态丨1650Ti 电竞显卡 背光键盘,7199.00,联想卓电授权专卖店,8100+条评价
8,10022620595198,惠普（HP）星14 十代英特尔酷睿 14.0英寸金属超轻薄学生办公商用手提笔记本电脑 2020款 静谧银-10代酷睿丨背光+指纹 i5-1035G1 16G 512G MX330,5299.00,惠普授权旗舰店,200+条评价
9,10022604983273,戴尔（DELL）灵越5493/5593/5000 2020新款学生游戏商务办公轻薄家用手提笔记本电脑 成就3501【i3/1005G1】15英寸淡金 升级版 8G内存/256G固态/1T机械,3699.00,戴尔阳光雨尉专卖店,1.2万+条评价
10,59429698865,14英寸轻薄本便携商务办公笔记本电脑学生上网游戏本Y4200 星空灰i5-1035G1/MX110-2G独显 12G内存+512高速固态【设计师推荐】,4699.00,茂双笔记本旗舰店,1700+条评价
11,14605550715,联想ThinkPad T14 锐龙版 2020新款AMD 14英寸轻薄便携商务办公游戏设计笔记本电脑 01CD（六核R5-4650U 8G 512G  升级至16G内存512G固态硬盘）定制,5999.00,ThinkPad重庆授权专卖店,200+条评价
12,64544649840,联想(Lenovo)V340 2020款 14英寸轻薄笔记本电脑全新十代酷睿i5/i7 i7-10510U 16G内存 512G固态 升级 相思灰,5999.00,联想扬天授权旗舰店,2400+条评价
13,10022231071825,梵泰（FOTEN）一体机电脑酷睿i5四核办公家用游戏设计台式电脑整机套装 21.5超薄+四核A6+8G内存+240G固态,1388.00,梵泰电脑官方旗舰店,5000+条评价
14,10022398474047,联想ThinkPad R480 （21CD）14英寸窄边框轻薄 超薄商务办公用ibm笔记本手提电脑 i5-8250U/8G/256G+1T丨定制 2G独显+指纹识别+Win10系统,4699.00,ThinkPad福建授权专卖店,1600+条评价
15,15541170143,【2020款指纹解锁+10代酷睿处理器】15.6英寸轻薄笔记本电脑 快速者Z18商务办公学生游戏本 16G内存+512G固态硬盘 10代酷睿10110U主频2.1G 睿频4.1G,3488.00,快速者电脑旗舰店,200+条评价
16,31595170138,联想ThinkPad T14s AMD锐龙版R7 14英寸商务轻薄便携手提笔记本电脑 R7-4750U 8G 512G固态 07CD FHD屏 指纹识别 背光键盘 WiFi-6,6499.00,ThinkPad广东授权专卖店,30+条评价
17,13760780686,极途 i5 9400F/GTX1660SUPER/16G 台式游戏吃鸡电脑主机家用休闲娱乐组装电脑 标准版,3699.00,极途电脑DIY旗舰店,2500+条评价
18,100009996754,戴睿2020指纹解锁超轻薄笔记本电脑15.6英寸窄边框全新四核便携手提学生商务办公游戏上网本背光键盘 贵雅红 【套8】背光键盘+指纹解锁 16G+512G,2758.00,戴睿旗舰店,2.1万+条评价
19,28372933962,戴尔（DELL）灵越5000燃5493轻薄本14英寸办公学生手提商用笔记本电脑 i5-1035G1 8GB 128G固态+1T定制 【十代酷睿】皓月银 高性能核显 高清屏,4199.00,戴尔速达专卖店,1.2万+条评价
20,26714726274,微软 Surface Laptop 3 轻薄本 亮铂金 13.5英寸 | i7 16G+512G G7显卡 | 2.2K触屏 高色域 3:2生产力 | Alcantara掌托 | CNC铣削一体成型,15988.00,微软京东自营官方旗舰店,1.4万+条评价
21,25579485009,惠普（HP）星14青春版 小欧14S笔记本电脑星14英寸轻薄便携窄边框学生家用商务办公手提电脑 象牙白【赛扬N4000】 顶配六：8G/512G纯固态,3599.00,惠普老熟人专卖店,4500+条评价
22,71231386310,武极AMD锐龙R5 3600/GTX1650/240G游戏台式吃鸡电脑主机DIY组装机,3399.00,武极电脑DIY旗舰店,2200+条评价
23,100008149427,联想ThinkPad E480 14英寸窄边框商务办公手提笔记本电脑超轻薄本 酷睿八代 【i5】8G 1T+128G@4LCD定制,4199.00,ThinkPad华东授权专卖店,1.4万+条评价
24,10021517238556,戴尔(DELL)成就Vostro7500十代标压i5/i7GTX4G独显2年上门服务旗舰级笔记本电脑 1845十代标压i7 16G GTX1650 官方标配,8299.00,戴尔官方旗舰店,200+条评价
25,10023115305788,炫龙（Shinelon）DD3-D5A1 GTX1650 4G 16.1英寸游戏笔记本电脑（i5-10400 8G 512G SSD IPS）,4899.00,炫龙京东自营旗舰店,3100+条评价
26,69943295628,华硕(ASUS) VivoBook14/15s 酷睿i5/i7 15.6英寸轻薄笔记本电脑商务办公 14英寸冰钻银 i5-1035G1 MX330 配置一 8G/512G PCIE固态,4299.00,华硕金硕专卖店,700+条评价
27,10021649440295,联想 IdeaPad15s 2020新款15.6英寸十代酷睿i5 学生设计师办公笔记本电脑 I5-10210U 8G 512固态 MX330 2G独显 银,4999.00,联想电脑授权专卖店,3400+条评价
28,32581573201,宏碁(Acer)旗舰店新蜂鸟FUN 14英寸S40十代酷睿i5轻薄高性能网课办公游戏笔记本电脑手提女 佛系银【十代i5-10210U/MX350-2G】 升级版：20G/512G PCIe SSD,4499.00,Acer宏碁旗舰店,100+条评价
29,23261958818,技嘉 i5 10400F/GTX1660super/RTX 2060/S台式电脑游戏主机DIY组装机 配置二i5 10400F/16G/RTX2060,5599.00,技嘉旗舰店,100+条评价
30,100013804394,【十代酷睿新品】联想ThinkPad P系列轻薄款设计师本绘图移动图形工作站商务办公笔记本电脑 P14S 35CD 十代i7 8G 512G 【定制升级】16G内存512G固态硬盘,9599.00,ThinkPad重庆授权专卖店,100+条评价
31,66750340812,戴尔台式机 OptiPlex7070MT i7 i9 商用绘图设计3D渲染建模台式机电脑7060升 带27英寸IPS窄边升降旋转显示器(设计) i7丨32G丨2T+512丨P2200-5G建模,11159.00,戴尔商用华东专卖店,4300+条评价
32,28094410581,戴尔（DELL）灵越5000 5593/5493 成就3401超极本学生办公女生轻薄本手提笔记本电脑 14英寸|银色|十代i3-1005G1|UHD 16G内存 128GPcie固态+1T机械 定制版,3599.00,戴尔华宏创天专卖店,1.1万+条评价
33,10021713150894,戴尔DELL 全新XPS17-9700 17英寸英特尔酷睿i7 2020新款防蓝光全面屏设计轻奢笔记本电脑(十代i7-10750H 16G 512G GTX1650Ti 4G独显)银 送两年碎屏保,19999.00,戴尔京东自营官方旗舰店,1.1万+条评价
34,48472117831,戴尔（DELL）轻薄本灵越5000系列15.6英寸十代酷睿游戏本轻薄办公家用学生笔记本电脑 i7-1065G7四核|2G独显|银色 16G内存PCIe512G固态定制,5499.00,戴尔奥莱专卖店,400+条评价
35,25838292169,惠普（HP）星14青春版 小欧14S笔记本电脑星14英寸轻薄便携窄边框学生家用商务办公手提电脑 静谧银【赛扬N4000】 配置三：8G/128G固态+500G,3499.00,惠普老熟人专卖店,4500+条评价
36,61809070207,苹果（Apple）ipad2019/2020新款第8代10.2英寸air2更新版平板电脑 WiFi版 2020款 深空灰色 128G 键盘 + 壳+ 膜,3179.00,APPLE翔合专卖店,18万+条评价
37,10023477139288,戴尔（DELL）游匣g3/g5/g7灵越5500独显15英寸i7学生游戏电竞RTX2060笔记本电脑 i7-10750H/GTX1650Ti 电竞G3 16G +512G PCIE 7秒开机,7599.00,戴尔佳富惠呈专卖店,2800+条评价
38,69084604334,戴尔（DELL）OptiPlex 7070MT I7商用办公台式机整机设计电脑游戏主机7060MT 27英寸旋转升降全高清屏/DP/P2719H 定制：I7-9700/16G/1T/ 2G独显,6799.00,戴尔商用雷泰龙专卖店,2700+条评价
39,12104009119,华为荣耀笔记本电脑MagicBook 14 14英寸全面屏超薄本学生商务办公超级本手提笔记本 14银｜R5-3500U/8G/256G 固态,3999.00,新通路数码专营店,7500+条评价
40,59811279024,戴尔（DELL）灵越5000 5493/5593独显轻薄超极本办公网课学生游戏笔记本电脑 15.6英寸 十代i7-1065G7 4G独显 16G内存 512G PCI-E 固态硬盘 定制版,5499.00,戴尔崇云专卖店,2600+条评价
41,71549544291,世纪之星 英特尔酷睿i3-9100F升酷睿i5/GTX1650独显吃鸡多开LOL游戏组装电脑台式整机 主机+24英寸曲面显示器 配置三：酷睿i5/1050Ti 4G/16G,2899.00,世纪之星电脑整机旗舰店,200+条评价
42,68973393452,(可装win7笔记本)联想ThinkPad E490 14英寸酷睿i5轻薄手提电脑i5-8265u 【独显】8GB 128G+1T双硬盘丨标配2JCD office FHD全高清屏 支持win7,4999.00,ThinkPad华北授权专卖店,2100+条评价
43,64544649845,联想（ThinkCentre）【带并口+串口】E74商用办公税控台式电脑主机兼容WIN7系统电脑  单主机(带原装键鼠/无显示器) 定制i3-6100 4G 500G W7,2899.00,联想ThinkCentre旗舰店,2300+条评价
44,67515660191,戴尔（DELL）旗舰店灵越7590/7500 15.6英寸酷睿标压性能创意设计轻薄独显固态笔记本电脑 7500-2645 十代i5 16G 1650Ti,8699.00,戴尔官方旗舰店,1万+条评价
45,28267884700,联想ThinkPad E14（5TCD）14英寸轻薄商务办公笔记本电脑十代酷睿六核i7-10710U 32G内存 1TB固态+1T机械【升级】 RX640 2G独显 FHD全高清屏 Win10,8799.00,ThinkPad华中授权专卖店,4200+条评价
46,28067988886,联想ThinkPad R480 （21CD）14英寸窄边框轻薄 超薄商务办公用ibm笔记本手提电脑 i5-8250U/16G/512G固态丨定制 2G独显+指纹识别+Win10系统,4799.00,ThinkPad福建授权专卖店,1600+条评价
47,1595376468,华为荣耀笔记本电脑MagicBook Pro 16.1英寸全面屏轻薄本高清屏win10版 【锐龙版】R5-3550H8G 512G+原装包鼠,4799.00,荣耀京诚专卖店,1100+条评价
48,50243340431,攀升 AMD锐龙R5 3500X六核/GTX1650 吃鸡游戏台式组装电脑主机/DIY组装机,2999.00,攀升DIY电脑旗舰店,500+条评价
49,64199776437,联想ThinkPad E14 Slim 14英寸轻薄便携游戏娱乐商务办公学生家用高分屏笔记本电脑 十代i7 8G内存512G固态【1WCD定制】,6299.00,ThinkPad重庆授权专卖店,4700+条评价
50,54513988724,浩鑫（SHUTTLE）DH370第九代高性能微型迷你主机电脑行业方案应用 i7 9700+16G+512固态,5990.00,大笨猫电脑专营店,20+条评价
51,71728145095,联想（Lenovo） 启天M2300家用办公税控商用台式电脑带串口并口支持win7系统 定制J3060 4G 500G机械 Win7 单主机,1699.00,联想扬天华东授权专卖店,100+条评价
52,69861061793,联想ThinkPad P15v 3D建模视频编辑渲染 设计师专用轻薄移动图形工作站IBM笔记本电脑 04CD丨4G绘图显卡 高清屏 i7-10750H 16GB内存 2TB SSD丨定制,10799.00,ThinkPad福建授权专卖店,500+条评价
53,72067360652,一体机电脑i3i5i7高配曲面办公家用四核新款台式一体式电脑主机全套一体化整机独显吃鸡游戏 A2套餐21.5英寸i5-3320强芯【精英办公】,1898.00,十度一体机专营店,3300+条评价
54,28167168610,惠普（HP）200G7 15.6英寸轻薄笔记本电脑 学生本 网课日常 上网本办公本英特尔十代酷睿 i3-1005G1/8G/512G固态硬盘/ 黑灰色 精装定制,3499.00,惠普峻峰专卖店,3400+条评价
55,13942424933,苹果Apple MacBook Air 2020新款13.3英寸苹果笔记本电脑超薄轻薄本 金色 【20年款】10代i5/8G/256G,7999.00,Apple爱豆专卖店,1100+条评价
56,61044127341,中柏（Jumper）超轻薄笔记本电脑 14英寸便携商务办公学生上网本超极本 N3350 6+128G固态,1219.00,中柏电脑旗舰店,1200+条评价
