﻿,goods_id,goods_name,goods_price,goods_store,goods_commit
0,100016079804,宁美国度 魂 吃鸡游戏台式机电脑主机（i9 10900K/16G/RTX3070/512G）三年上门,12999.00,宁美国度一体机京东自营旗舰店,100+条评价
1,100016402104,攀升 高达元祖正版授权 水冷游戏台式机电脑主机（十代i9-10900F RTX3070-8G 32G 512GSSD 3年上门）,11999.00,攀升京东自营官方旗舰店,9300+条评价
2,14505847096,联想ThinkPad T14s AMD锐龙版14英寸商务办公手提笔记本电脑 08CD@R7-4750u 16G 512G固态 FHD屏 背光键盘 Win10系统,6999.00,ThinkPad北京授权专卖店,600+条评价
3,100008806615,VAIO FH14 侍14 11代酷睿 14英寸 1.4Kg 4G独显 高性能轻薄笔记本电脑(i7 16G 1T SSD GTX1650Ti FHD)斑斓黑,9499.00,VAIO京东自营旗舰店,600+条评价
4,67732963478,华为MateBook X Pro 2020款 13.9英寸轻薄本笔记本电脑触控屏手提超薄超极本 翡冷翠｜i7十代/16G/512G 独显【稀缺】 官方标配,9999.00,华为千百回专卖店,6400+条评价
5,26215860363,AOC739 曲面屏一体机电脑高配企业办公家用游戏秒超台式电脑主机全套整机 23.6英寸 英特尔九代G4930 8G内存  256G固态硬盘,3199.00,AOC善与美电脑专卖店,4400+条评价
6,42726942343,惠普（HP）星15 15.6英寸笔记本电脑窄边框畅游人轻薄便携高清屏学生游戏本 静谧银【i5酷睿/2G独显背光键盘】 11代i5/16G/512G/MX450/标配,6199.00,惠普蓝星专卖店,5200+条评价
7,30646311746,联想拯救者Y7000 15.6英寸2020十代酷睿i5/i7高色域游戏本p 学生设计师吃鸡笔记本电脑 标配【i7-10750H 16G 512G固态】 GTX1650 4G电竞显卡,7969.00,联想航电授权专卖店,4.6万+条评价
8,24625864941,宏碁acer笔记本电脑宏基蜂鸟FUN S40商务版办公游戏学生网课墨舞EX214蓝光护盾支持双硬盘 十代i5/2G独显/指纹识别/14英寸/银色 套餐一 8G内存 512G pcie固态...,3968.00,宏碁宏广世纪专卖店,2000+条评价
9,39373537823,联想小新Pro13 2020款锐龙R7轻薄笔记本电脑2.5K高色域R5全面屏超极本女生办公笔记本电脑 8核R7-4800U 16G 1T固态|定制 全金属机身 支持人脸识别,6099.00,联想育新授权专卖店,2.6万+条评价
10,71775117798,苹果APPLE笔记本电脑2020新款MacBook Air13.3英寸超轻薄学生办公 MacBook Air 13.3英寸【金属银】 【人气火爆】i5四核/8GB/256G/视网膜屏,8188.00,远行见电脑办公专营店,300+条评价
11,45111354474,戴尔台式机 OptiPlex7060升级7070MT i7九代八核商用绘图设计3D渲染建模台式机电脑 单主机（预装win10家庭版） I7/16G/1T+256固态/1060-6G独显,7199.00,戴尔商用祥云专卖店,3200+条评价
12,49985658062,"惠普（HP）新十代酷睿标压 光影精灵6新品 暗夜暗影电竞吃鸡游戏本笔记本电脑旗舰店官网 15.6""新十代标压【电竞版】 i5标压 8G 512G GTX1650-4G 限",5699.00,惠普授权旗舰店,2万+条评价
13,100007800769,联想ThinkPad T14 2020款 14英寸 7纳米八核 高性能 轻薄本 全面屏 笔记本电脑(R7 PRO-4750U 8G 512G 指纹),5999.00,ThinkPad京东自营旗舰店,5200+条评价
14,100008714759,华硕(ASUS) 飞行堡垒8 十代8核英特尔酷睿i7 15.6英寸游戏笔记本电脑(i7-10870H 8G 512G GTX1660Ti 144Hz),7799.00,华硕京东自营官方旗舰店,2.3万+条评价
15,100010213530,联想ThinkPad E14(1RCD)酷睿版 英特尔酷睿i5 14英寸笔记本电脑(i5-10210U 8G 512G傲腾SSD RX640独显FHD)黑,5599.00,ThinkPad京东自营旗舰店,800+条评价
16,49251087390,华为笔记本电脑 MateBook 14英寸 2020新款2K全面屏多屏协同超轻薄商务办公学生手提本 深空灰｜I5-10210U 16G 512固态触屏,6599.00,华为新通路专卖店,6500+条评价
17,71685671027,戴尔（DELL）成就3881 台式机电脑主机商用办公设计制图家用炒股网课 单主机（无显示器） i5-10400 8G 1T+128G 集显 定制,3529.00,戴尔新通路专卖店,800+条评价
18,100012955124,ROG幻14 轻薄商务办公设计师14英寸2K屏笔记本电脑(锐龙R7-4800HS 8核 7nm 8G 512GSSD GTX1660TiMaxQ)经典黑,8979.00,玩家国度ROG京东自营官方旗舰店,9800+条评价
19,34894746562,DPAITEC鼎派18.5-24英寸一体机电脑 办公家用游戏四核台式 电脑一体机主机整机 办公推荐)18.5英寸酷睿i3/4G/64G,838.00,DPAITEC电脑官方旗舰店,3400+条评价
20,34147116780,联想拯救者Y7000 2020款15.6英寸高色域游戏笔记本电脑p酷睿十代i7i5标压处理器 酷睿十代i5 16G 512G 1650Ti 定制 GDDR6 4G电竞显卡,6899.00,联想西南授权专卖店,1.4万+条评价
21,49881657195,惠普（HP） 光影精灵6 MAX/暗影精灵6 游戏轻薄笔记本电脑吃鸡电竞手提游戏本电脑 6/6 MAX/大尺寸电竞游戏本/背光键盘 十代i7/16G/512G/GTX1650/15“,7399.00,惠普蓝星专卖店,2100+条评价
22,10023265452047,联想小新Air15 2021锐龙版 笔记本电脑高性能全面屏轻薄大学生办公设计游戏超极本 6核R5-4600U 16G 512G固态 标配 70Wh大电池 100%高色域 背光键盘 指纹解锁,5299.00,联想有点授权专卖店,8100+条评价
23,72272650084,机械师F117-V 15.6英寸144Hz游戏本十代i7-10750H/RTX2060独显笔记本电脑 10代i7/32G/512G PCIE固态+1T,9489.00,机械师京东自营官方旗舰店,100+条评价
24,100009970114,神舟(HASEE)精盾X57A1 英特尔酷睿i7-1065G7 15.6英寸72%色域轻薄笔记本电脑(8G 512G PCIeSSD IPS),4399.00,神舟电脑京东自营旗舰店,5.4万+条评价
25,13445046812,戴尔（DELL）2020款 灵越G3 3500 15.6英寸高性能游戏本电竞设计师笔记本电脑 i5-10200H GTX1650Ti 4G独显 16G/512G 固态 定制,5999.00,戴尔卓越专卖店,2300+条评价
26,100014902472,神舟(HASEE)精盾U65A1畅玩版 十代酷睿i5-10210U 15.6英寸轻薄笔记本电脑(8G 512G PCIESSD MX350 2G IPS),4199.00,神舟电脑京东自营旗舰店,5.4万+条评价
27,67464585607,小米笔记本电脑RedmiBook 14英寸锐龙高性能超轻薄游戏办公红米学生网课手提荣耀银手机互传 【现货】R7-3700U 16G 512G高速固态 预装office办公软件,3979.00,小米官方授权专卖店,4600+条评价
28,46578001043,华为笔记本MateBook D14 15全面屏超级本轻薄学生办公手提直播电脑 D14 十代i5 16G 512G 独显 银 windows10版,5499.00,华为恒泰专卖店,700+条评价
29,100006320186,华为平板M6 8.4英寸麒麟980影音娱乐游戏学习平板电脑4GB+128GB WIFI（香槟金）,2199.00,华为京东自营官方旗舰店,"去看二手
							34万+条评价"
30,36528671368,华为笔记本MateBook 13 2020新款13英寸超薄本全面屏轻薄商务办公学生笔记本电脑超极本 十代i5/16G/512G/触屏/银色,6199.00,华为比特专卖店,5500+条评价
31,10051460174,AOC六核一体机电脑9代I5/酷睿I3I7高配游戏家用办公台式一体式整机 23.8英寸 九代G4930 8G 256G,2899.00,AOC云信一体机专卖店,2.8万+条评价
32,5557088,联想ThinkPad X395 锐龙版R5/R7 13.3英寸轻薄便携商务办公笔记本电脑 100%高色域丨FHD丨指纹识别丨Office 0XCD丨锐龙R7 PRO 8G 256G固态,4499.00,ThinkPad定制版专卖店,2600+条评价
33,59390326419,宁美-魂-GI7000战蓝i5 9400F/GTX1660/16G内存/256G固态/游戏台式DIY组装电脑/三年上门/UPC,4299.00,宁美国度京东自营旗舰店,1500+条评价
34,67663175443,戴尔（DELL）灵越5391燃5000笔记本13.3英寸紫色轻薄商务办公女大学生超薄超极本手提电脑 办公 | 十代处理器 星光银【72%高色域】13寸 【旗舰版】双核...,3988.00,戴尔佳富惠呈专卖店,2000+条评价
35,100007278659,华为笔记本MateBook D 14 15 全面屏锐龙版轻薄本超极本学生商务办公笔记本电脑 D14 银｜i5-16G-512G 独显,5599.00,科族数码专营店,1700+条评价
36,11381264065,联想ThinkPad P14s 2020款(35CD)英特尔酷睿i7 14英寸轻薄图站游戏笔记本 i7-10510U 8G 512GSSD P520 2G独显,9499.00,ThinkPad京东自营旗舰店,1900+条评价
37,10022233339407,攀升 AMD 锐龙R5 3600/GTX1650/240G直播吃鸡游戏台式组装电脑主机DIY组装机,3299.00,攀升DIY电脑旗舰店,5000+条评价
38,100013565062,联想（Lenovo）AIO 520C 英特尔酷睿 微边框高性能一体机台式电脑 27英寸 故宫文创版i7-10700T 1T+512 独显  16G内存（无线键鼠）,7699.00,联想京东自营官方旗舰店,500+条评价
39,100006866950,ROG幻14 轻薄高性能14英寸2K屏游戏本笔记本电脑(锐龙R9-4900HS 8核 7nm 16G 1TSSD RTX2060MaxQ)星空白,14999.00,玩家国度ROG京东自营官方旗舰店,9800+条评价
40,11383450672,惠普(HP)战66 高性能商用一体机电脑23.8英寸（九代i7-9700T 8G 512GSSD R535 2G独显 高色域 注册五年上门）,6699.00,惠普京东自营官方旗舰店,1.4万+条评价
41,100010816678,鑫锐 i7 10700升酷睿i9/R7/RTX2060 3070吃鸡游戏直播台式电脑主机DIY组装机 配置二(升级版):R7八核/GTX1050Ti,3399.00,鑫锐电脑旗舰店,2.1万+条评价
42,10020753267777,"京东国际	
VAIO SX12 10代酷睿 12.5英寸 899克 窄边框轻薄商务笔记本电脑（i5-10210U 8G 512G SSD FHD）樱花粉",9988.00,VAIO京东自营旗舰店,1000+条评价
43,65030845070,戴尔（DELL）旗舰店 灵越7490/7400 14英寸全面屏超轻薄设计师固态笔记本电脑 7400-1625 11代i5 16G MX350,7999.00,戴尔官方旗舰店,1800+条评价
44,100015781910,联想(Lenovo)v330 轻薄便携商务办公独显笔记本电脑设计学生女生娱乐商务本 4G内存+128G固态 v330 A4-9125 2G独显 14英寸,2799.00,联想斯泰授权专卖店,1000+条评价
45,43610134358,联想(Lenovo)威6 2020款14英寸十代酷睿i7轻薄窄边框超薄本学生商务办公手提笔记本电脑 定制i7-10510U 40G 512G固态+2T 2G独显 IPS全高清屏 相思灰,8099.00,联想扬天京东自营授权旗舰店,100+条评价
46,100016252744,微星(msi) 尊爵Prestige14 14英寸轻薄设计师笔记本电脑(11代i7-1185G7 32GB 1TB GTX1650MQ 4K 双雷电4 ),12999.00,微星游戏本京东自营官方旗舰店,1500+条评价
47,10020600839323,联想ThinkBook 锐龙版 7纳米新技术商务办公学生游戏娱乐ThinkPad新款轻薄笔记本电脑 14 04CD 锐龙R5-4600U 6核12线程 【标配】16G内存512G固态硬盘,4599.00,ThinkPad重庆授权专卖店,300+条评价
48,100014661282,创维 酷开 酷小白C1 曲面23.8英寸一体机电脑办公台式机 （九代G4930 8G 256GSSD 3年上门 无线键鼠）,2699.00,创维酷开电脑京东自营官方旗舰,100+条评价
49,12170265879,联想拯救者R7000P 15.6英寸144Hz游戏笔记本电脑锐龙R7-4800H八核 ｜16G｜1TB固态｜RTX2060-6G｜定制 钛晶灰,9299.00,联想西南授权专卖店,7万+条评价
50,69393866246,外星人ALIENWARE 全新m15 2020版R3 十代英特尔酷睿i7 高端电竞游戏本 15.6英寸144Hz高刷新GTX1660Ti 6G独显 轻薄高配笔记本电脑5726 白色 现货,13989.00,外星人京东自营旗舰店,3200+条评价
51,100005188209,联想(Lenovo)IdeaPad14s 2020款超轻薄网课办公笔记本电脑14英寸银色 标配i3-10110/8G/512G固态,3499.00,联想授权旗舰店,1.2万+条评价
52,71900917961,宁美AMD 锐龙R5 3600/1660S/华硕主板 游戏吃鸡组装电脑台式主机/DIY组装机 标准版【8G+180G】,3899.00,宁美官方旗舰店,200+条评价
53,45229081654,小米游戏本15.6英寸(i7-9750H 16G 1TB PCIE SSD GTX1660Ti 6G独显 72%NTSC 144Hz)灰色 游戏笔记本电脑,8199.00,小米京东自营旗舰店,"去看二手
							9.5万+条评价"
54,18565445810,联想小新Pro13 2020款锐龙R7轻薄笔记本电脑2.5K高色域R5全面屏超极本女生办公笔记本电脑 6核R5-4600U 16G 512G固态|标配 全金属机身 支持人脸识别,5699.00,联想育新授权专卖店,2.6万+条评价
55,65698197477,2020款华为（HUAWEI）MateBook 14 全面屏轻薄商务办公固态笔记本手提电脑 深空灰 i5 10210U 16G 512G触摸屏,6688.00,华为兰焜专卖店,1400+条评价
56,100006687845,戴尔（DELL）灵越5000 5593/5493 成就3401超极本学生办公女生轻薄本手提笔记本电脑 14英寸|银色|十代i3-1005G1|UHD 4G内存 128GPcie固态硬盘 定制版,2799.00,戴尔华宏创天专卖店,1.1万+条评价
57,25548534477,联想小新Air14 2021款全面屏轻薄笔记本电脑proffice大学生游戏商务办公设计超极本 十一代i5-1135G7 8G 512G固态升级 MX450窄边框全面屏背光键盘指纹解锁,5449.00,联想有点授权专卖店,1万+条评价
