﻿,goods_id,goods_name,goods_price,goods_store,goods_commit
0,11491635465,联想（Lenovo）IdeaPad14s 增强版2020酷睿i3轻薄本商务办公学生手提超薄笔记本电脑 新锐性能十代酷睿I3-1005G1 20GB内存 512GB固态丨定制含包鼠套装,4189.00,联想华北授权专卖店,1.1万+条评价
1,31257774408,武极 AMD三代锐龙R7 3700X/蓝宝石RX 5700XT/水冷游戏台式吃鸡电脑主机DIY组装机,6988.00,武极电脑DIY旗舰店,1100+条评价
2,67492714162,苹果（Apple）MacBook12英寸笔记本电脑 深空灰 Intel m3 处理器/256GB,6999.00,星云平板电脑专营店,500+条评价
3,65513104909,天虹 迷你电脑微型小主机i5i7八代8750H家用办公主机游戏DIY台式mini电脑PC 【套餐四】i5-8300H/DDR4 8G/256,2299.00,天虹电脑官方旗舰店,200+条评价
4,31766040780,华为笔记本 MateBook 14 2020款 14英寸超薄本商务办公手提电脑轻薄本超极本 银｜触屏i7-10510U/16G/512G/独显 标配,8199.00,华为肆玖专卖店,2600+条评价
5,65425073561,武极 i9 10900K/RTX3090-24G/水冷游戏电竞直播台式吃鸡电脑主机DIY组装机,21289.00,武极电脑DIY旗舰店,100+条评价
6,44935042839,华硕（ASUS）顽石6代14/15.6英寸轻薄便携商务办公笔记本电脑学生游戏本VivoBook15s 【14英寸】银i5-1035G1丨MX330 配置四 12G/512G固态+1TB机械,4799.00,华硕金硕专卖店,8400+条评价
7,100003499763,笔记本电脑轻薄超级本 学生网上课堂电脑 远程办公本 得峰电脑 银灰色-超窄边框Intel-J3455/8G内存 128G高速固态硬盘+高档蓝牙鼠标套餐,1739.00,得峰旗舰店,6.3万+条评价
8,63056507861,联想（Lenovo）V14 2020新款 十代酷睿i3独显超轻薄笔记本电脑设计商务办公学生游戏超极本 i3-1005G1 8G内存 512G固态 MX330 2G独显 全高清屏 星空灰 精装升级,3599.00,联想佳运汇通专卖店,2万+条评价
9,18129650776,京天（KOTIN）Design 504 i5 10400F/Quadro P400/16G DDR4/128G+1T台式电脑主机设计渲染图形工作站UPC,3999.00,京天（KOTIN）电脑京东自营旗舰店,9500+条评价
10,59544062328,鑫锐 酷睿i5 9400F/32G内存 GTX1060升1070 8G战区吃鸡LOL游戏组装电脑主机 配置四:i5 9400/GTX1070/32G,4599.00,鑫锐电脑旗舰店,1400+条评价
11,56685003671,戴尔（DELL）燃5000灵越5493/5593  十代酷睿轻薄学生游戏本手提笔记本电脑皓月银 14英寸 5493 i3-1005G1 核显 8GB内存 256GB固态 定制,3079.00,戴尔宇熙世纪专卖店,1.2万+条评价
12,100007458969,华为笔记本MateBook 13 2020款锐龙超薄本全面屏轻薄本超极本商务办公学生手提笔记本电脑 灰｜十代i5 16G+512G 独显 触屏版【预售 MateBook13 标配,6499.00,华为兴汇聚专卖店,1万+条评价
13,25567275878,2020新款华为笔记本MateBook 13轻薄本超极本2K触控全面屏商务办公学生手提超薄笔记本电脑 银|十代i5 16G+512G 独显 触控屏,6199.00,华为康特专卖店,6700+条评价
14,65425073567,戴尔(DELL)成就3881 酷睿十代i3/i5家用办公台式机商务炒股游戏电脑迷你主机全套win10 主机+23.8英寸显示器 新品G6400 8G 1T 256G固态 定制,3549.00,戴尔华行台式机专卖店,2600+条评价
15,100015659742,微星(msi)创造者 Creator 17 17.3英寸轻薄笔记本电脑(十代i7-10875H 32G 1TB RTX2070Super MQ 4K Mini LED),23999.00,微星游戏本京东自营官方旗舰店,1500+条评价
16,31046822050,武极 AMD 锐龙APU R3 3200G/8G DDR4/家用办公娱乐游戏台式电脑DIY组装主机,1599.00,武极电脑DIY旗舰店,2100+条评价
17,40259992054,华硕（ASUS）顽石6代14/15.6英寸轻薄便携商务办公笔记本电脑学生游戏本VivoBook15s 【14英寸】灰i5-8265U/MX110 配置四 12G/512G固态+1TB机械,4299.00,华硕金硕专卖店,8400+条评价
18,59849797812,联想 ThinkPad R490(I5-8265U/8G/512G/2G)HD屏【定制可改win7】,4999.00,,50+条评价
19,100009996762,DELL戴尔7070mff 微型台式电脑迷你小主机酷睿I5I7游戏商用台式机办公MINI客厅HTPC 单主机/含键盘鼠标 i5-9500T/16G/256G+1T/定制版,4199.00,戴尔商用千臣专卖店,5600+条评价
20,42216670806,联想ThinkPad E480 14英寸窄边框商务办公手提笔记本电脑超轻薄本 酷睿八代 【i5】16G 512G固态@4LCD定制,4399.00,ThinkPad华东授权专卖店,1.4万+条评价
21,100015646078,戴尔（DELL）灵越5000 5493/5593 14/15.6英寸十代学生商务办公笔记本电脑 5593:i5-1035G1 MX230 2G独显 8G内存512G固态 定制,4479.00,戴尔卓越专卖店,3600+条评价
22,10021469809879,微软 Surface Laptop 3 轻薄本 砂岩金 13.5英寸 | i7 16G+512G G7显卡 | 2.2K触屏 高色域 3:2生产力 | 金属掌托 | CNC铣削一体成型,15988.00,微软京东自营官方旗舰店,1.4万+条评价
23,66412588723,"拍拍	
【二手99新】酷睿i5/i7八核独显GTX1060网吧直播吃鸡LOL游戏组装机台式办公电脑DIY主机 套餐一 主机+24寸曲面屏【办公游戏兼顾】",1899.00,极客盟二手电脑专营店,2.4万+条评价
24,16883367611,华硕(ASUS) 猎鹰V4 23.8英寸一体机台式电脑(十一代i5-1135G7 8G 512G固态 WIFI蓝牙 全高清 上门售后)白,5499.00,华硕京东自营官方旗舰店,7700+条评价
25,12322849518,联想（Lenovo）V14 2020新款 14英寸十代酷睿超轻薄笔记本电脑设计商务办公学生游戏本 i3-1005G1 8G内存 512G高速固态 MX330 2G独显 全高清屏 精装升级,3499.00,联想扬天华东授权专卖店,600+条评价
26,51529145722,联想拯救者R7000P 2020电竞游戏笔记本电脑 RTX2060独显6G 锐龙R7-4800H八核 64G内存 1TB固态 钛晶灰 定制 144Hz高色域专业电竞屏,11288.00,联想华东授权专卖店,4.5万+条评价
27,72493521499,亚当贝尔24-27英寸曲面超薄一体机电脑 酷睿i5/i7独显游戏组装吃鸡办公家用台式电脑主机整套 24英寸/酷睿i7/4G独显/480G固态,2999.00,亚当贝尔电脑旗舰店,1.9万+条评价
28,100013209554,联想擎天T510酷睿十代i5-10400F 六核个人家用商用办公设计师制图台式机电脑整机 酷睿十代i5-10400F 8G 1T  2G独显 三年上门 Win10 Office 单主机无显示器,3699.00,联想昂德台式机授权专卖店,200+条评价
29,27116355740,长城(GreatWall)A2203酷睿四核商务办公一体机电脑整机 21.5英寸 i3-8100 8G 256G,2899.00,长城电脑自营旗舰店,2300+条评价
30,31595170145,笔记本电脑 女超薄本办公本 得峰 网课笔记本电脑 银色Intel-J4105-12G内存 SSD500G高速固态+高档双肩背包套餐,2159.00,得峰旗舰店,3100+条评价
31,69727393227,外星人ALIENWARE 全新m17 2020版R3 十代英特尔酷睿i7 高端电竞游戏本 17.3英寸144Hz高刷新GTX1660Ti  独显 物理防蓝光 轻薄高配笔记本电脑5725 白色 现货,14989.00,外星人京东自营旗舰店,3000+条评价
32,69247888618,华为MateBook X Pro 2020款 13.9英寸轻薄本笔记本电脑触控屏手提超薄超极本 皓月银｜i7十代/16G/512G 独显【现货】 官方标配,9999.00,华为千百回专卖店,6400+条评价
33,37350488846,戴睿2020指纹解锁超轻薄笔记本电脑15.6英寸窄边框全新四核便携手提学生商务办公游戏上网本背光键盘 炫酷银 【套6】背光键盘+指纹解锁 16G+256G,2558.00,戴睿旗舰店,2.1万+条评价
34,27379436054,新品华硕(ASUS) VivoBook15s 15.6英寸轻薄笔记本电脑 酷睿十代 商务办公学习电脑 15.6银 十代i7-1065G7 MX330 16G 512G 定制,6099.00,华硕汉腾专卖店,1100+条评价
35,59069110440,雷神（ThundeRobot）911黑武士Ⅱ 十代酷睿水冷吃鸡游戏台式电脑主机高端设计制图编程台式机 水冷十代i5-10400/GTX1660S-6G 16GB内存 256GB NVMe+1TB机械,6099.00,雷神汇智云端专卖店,2200+条评价
36,27107972438,戴尔台式机（DELL） OptiPlex7070MT 酷睿八核九代i7 家用商用塔式机箱办公台式电脑 配23英寸S2319H窄边框内置音响屏 定制I7-9700/16G/1T+512固态/集显,6699.00,戴尔商用祥云专卖店,900+条评价
37,1381525112,AOC 一体机电脑支持壁挂台式办公家用整机733/732系列 四核J1900+8G内存+128G固态硬盘 21.5英寸,1849.00,AOC电脑桔子专卖店,1.2万+条评价
38,10021716587193,戴尔（DELL）2020款 灵越G3 3500 15.6英寸高性能游戏本电竞设计师笔记本电脑 i7-10750H GTX1650Ti 4G独显 16G/512G 固态 定制,6999.00,戴尔卓越专卖店,2200+条评价
39,67387925202,联想ThinkPad P15V 十代i5/i7标压高性能编程设计游戏本笔记本电脑移动图形工作站定制为 16G内存 1T高速固态  i7-10750H 4G专业显卡 高清屏丨04CD,8988.00,ThinkPad华北授权专卖店,2300+条评价
40,30791623325,武极 AMD 锐龙R5 2600/RX590-8G独显吃鸡游戏台式电脑主机/DIY组装机,3288.00,武极电脑DIY旗舰店,1400+条评价
41,36528671371,惠普（HP）星14青春版 14英寸轻薄便携 超轻薄金属商务办公学生游戏手提笔记本电脑 星14青春版【星空银-锐龙版R5】 升级版二16G/PCI-E 512G 【推荐】,4448.00,惠普赞晓专卖店,1.3万+条评价
42,58246642944,华为荣耀笔记本电脑MagicBook 14/15英寸超薄本轻薄本学生商务办公手提笔记本电脑 Pro R7-3750H 8G 512G,4599.00,金博盛笔记本专营店,3.5万+条评价
43,21235096380,【全新8核可选】雷神911M野王十代酷睿i7-10750轻薄游戏本GTX1650/Ti独显笔记本电脑 i7-10750/GTX1650Ti/16/512,7099.00,Thunderobot雷神旗舰店,3600+条评价
44,100009645486,联想(Lenovo)小新Pro13 2020锐龙版全面屏性能超轻薄笔记本电脑 8核16线程R7-4800U 16G 512G 2.5K屏 100%sRGB高色域)灰,5799.00,联想有点授权专卖店,1.6万+条评价
45,43920383923,AOC六核一体机电脑9代I5/酷睿I3I7高配游戏家用办公台式一体式整机 23.8英寸 I3-9100 16G 512G,3699.00,AOC云信一体机专卖店,2.8万+条评价
46,10021030124821,戴尔（DELL）灵越5000 5493/5593十代酷睿i5/i7女学生游戏商务办公轻薄笔记本电脑 全新上市 | 十代酷睿【i7/MX230】14寸银 【轻奢版】16/1T+512G PCIE,6188.00,戴尔佳富惠呈专卖店,7300+条评价
47,14861300229,联想小新Air14 2020新款锐龙 超轻薄笔记本电脑游戏办公设计手提学生本 标配四核 R3-4300U 8G 256G固态 IPS全高清屏 精装升级 多档模式调节 深灰色,4099.00,联想德信专卖店,1万+条评价
48,61216278164,Apple苹果 新款MacBook Pro13.3英寸超薄笔记本电脑支持Air drop 20款 标配 512G 灰色,10288.00,APPLE翔合专卖店,7600+条评价
49,100006633046,戴尔DELL XPS13-7390 13.4英寸超轻薄触控翻转2合1轻奢笔记本电脑( i7-1065G7 16G 512G 高色域)白,14999.00,戴尔京东自营官方旗舰店,1.1万+条评价
50,10023805584445,机械革命S2/S2 air锐龙新品14英寸i5/i7轻薄本学生游戏商务办公手提便携笔记本电脑 S2/十代i7-10510U/MX350-2G独显 店长推荐：8G内存/512G 固态硬盘,4899.00,机械革命授权专卖店,4900+条评价
51,4560053,联想小新air14 2020英特尔十代新品 14英寸超轻薄酷睿i5笔记本电脑办公设计学生超级本 i5-1035G1 8G内存 512G | 定制 满血MX350 2G独显 IPS全高清屏,5599.00,联想德信专卖店,1.1万+条评价
52,10020606328766,戴尔笔记本电脑灵越5000 5493成就5402 14英寸超极本学生办公女生轻薄本手提商务本游戏本 十代i7/16G/512G+1T 2G独显 定制 （Intel）英特尔处理器,5799.00,戴尔华宏创天专卖店,700+条评价
53,63853361233,星惠佳四核/i5/i7/GTX1650-4G独显游戏办公吃鸡台式电脑主机/DIY组装电脑整机 主机+24英寸曲面显示器套装 配置四:升i7级六核/4G独显/16G 吃鸡,2299.00,星惠佳电脑旗舰店,1.9万+条评价
