﻿,goods_id,goods_name,goods_price,goods_store,goods_commit
0,65680912441,联想(Lenovo)小新Air14 2021款14英寸11代酷睿全面屏金属超薄本轻薄手提笔记本电脑 10代 i5-1035G1 16G 512G｜标配 附带office,5799.00,联想众信授权专卖店,2800+条评价
1,51464058139,戴尔（DELL） OptiPlex7070MT商用办公绘图设计3D渲染建模主机酷睿游戏台式机电脑 【顶配版】九代I7 32G 2T+256G固态 GTX1660 6G独显【专业渲染】,8099.00,戴尔商用瑞华专卖店,6500+条评价
2,100014072620,"京品电脑	
联想(Lenovo)天逸510S 英特尔酷睿十代i3 台式机电脑整机(i3-10100  8G 1T wifi win10 三年上门)27英寸",3399.00,联想京东自营旗舰店,3.1万+条评价
3,100007327113,联想(Lenovo)天逸510S 个人商务台式机电脑整机(RYZEN锐龙5-3500U 8G 1TB HDD WiFi Win10 ) 单主机,2399.00,联想京东自营旗舰店,3400+条评价
4,69346523558,联想(lenovo)M5900d丨E76A丨M2300商用办公台式电脑整机带串口并口支持win7系统 定制丨英特尔J3060 8G 256G固态 W7 主机+21.5英寸显示器,2699.00,联想扬天华东授权专卖店,600+条评价
5,65624318228,华为荣耀MagicBook 14笔记本电脑 预装WIN10系统14英寸轻薄商务办公学习超极本 2020款SE R5/16+512G 银色/现货 官方标配含赠品大礼包,4399.00,华为比特专卖店,3600+条评价
6,10022087592337,戴尔（DELL）Optiplex 7080MT 高性能台式机电脑主机 商用绘图设计渲染建模游戏台式机 标配 i9-10900/32G/512G固态+2T RTX 2070 Super 8G独显,14999.00,戴尔商用京东自营官方旗舰店,10+条评价
7,100008576545,机械革命（MECHREVO）MR EX880-S 游戏商用台式电脑主机（i7-10700 16G 256G PCIE+1T GTX1660S 6G  WIFI）,6199.00,机械革命京东自营官方旗舰店,2500+条评价
8,24209240789,华为荣耀笔记本电脑MagicBook 14/15英寸超薄本轻薄本学生商务办公手提笔记本电脑 20款Pro SE R5-3550H 16 512,4588.00,金博盛笔记本专营店,3.5万+条评价
9,65425073564,华硕（ASUS）顽石6代14/15.6英寸轻薄便携商务办公笔记本电脑学生游戏本VivoBook15s 【14英寸】银i5-1035G1丨MX330 配置三 8G/256G固态+1TB机械,4499.00,华硕金硕专卖店,8400+条评价
10,15437775299,酷耶 intel台式机电脑主机4K高清吃鸡电竞游戏多开3D渲染组装全套 主机+24英寸曲屏显示器 套餐三(RX560 4G电竞独显）,2698.00,酷耶电脑旗舰店,8700+条评价
11,100007456857,2020新款联想笔记本电脑IdeaPad15s 十代酷睿i3小清新大学生超轻薄14商务办公大屏本 I3-10110U 12G内存 512G固态 15.6英寸高清屏 精装升级 银色,3799.00,联想德信专卖店,1.1万+条评价
12,100003520785,外星人(Alienware)R11 水冷电竞游戏台式电脑主机(i7-10700K 16G 512G 1T RTX2060SUPER 8G)黑,17979.00,外星人京东自营旗舰店,1100+条评价
13,12340917878,Apple 2019新品 MacBook Pro 13.3【带触控栏】八代i5 8G 512G 深空灰 笔记本电脑 轻薄本 MV972CH/A,13199.00,Apple产品京东自营旗舰店,"去看二手
							10万+条评价"
14,10020607614230,威龙远航 酷睿i5/16G大内存/泰坦6G独显 吃鸡游戏电竞台式组装电脑主机DIY组装机 酷睿i5+16G+GTX1050Ti,2499.00,威龙远航DIY电脑旗舰店,4.1万+条评价
15,71592489338,【全新英特尔十代】海鲅笔记本电脑轻薄本超级本手提电脑商务办公学生上网课小新游戏本 十代J4105 16G内存 512G固态,2999.00,海鲅官方旗舰店,600+条评价
16,18172680123,2020新款华为MateBook D14/15轻薄本全面屏商务办公学生设计手提超薄笔记本电脑 D14银六核R5 16G 512G 标配 原装包鼠,4988.00,华为康特专卖店,4700+条评价
17,10021232210112,戴尔（DELL）燃5000灵越5493/5593  十代酷睿轻薄学生游戏本手提笔记本电脑皓月银 15.6英寸5593 i3十代酷睿 核显 8GB内存 512GB固态 定制,3189.00,戴尔宇熙世纪专卖店,1.2万+条评价
18,48310785152,华为荣耀笔记本电脑MagicBook 14 笔记本电脑全面屏14英寸超轻薄便携学生商务办公超极本 14款R5-3500U/8GB/512G 定制预订 冰河银 win10系统,4388.00,洁创数码专营店,2400+条评价
19,45645077554,联想(Lenovo)小新Air14 2020锐龙版轻薄本 全面屏办公笔记本电脑 典型值标配丨新锐龙R3-4300U 8G 256G 14英寸  W10 深空灰,4299.00,联想电脑授权专卖店,1.2万+条评价
20,100004350723,"【十代新品】AOC 荣光815系列台式电脑 商用办公绘图设计台式机电脑整机 主机+AOC 23.8""显示器 十代六核I5-10400/8G/512G固态",3599.00,AOC电脑龙辰专卖店,4600+条评价
21,10973872772,联想拯救者R7000 15.6英寸全面屏高性能吃鸡固态游戏本设计师办公轻薄笔记本电脑 旗舰丨R5-4600H 8G内存 512G固态 电竞显卡 背光键盘,6599.00,联想卓电授权专卖店,8100+条评价
22,69499918993,戴尔DELL灵越13 7000 13.3英寸英特尔酷睿i5轻薄笔记本电脑(i5-10210U 8G 1TBSSD MX250 2G 72% 2年全智),5899.00,戴尔京东自营官方旗舰店,"去看二手
							3.1万+条评价"
23,100007206699,联想ThinkPad E490 酷睿i5 14英寸轻薄商务办公笔记本电脑 FHD i5-8265U 【独显】16G内存 512G固态@2DCD定制银,4599.00,ThinkPad华东授权专卖店,9800+条评价
24,10021978436806,15.6英寸 酷睿i5 轻薄笔记本电脑 超薄本 超极本 上网本 游戏本 商务手提办公学生电脑笔记本 银灰色  套餐七{ i 5+16G+512G固态},3156.00,格莱富电脑旗舰店,800+条评价
25,70891911013,外星人ALIENWARE 全新m17 2020版R3 十代英特尔酷睿i7 高端电竞游戏本 17.3英寸300Hz高刷新RTX2070 独显 轻薄高配笔记本电脑5746 白色 现货,20989.00,外星人京东自营旗舰店,3000+条评价
26,69359116656,戴尔(DELL)灵越5401/5402 Urban14英寸新品酷睿高清全面屏固态影音轻薄笔记本电脑 5402-1608银 11代i5 16G 锐炬显卡 标配,4999.00,戴尔官方旗舰店,1800+条评价
27,28712276704,神舟（HASEE）超级战神ZX6/TX6/ZX7/TX7系列 英特尔处理器 GTX显卡游戏笔记本电脑 ZX6TI-CU5DA丨十代i5+1650Ti,6099.00,神舟电脑旗舰店,1.2万+条评价
28,100013209808,【支持Win7系统】联想台式机电脑启天M428 M425升级款商用办公电脑主机整机 单主机（无显示器） 升级i5-9500 8G 1T+256G 2G独显,4699.00,联想朗通金牌专营店,0条评价
29,100009063337,联想(Lenovo)旗舰店小新Air 14英寸 全新11代轻薄独显便携笔记本电脑 标配i5-1135G71/8G/256G 固态   MX350 2G 轻奢灰,5199.00,联想授权旗舰店,2.1万+条评价
30,48481941273,雷蛇(Razer)灵刃15标准版 2020款 15.6英寸轻薄窄边框游戏笔记本电脑（i7-10750H 16G 256G GTX1660Ti 100%sRGB 144Hz 雷电3 m2可加装）,8999.00,雷蛇电脑京东自营旗舰店,3100+条评价
31,100009996740,【教育优惠】Apple 2020新款 MacBook Pro 13.3【带触控栏】八代i5 8G 256G 1.4GHz 深空灰 轻薄本 MXK32CH/A,9199.00,Apple产品京东自营旗舰店,200+条评价
32,10022106902275,华硕（ASUS）2020年新品锐龙笔记本电脑轻薄商务办公学生游戏本16G内存 512G高速固态 14英寸幻夜黑 锐龙4700U,4689.00,茂双笔记本旗舰店,4.1万+条评价
33,100015624394,微软 Surface Laptop 3 轻薄本 砂岩金 13.5英寸 | i7 16G+256G G7显卡 | 2.2K触屏 高色域 3:2生产力 | 金属掌托 | CNC铣削一体成型,11988.00,微软京东自营官方旗舰店,"去看二手
							1.4万+条评价"
34,100008280007,2020新款 酷睿i7轻薄本 锐龙R5R7游戏本可选15.6英寸笔记本电脑 商务办公超薄本 昂福镭仕 吃鸡/LOL: 锐龙R7 20G内存+1000G,4488.00,昂福镭仕电脑专营店,2000+条评价
35,10021370812614,VAIO FH14 侍14 11代酷睿 14英寸 1.4Kg 4G独显 高性能轻薄笔记本电脑(i5 16G 512G SSD GTX1650 FHD)铂金银,6499.00,VAIO京东自营旗舰店,600+条评价
36,17355053603,联想(Lenovo)威6 Pro 13.3英寸超薄本酷睿i5四核轻薄学生超极本商务办公手提笔记本电脑 标配 i5-8265U 8G 512G固态 2G独显 IPS全高清屏 星空灰,4669.00,联想扬天京东自营授权旗舰店,100+条评价
37,100003304142,Apple 2020新款 MacBook Pro 13.3【定制升级】八代i5 16G 256G 1.4GHz 银色 笔记本电脑 轻薄本 Z0Z4000EY,11499.00,Apple产品京东自营旗舰店,2.8万+条评价
38,21229515280,武极星冠 十代英特尔酷睿i5 10400游戏台式机电脑主机组装电脑 十代i5 RTX2060 16G 500GNVME,5499.00,武极电脑京东自营官方旗舰店,200+条评价
39,100007773443,宁美 i5 10400F/GTX1660 台式游戏组装电脑吃鸡电竞主机/DIY组装机 i5-9400F 高配版【10400F+1660S+16G】,4599.00,宁美官方旗舰店,1.1万+条评价
40,66370110213,"京品电脑	
荣耀平板5 8英寸全高清屏杜比全景声平板电脑 麒麟710芯片GT游戏加速 4G+64G WiFi版 苍穹灰",1299.00,荣耀京东自营旗舰店,32万+条评价
41,44637321872,机械师T58-V 全面屏游戏本十代i5-10200H/GTX1650Ti独显轻薄吃鸡游戏笔记本电脑 荣耀版8G/512G PCIE高速固态,5989.00,MACHENIKE机械师旗舰店,7200+条评价
42,100013843524,"京品电脑	
联想(Lenovo)天逸510S 英特尔酷睿十代i3 台式机电脑整机(i3-10100  8G 512G SSD wifi win10 )21.5英寸",3199.00,联想京东自营旗舰店,1万+条评价
43,100009070561,华硕（ASUS）顽石6代14/15.6英寸轻薄便携商务办公笔记本电脑学生游戏本VivoBook15s 【14英寸】灰i5-8265U/MX110 配置二 8G/512G固态,3799.00,华硕金硕专卖店,8400+条评价
44,100007940793,惠普（HP）星14 青春版 超薄14英寸窄边框 轻薄手提笔记本电脑商务游戏学生【新品】 星空银：R3-3250U【高清屏】 配置四   8G/PCI-E512G固态,3598.00,惠普赞晓专卖店,900+条评价
45,43786539980,华硕(ASUS)灵耀14 十代i5 13.5mm超轻薄14英寸商务办公手提笔记本电脑(i5-1035G1 16G 512G 高色域)松木青,6199.00,华硕京东自营官方旗舰店,1.1万+条评价
46,100007278651,微软Surface Laptop Go 触控轻薄本 亮铂金/银 | 12.4英寸 i5 8G+128G | 3:2 高色域 全面屏 指纹识别 全功能Type-C | 商务办公 网课学习,5488.00,微软京东自营官方旗舰店,1.4万+条评价
47,100011279576,宏碁(Acer)墨舞EX215 15.6英寸大屏办公学习笔记本(i7-1065G7 16G 512GSSD MX330独显 全高清 微边框 Win10),4999.00,宏碁商用京东自营旗舰店,300+条评价
48,100015491490,戴尔（DELL）灵越5000燃5493轻薄本14英寸办公学生手提商用笔记本电脑 i3-1005G1 8GB 512G固态高配定制 【十代酷睿】皓月银 高性能核显 高清屏,3459.00,戴尔速达专卖店,1.2万+条评价
49,11199566916,联想ThinkPad T14 酷睿版 英特尔酷睿i7 2020款(06CD) 14英寸轻薄笔记本电脑(i7-10510U 16G 2TSSD 2G独显 UHD 4K屏),15499.00,ThinkPad京东自营旗舰店,5400+条评价
50,58754086143,联想ThinkPad S2 2020（03CD）英特尔酷睿i5 13.3英寸轻薄笔记本电脑（i5-10210U 8G 512G傲腾增强型SSD）银,5299.00,ThinkPad京东自营旗舰店,1.7万+条评价
51,19644641476,宁美国度 卓 商用办公台式机电脑整机（十代i5 10400 8G 512G 送键鼠 三年上门）23.8英寸,3399.00,宁美国度一体机京东自营旗舰店,1500+条评价
52,71881220115,联想(Lenovo)威6 Pro 13.3英寸超薄本酷睿i5四核轻薄学生超极本商务办公手提笔记本电脑 定制 i5-8265U 16G 512G固态 2G独显 IPS全高清屏 星空灰,5069.00,联想扬天京东自营授权旗舰店,100+条评价
53,100007773461,狄派酷睿i5-9400F六核/游戏独显/吃鸡台式电脑主机/电竞高配组装电脑游戏整机全套 电脑主机+显示器 套餐二（四核+240G固态+游戏独显）,2699.00,狄派电脑旗舰店,3.3万+条评价
54,100016227740,华硕（ASUS）VivoBook15s轻薄笔记本电脑十代酷睿商务办公便携全面屏窄边框独显轻薄本 14英寸冰钻银i5-1035G1/MX330-2G 8G丨512G固态丨1T套餐四,4699.00,华硕智凝专卖店,2.3万+条评价
