﻿,goods_id,goods_name,goods_price,goods_store,goods_commit
0,10021297286694,【新品10代酷睿处理器】四核学生游戏笔记本电脑 高性能游戏本 快速者Z18商务办公便捷轻薄本 十代酷睿i5四核八线程 8G内存+128G固态,3188.00,快速者电脑旗舰店,800+条评价
1,69333321711,戴尔(DELL)新品游匣G5 15.6英寸酷睿十代标压固态电竞游戏笔记本电脑 2866八核i7 16G 512G 2060 6G 官方标配,8499.00,戴尔官方旗舰店,4800+条评价
2,100005976881,三星（SAMSUNG）13.3英寸Galaxy Book Flex 2020款QLED触屏超轻薄二合一笔记本电脑(十代i7/16G/1T SSD)蓝,12699.00,三星笔记本京东自营官方旗舰店,1800+条评价
3,64305047477,【2020款指纹解锁】15.6英寸轻薄IPS窄边框超薄手提金属笔记本电脑办公大学生女生游戏便携超级本 8代3867U 4G内存 128G固态 办公商务办公游戏娱乐轻薄本,1999.00,iru旗舰店,5800+条评价
4,71470830115,小米RedmiBook 16 增强版MX350独显高性能超轻薄笔记本电脑全面屏全金属红米办公学生游戏 【10纳米】i7-1065G7 16G 512固态 荣耀灰 100%sRGB广色域高清屏,5699.00,小米官方授权专卖店,3500+条评价
5,10022948478198,联想（Lenovo）YOGA 14c 2021款 14英寸 全面屏超轻薄笔记本电脑 i5-1135G7 16G 512G 翻转触控 高色域 深空灰,6346.00,联想京东自营官方旗舰店,30+条评价
6,100013178792,三星（SAMSUNG）13.3英寸Galaxy Book S 超轻薄笔记本电脑触控屏超静音长效续航(酷睿i5/8G/512GB)鎏粉金,8199.00,三星笔记本京东自营官方旗舰店,1600+条评价
7,53142139745,华为荣耀笔记本电脑MagicBook Pro 2020款 16.1英寸轻薄本超极本手提商务办公超薄本 银｜i5十代 16G 512G MX350独显,5999.00,千百回电脑专营店,2600+条评价
8,55727983328,联想ThinkPad T490s 14英寸商务轻薄便携手提笔记本电脑 英特尔酷睿 i5八代 8G 32G傲腾+512G 0SCD,7999.00,ThinkPad京东官方自营旗舰店,800+条评价
9,55786476682,华为笔记本电脑MateBook 14 2020款 轻薄本手提全面屏商务办公超极本 灰｜锐龙R5-4600H 16G 512G 触屏版 标配【预装Office】,5899.00,华为千百回专卖店,1.3万+条评价
10,4113294,海尔（Haier）云悦mini S-J9S 迷你主机台式电脑商用办公mini主机(四核J3160 8G 256G SSD WIFI 正版Win10),2099.00,海尔电脑京东自营旗舰店,1.2万+条评价
11,100014636520,中柏 Jumper 13.3英寸8G+128G金属超薄本笔记本电脑 EZbook x3 Air,1949.00,中柏平板京东自营旗舰店,3500+条评价
12,27689962580,神舟战神Z7M/Z8系列酷睿标压处理器GTX1650Ti RTX2060 独显电竞游戏笔记本手提电脑 Z7M-CU7升级版十代i7六核 16G 512G 官方标配/定制,6299.00,神舟天美专卖店,2.1万+条评价
13,24877362143,戴尔（DELL） 灵越5391 5300 5301 13.3英寸轻薄便携商务办公手提笔记本电脑学生本 【不凡银】 i3-10110U/8G/128G固态 定制,3599.00,戴尔卓越专卖店,2.1万+条评价
14,100016079894,攀升 商睿P23Pro 23.8英寸一体机电脑（十代i5-10400 16G 512G 旋转升降 摄像头 3年上门）办公商用台式主机,4299.00,攀升京东自营官方旗舰店,2万+条评价
15,59079277613,横远i5 10400/GTX1660S 6G/32G内存高配水冷台式吃鸡直播游戏组装电脑主机全套网吧 配置四,4199.00,横远DIY电脑旗舰店,3300+条评价
16,100009021925,惠普（HP）战99-E0 15.6英寸 工作站 设计本笔记本 10代标压英特尔酷睿i7/16G/512G SSD/4G独显/高色域/Win10,8299.00,惠普京东自营官方旗舰店,1.6万+条评价
17,100008090201,"京品电脑	
联想ThinkPad P15v 2020款(01CD)英特尔酷睿i5 15.6英寸设计师游戏图站笔记本i5-10300H 16G 512GSSD P620 4G",7999.00,ThinkPad京东自营旗舰店,4900+条评价
18,10023722012875,华硕（ASUS）灵耀Deluxe14s 十代英特尔酷睿i7 14.0英寸双屏轻薄笔记本电脑 尊爵蓝 i7-10510U 8G 512SSD 2G独显,6299.00,华硕电脑京东自营官方旗舰店,20+条评价
19,10022919596731,宁美国度 i5 10600KF/RTX3070 新品漫威联名游戏台式机组装电脑/DIY主机 标准版,7999.00,宁美官方旗舰店,100+条评价
20,51635965146,攀升 锐龙R5 3600六核/华硕B450/RTX2060 6G吃鸡游戏电竞台式电脑主机DIY组装机,5099.00,攀升DIY电脑旗舰店,900+条评价
21,21463870187,联想（Lenovo） 天逸510s 商用办公台式机电脑迷你主机 小机箱内置wifi 蓝牙 单主机（不带显示器） 【推荐】定制i3 8G 512G固态核显,2659.00,联想源睿台式机授权专卖店,2800+条评价
22,7602774,攀升 商睿P22 21.5英寸一体机电脑（英特尔4核J3160 8G内存 120GSSD WiFi 键鼠 3年上门）办公商用台式主机,1699.00,攀升京东自营官方旗舰店,2万+条评价
23,100013704762,机械师（MACHENIKE）创物者X 迷你设计游戏台式ITX电脑水冷主机（十代i9-10900 16G RTX 2070Super 512G+2T）,12799.00,机械师京东自营旗舰店,1.2万+条评价
24,100010752340,联想(Lenovo)小新Pro13s轻薄本 13.3英寸全面屏女生办公笔记本电脑(i5 16G 512G 2.5K 高色域 )冰瓷莹玉,6299.00,联想京东自营旗舰店,5.3万+条评价
25,100005784849,微软 Surface Laptop 3 轻薄本 亮铂金 13.5英寸 | i5 8G+256G G7显卡 | 2.2K触屏 高色域 3:2生产力 | Alcantara掌托 | CNC铣削一体成型,9728.00,微软京东自营官方旗舰店,"去看二手
							1.4万+条评价"
26,10022332910907,攀升战神二代 i9 10900F创意设计师视频剪辑影视后期设计师水冷游戏台式电脑主机整机 十代i9 10900F | RTX2060S,9999.00,攀升官方旗舰店,70+条评价
27,62552258591,"拍拍	
【二手99新】英特尔i7台式机升i9级电脑八核GTX1080水冷直播吃鸡游戏商务办公整机DIY组装 三：i9级V2/32G/GTX1060/30万分 送全新27寸曲面电竞屏",3167.00,顺电二手商品专营店,5400+条评价
28,100007081495,联想(Lenovo)异能者 台式游戏主机（AMD三代锐龙R5-3600 8G 512G SSD GTX1660Super),5299.00,联想京东自营旗舰店,1900+条评价
29,25560291125,联想拯救者Y7000P 2020款十代酷睿i7 144Hz专业电竞游戏笔记本电脑 RTX2060独显 八核i7-10875H 16G 512G 钛晶灰,9899.00,联想华东授权专卖店,2.4万+条评价
30,23250054500,联想小新15 2020锐龙高性能版15.6英寸全面屏轻薄笔记本电脑手提商务办公本游戏本带数字小键盘 6核R5-4600U 16G 512G固态 标配,5149.00,联想西南授权专卖店,1.3万+条评价
31,10023473913854,惠普HP星14青春版14英寸轻薄笔记本电脑 酷睿十一代i5-1135G7/16G/512G SSD /UMA集显,4299.00,惠普中国京东自营官方旗舰店,8条评价
32,10020550324880,联想威6 2021款十一代酷睿i5/i7 15.6英寸超薄本设计商务办公全面屏学生轻薄手提笔记本电脑 定制 i5-1135G7/16G/512G固态 MX450 2G独显 100%sRGB  皎洁银,6699.00,联想扬天京东自营授权旗舰店,1500+条评价
33,63137742195,外星人（ALIENWARE）全新Aurora R11 十代酷睿独显显卡吃鸡游戏台式电脑主机 现货 6734十代i7/256G+1T/2060S 官方标配,15999.00,外星人官方旗舰店,200+条评价
34,100016079786,戴尔（DELL）成就5880酷睿十代i5台式机电脑吃鸡游戏设计家用办公全套整机 定制i5-10400 主机+23.8英寸显示器 8G 1T+256G GTX750-4G独显,5149.00,戴尔华行台式机专卖店,1700+条评价
35,59565348727,宁美国度 魂 吃鸡游戏台式机电脑主机（i7 10700F/16G/RTX3070/512G）三年上门,8999.00,宁美国度一体机京东自营旗舰店,100+条评价
36,68931843998,酷耶 i7四核/GTX1080独显8G水冷吃鸡游戏台式机电脑主机组装整机 主机+24英寸曲面显示器 套餐二(16G/480G/GTX1080 8G),5698.00,酷耶电脑旗舰店,900+条评价
37,10020374831189,笔记本电脑轻薄超级本 学生网上课堂电脑 远程办公本 得峰电脑 背光全尺寸键盘Intel-J4105/8G内存 力荐SSD256G高速固态硬盘,1899.00,得峰旗舰店,6.7万+条评价
38,29708458235,联想ThinkPad E系列 锐龙版 R3 2020款 轻薄本 商务办公学生游戏笔记本电脑 AMD E15 R3-4300U 4核处理器@05CD 8G内存丨256G SSD固态硬盘 升级定制,3499.00,ThinkPad成都授权专卖店,600+条评价
39,10020860098525,惠普（HP） 暗影精灵5/6代plus电竞游戏本暗夜air笔记本电脑【RTX2060/70可选】新品 【电竞级热款】i7/GTX1650/144电竞屏 标配版：8G/512G PCIE 纯固态,7899.00,惠普授权旗舰店,1.9万+条评价
40,71624605449,戴尔（DELL）Optiplex 7070MT 商用绘图设计主机3D渲染建模游戏台式机电脑整机 标配i7-9700/4G/1T/2G独显 全国联保 三年上门,4699.00,戴尔商用京东自营官方旗舰店,700+条评价
41,41679410517,【新款上市】联想V14 2020款全新商务办公超极本14英寸轻薄便携手提学生本游戏娱乐商用笔记本电脑 标配丨R3-3250U 8G内存 256G固态,2966.00,联想扬天航电授权专卖店,1900+条评价
42,71354290731,华硕M5050 2020新品 15.6英寸轻薄笔记本电脑学生办公手提 冰晶银 锐龙3050 8G 512G固态 预装Office,3499.00,华硕恩荣专卖店,1100+条评价
43,100007958261,【新款上市】联想V14 2020款全新商务办公超极本14英寸轻薄便携手提学生本游戏娱乐商用笔记本电脑 定制丨R3-3250U 12G内存 512G固态,3366.00,联想扬天航电授权专卖店,1900+条评价
44,34664250889,联想小新AIR15 2021新款锐龙版 15.6英寸窄边大屏高性能轻薄商务办公游戏学生笔记本电脑 标配：R5-4600U 16G 512G固态 IPS全高清屏 精装升级,5069.00,联想华南授权专卖店,5600+条评价
45,100013296920,联想IdeaPad14s 2020款笔记本电脑超薄本14英寸十代i3轻薄女生学生商务办公游戏超级本 定制｜I3-1005G1 12G内存 512G固态 荣耀银,3689.00,联想率秀图新授权专卖店,4700+条评价
46,71354290728,ROG玩家国度光刃G35CZ水冷电竞游戏台式电脑主机( 英特尔酷睿i7-10700KF 16G 1T SSD+1T RTX2070S 8G独显),14969.00,玩家国度ROG京东自营官方旗舰店,3600+条评价
47,58951622989,华硕（ASUS）一体机猎鹰V4 21.5英寸家用办公整机窄边框公司商务会议台式机电脑 学习推荐｜3867U/4G/128G固态,2799.00,华硕恩荣专卖店,2400+条评价
48,55779139150,联想(Lenovo)拯救者Y9000K 15.6英寸游戏笔记本电脑(i7-10875H 32G 1T RTX2080super MQ 144Hz100%Adobe RGB),17499.00,联想京东自营旗舰店,26万+条评价
49,100011224780,联想IdeaPad14s 2020款笔记本电脑超薄本14英寸十代i3轻薄女生学生商务办公游戏超级本 定制｜I3-10110U 8G内存 256G固态 荣耀银,3299.00,联想率秀图新授权专卖店,4700+条评价
50,10021730707123,华为笔记本MateBook D 14/15.6屏幕英寸可选 预装WIN10 超薄本商务办公学生超极本 D14/十代i5/16G/512G/银色 官方标配含赠品礼包,5488.00,华为比特专卖店,3700+条评价
51,17878441894,【自营同款】联想ThinkPad X13 13.3英寸 高性能商务办公轻薄手提笔记本电脑 0ACD@锐龙7 16G内存 512G固态 【官方标配】FHD高清屏 Win10系统,5899.00,ThinkPad北京授权专卖店,1600+条评价
52,19589684473,联想扬天V系列 2020款14英寸酷睿i5四核高端性能学生超薄本家用轻薄游戏商务办公手提笔记本电脑 定制i5-1035G1/16G/512G+1T 2G独显 IPS全高清屏 星空灰,6069.00,联想扬天京东自营授权旗舰店,2100+条评价
53,65533471740,华为笔记本电脑MateBook 14 2020款 轻薄本手提全面屏商务办公超极本 灰｜锐龙R5-4600H 16G 512G 非触屏 标配【预装Office】,5699.00,华为千百回专卖店,1.3万+条评价
54,64823584065,onebot D24 23.8英寸商企办公家用学习一体机台式电脑(八代四核J4105 8G 240GSSD 三年质保 键鼠WiFi蓝牙)白,1799.00,onebot电脑京东自营官方旗舰店,5700+条评价
