﻿,goods_id,goods_name,goods_price,goods_store,goods_commit
0,100007329765,惠普(HP)暗影精灵6 英特尔酷睿i7游戏台式电脑主机(十代i7-10700F 16G 256GBSSD+1TB GTX1660Ti 6G独显),6799.00,惠普京东自营官方旗舰店,5.8万+条评价
1,100007250507,联想(Lenovo)小新Pro13 2020锐龙版轻薄本 全面屏办公笔记本电脑(8核R7-4800U 16G 512G 高色域)深空灰,5599.00,联想京东自营旗舰店,20万+条评价
2,100013262922,中柏（Jumper）14英寸6G+64G轻薄笔记本电脑EZbook S5 664,979.00,中柏平板京东自营旗舰店,3500+条评价
3,100007062947,戴尔(DELL)成就5880英特尔酷睿i5商用办公台式机电脑整机(i5-10400F 8G 256G 1T 2G独显 三年上门)23.8英寸,4699.00,戴尔京东自营官方旗舰店,2.3万+条评价
4,100007655407,联想(Lenovo)天逸510Pro英特尔酷睿i7 台式机电脑整机(十代i7-10700 16G 2TB+256G SSD 2G独显)23英寸,6899.00,联想京东自营旗舰店,10万+条评价
5,20389465194,狄派酷睿i5-9400F六核/游戏独显/吃鸡台式电脑主机/电竞高配组装电脑游戏整机全套 电脑主机+显示器 套餐六【推荐】(九代i5+GTX1650 4G),4059.00,狄派电脑旗舰店,3.3万+条评价
6,1505283937,武极 十代i7 10700K/RTX 3070 8G/500G游戏台式吃鸡电脑主机DIY组装机,9188.00,武极电脑DIY旗舰店,1.5万+条评价
7,100014417246,联想(Lenovo)扬天M4000q英特尔酷睿i5 商用办公台式电脑整机(i5-10400 8G 1T 键鼠 串口 4年上门)23英寸,3999.00,联想扬天京东自营旗舰店,4400+条评价
8,100012816162,"京品电脑	
雷神(ThundeRobot)911黑武士三代 水冷游戏台式电脑主机(十代i7-10700 16G GTX1660Super 256+1T三年上门)",6299.00,雷神京东自营官方旗舰店,2.1万+条评价
9,100012920618,"京品电脑	
戴尔(DELL)成就3681商用办公高性能台式机电脑整机(十代i5-10400 8G 512GSSD 三年上门售后)23.8英寸",4299.00,戴尔京东自营官方旗舰店,15万+条评价
10,68703765708,英特尔酷睿i5/i7/八核/8G独显台式机电脑主机整机全套组装家用游戏电竞 主机+24英寸曲面显示器 配置三：i7升八核/1650独显/256+1T硬盘,3299.00,世纪之星电脑整机旗舰店,1.5万+条评价
11,100013099254,戴尔DELL成就5880英特尔酷睿i5商用办公台式机电脑整机(十代i5 16G 256GSSD 1T 2G独显 三年上门)23.8英寸,5299.00,戴尔京东自营官方旗舰店,2.3万+条评价
12,59565348724,酷耶 i7四核/GTX1080独显8G水冷吃鸡游戏台式机电脑主机组装整机 电脑主机 套餐一（16G/240G/GTX1070 8G),4099.00,酷耶电脑旗舰店,900+条评价
13,43432351135,阿玛塔 i7/GTX1060/32G游戏吃鸡组装电脑主机 台式组装机DIY 配置一(i7/16G/240)GTX1060 3G,3398.00,阿玛塔电脑旗舰店,2.1万+条评价
14,100009083138,联想(Lenovo)  Y9000X 英特尔酷睿i7 15.6英寸游戏笔记本电脑(i7-9750H 16G 1T 4K UHD)深空灰,10999.00,联想京东自营旗舰店,4.7万+条评价
15,100013273460,攀升 商睿2代 办公商用台式机电脑主机（十代i3-10100 8G 256GSSD 商务键鼠 3年上门）,2099.00,攀升京东自营官方旗舰店,4.6万+条评价
16,100014463742,宏碁(Acer)商祺SQX4270 540N 商用办公台式电脑整机 家用电脑（十代i3-10100 8G 1T wifi 三年上门）21.5英寸,2699.00,宏碁京东自营旗舰店,2.8万+条评价
17,5386278,攀升 P18 i5 10400F六核/升华硕GTX1650/华硕B460M/256G M.2/8G吃鸡游戏台式组装电脑主机/京东DIY游戏UPC,3699.00,IPASON攀升电脑京东自营旗舰店,5.2万+条评价
18,100013312560,惠普(HP)暗影精灵6 英特尔酷睿i7游戏台式电脑主机(十代i7 16G 256GB SSD+1TB RTX 2060S 8G独显),8299.00,惠普京东自营官方旗舰店,5.8万+条评价
19,68703765701,联想(Lenovo)小新15 2020八核锐龙版 15.6英寸大屏高性能轻薄手提笔记本电脑办公游戏本 高色域丨旗舰R7-4800U 16G 512G固态 IPS全高清屏 W10 浩瀚银,5699.00,联想电脑授权专卖店,4.9万+条评价
20,100012920622,英特尔酷睿i5/i7/八核/8G独显台式机电脑主机整机全套组装家用游戏电竞 单主机 配置一：i5升860k+游戏独显+8G+256G,1080.00,世纪之星电脑整机旗舰店,1.5万+条评价
21,71403507059,戴尔DELL成就5880英特尔酷睿i7商用办公台式机电脑整机(十代i7-10700 16G 256G 2T 2G独显 三年上门)23.8英寸,6999.00,戴尔京东自营官方旗舰店,2.3万+条评价
22,100006589419,狄派 英特尔酷睿十代i5/i7-10700八核台式电脑主机整机全套6G独显办公游戏电竞组装电脑 主机+24英寸曲面显示器 配置一:(i5-9400F+1050独显 三年保),3399.00,狄派电脑旗舰店,3900+条评价
23,4820515,Apple 2020新款 MacBook Air 13.3 Retina屏 十代i3 8G 256G SSD 银色 笔记本电脑 轻薄本 MWTK2CH/A,7599.00,Apple产品京东自营旗舰店,"去看二手
							3.8万+条评价"
24,100015752132,攀升 P21 升i5 10400F六核/GTX1660S/华硕B460M/256G M.2/高频8G吃鸡游戏电脑DIY组装台式主机京东UPC,4499.00,IPASON攀升电脑京东自营旗舰店,5.2万+条评价
25,68703765711,华硕Redolbook14 锐龙版 7nm六核高性能轻薄本 网课学生办公笔记本电脑(R5-4500U 16G 512G PCIe固态)高闪银,4199.00,华硕京东自营官方旗舰店,7900+条评价
26,100005182618,英特尔酷睿i5/i7/八核/8G独显台式机电脑主机整机全套组装家用游戏电竞 主机+27英寸曲面显示器 配置一：i5升860k+游戏独显+8G+256G,1899.00,世纪之星电脑整机旗舰店,1.5万+条评价
27,100009641228,"京品电脑	
AOC AIO大师734 23.8英寸高清办公台式一体机电脑 (AMD A10 8700P四核 8G 256GSSD 双频WiFi 键鼠 3年上门)",2499.00,AOC电脑京东自营旗舰店,11万+条评价
28,100004105123,惠普（HP）小欧 商务办公台式电脑主机（G4930 4G 256SSD WiFi蓝牙 Win10 注册五年上门）21.5英寸,2399.00,惠普京东自营官方旗舰店,5.2万+条评价
29,27674188725,惠普(HP)战66 商用办公台式电脑主机(九代i3-9100 8G 256GSSD Win10 Office WiFi蓝牙 注册五年上门)21.5英寸,2899.00,惠普京东自营官方旗舰店,1.7万+条评价
30,100015893852,E5 2680 V2升e5 2678v3十二核游戏模拟器多开/台式吃鸡游戏组装电脑主机DIY组装机 E5 2680 V2/4G显卡/升32G,3399.00,速佳宜组装电脑旗舰店,1.3万+条评价
31,100014463708,惠普(HP)战66 微边框商用一体台式机电脑23.8英寸(RYZEN锐龙R5-4500U 8G 256GSSD Win10 Office 三年上门),3099.00,惠普京东自营官方旗舰店,1.4万+条评价
32,100014025808,宏碁(Acer)商祺SQX4270 660N商用办公台式电脑整机 家用电脑 （十代i5-10400 8G 1T wifi 三年上门）21.5英寸,3299.00,宏碁京东自营旗舰店,2.8万+条评价
33,100007824363,航向者 AMD高频/GTX泰坦6G独显/16G内存台式组装电脑主机DIY组装机全套吃鸡游戏企业办公 电脑主机 套一 (i5级+120G+高清核显),699.00,航向者组装电脑旗舰店,6.9万+条评价
34,1555771170,惠普(HP)小欧S01 商务办公台式电脑整机（十代i3-10100 8G 1TB Win10 注册五年上门）21.5英寸,2999.00,惠普京东自营官方旗舰店,5.2万+条评价
35,56494619503,"京品电脑	
华硕(ASUS)灵耀14锐龙版 7nm8核 13.5mm超轻薄14英寸商务办公手提笔记本电脑(R7 16G 512G 高色域)松木青",5799.00,华硕京东自营官方旗舰店,5800+条评价
36,100006910886,武极剑星 i7 10700F/GTX1660Ti 游戏台式吃鸡电脑主机/DIY组装机,5388.00,武极电脑DIY旗舰店,9.8万+条评价
37,100015691166,联想（Lenovo）天逸510Pro 锐龙版 商务办公 家用网课 台式电脑 18升大机箱 WIFI Ryzen5_2400G 8G 1TB机械硬盘,2198.00,联想京东自营官方旗舰店,8700+条评价
38,59641930109,戴尔(DELL)成就5090 英特尔酷睿i5 高性能商用办公台式电脑(i5-9400 8G 256G 1T RX550 4G 四年上门)23.8英寸,4999.00,戴尔京东自营官方旗舰店,"去看二手
							2.3万+条评价"
39,100004051733,惠普（HP）战66 四代 14英寸轻薄笔记本电脑（英特尔酷睿11代i7 16G 512G MX450  高色域 一年上门+意外）,6599.00,惠普京东自营官方旗舰店,7.9万+条评价
40,17651966215,战翔酷睿i5 9400F/高配独显吃鸡游戏电竞台式机电脑主机LOL组装家用办公全套整机送24英寸曲屏 套餐一酷睿i5/8G/256G/游戏独显,2399.00,战翔电脑旗舰店,4400+条评价
41,68703765702,"京品电脑	
戴尔(DELL)灵越AIO 5491 英特尔酷睿i5 微边框一体机台式电脑 23.8英寸(十代i5-10210U 8G 512GSSD 2G独显)银",4799.00,戴尔京东自营官方旗舰店,"去看二手
							3.9万+条评价"
42,100012481694,酷耶(Cooyes) i5 9400F/GTX1060独显/台式机电脑主机整机全套组装家用游戏电竞 套四：i5 9400F+GTX1060 5G独显,3869.00,酷耶电脑旗舰店,6万+条评价
43,1652909104,英特尔酷睿i5/i7/八核/8G独显台式机电脑主机整机全套组装家用游戏电竞 单主机 配置二：i5升860k+4G独显+16G+256G,1599.00,世纪之星电脑整机旗舰店,1.5万+条评价
44,100007079793,"京品电脑	
宏碁(Acer)蜂鸟Fun 14英寸轻薄本 学生商务办公wifi6笔记本电脑(英特尔酷睿i5-10210U 8G 512G MX350独显)银",3799.00,宏碁京东自营旗舰店,2.2万+条评价
45,100016049982,武极 i7 10700F/新品华硕RTX 3070/直播游戏台式吃鸡电脑主机/DIY组装机,8488.00,武极电脑DIY旗舰店,5400+条评价
46,100009093211,联想(Lenovo)拯救者刃7000K 2020英特尔酷睿i5游戏电脑主机(i5-10400F GTX1660Super 16G 512G ARGB侧透),5699.00,联想京东自营旗舰店,2.5万+条评价
47,63539428438,联想ThinkBook 14 2021款 酷睿版 英特尔酷睿i5 14英寸轻薄笔记本(i5-1135G7 16G 512G MX450独显 高色域),5499.00,ThinkPad京东自营旗舰店,6万+条评价
48,68703765714,联想(Lenovo)AIO520C 英特尔酷睿i5微边框一体台式机电脑23.8英寸(十代i5-1035G4 16G 512G SSD 无线键鼠)黑,4999.00,联想京东自营旗舰店,5.5万+条评价
49,65261474045,英特尔酷睿i5办公电脑台式主机家用商用财务设计师炒股电脑DIY英雄联盟吃鸡游戏独显组装台式机整机全套 套餐一（英特尔G2030/8G内存/500G硬盘,1699.00,奥珀电脑专营店,1100+条评价
50,100004364088,英特尔酷睿i5/i7/八核/8G独显台式机电脑主机整机全套组装家用游戏电竞 主机+27英寸曲面显示器 配置四 ：i7升八核/32G/1650独显+512,3799.00,世纪之星电脑整机旗舰店,1.5万+条评价
51,100008098547,【紫客】i5升i7八线程/16G DDR4/2G升4G独显 LOL/CF/DNF吃鸡游戏台式电脑主机 i7-16G-240G固态/4G独显+24寸显示器,2499.00,紫客电脑配件旗舰店,2200+条评价
52,64564366828,"京品电脑	
小米 15.6英寸 网课 学习 金属轻薄(英特尔酷睿i5 8G 512G SSD 2G GDDR5独显 FHD 全键盘 Win10)灰 手提 笔记本电脑",4299.00,小米京东自营旗舰店,9.5万+条评价
53,68975598975,宏碁(Acer)商祺SQX4270 140N 商用办公台式电脑整机 家用电脑（十代G5905 4G 1T 三年上门）19.5英寸,2199.00,宏碁京东自营旗舰店,2.8万+条评价
54,100006472357,酷耶 i7-9700KF/RTX2080独显8G吃鸡游戏台式机电脑主机组装整机 电脑主机 32GD4/RTX2080独显,11299.00,酷耶电脑旗舰店,40+条评价
55,100008631259,硕扬 100元 补差价专用链接/DIY组装机,100.00,硕扬DIY电脑旗舰店,4500+条评价
56,57379720742,"京品电脑	
联想（Lenovo）威6 2020款 英特尔酷睿 i5 14英寸窄边框轻薄笔记本电脑(i5-1035G1 16G 512G PCIE 2G独显)灰",4599.00,联想扬天京东自营旗舰店,8.6万+条评价
