﻿,goods_id,goods_name,goods_price,goods_store,goods_commit
0,10022979112471,联想ThinkPad X395 13.3英寸 轻薄商务办公学生笔记本电脑 R7 3700U 16G 512G 03CD,5599.00,ThinkPad京东官方自营旗舰店,20+条评价
1,10022231391163,戴尔(DELL)灵越5401/5402 Urban14英寸新品酷睿高清全面屏固态影音轻薄笔记本电脑 5402-1808绿 预订i7 16G 锐炬显卡 标配,5899.00,戴尔官方旗舰店,1800+条评价
2,49251087389,华为笔记本电脑 MateBook 14英寸 2020新款2K全面屏多屏协同超轻薄商务办公学生手提本 深空灰｜I5-10210U 8G 512G固态独显,5899.00,华为新通路专卖店,6500+条评价
3,100004029013,惠普(HP)战66 高性能商用一体机电脑23.8英寸(九代i7-9700T 8G 1T+256GSSD R535 2G独显 高色域注册五年上门),6699.00,惠普京东自营官方旗舰店,1.4万+条评价
4,67977583035,【2020新品】小米笔记本RedmiBook 14 二代锐龙版全面屏学生商务办公游戏轻薄全金属本电脑 i5-1035G1 8G/512G MX350,4299.00,小米阳光专卖店,4800+条评价
5,65612287891,惠普(HP)星14青春版 小欧14S笔记本手提电脑女生学生商务办公超薄微窄边框轻薄 R3-3250U 14英寸FHD 定制 8G内存 | 256G固态,3199.00,惠普鑫强利达专卖店,3400+条评价
6,10020307082801,【人脸识别】联想小新Pro13 超轻薄笔记本电脑 2.5K高色域全面屏 商务办公游戏超极本 酷睿十代 月光银色丨十代i5 16G 512G丨MX350,5999.00,联想华东授权专卖店,4700+条评价
7,10021367602896,十代酷睿i7超轻薄独显游戏办公小清新学生手提笔记本电脑 i7-1065G7 8G内存 512G固态丨标配 MX350 2G独显 全高清屏 星空灰 精装升级,6199.00,联想佳运汇通专卖店,5200+条评价
8,71872613832,宏碁（acer）超高清IPS屏一体机电脑高配游戏家用企业办公设计台式主机一体化整机 21.5英寸J4105+8G+512G,2499.00,宏碁一体机旗舰店,400+条评价
9,13285452140,联想ideapad14s 2020款增强版14英寸十代酷睿i3轻薄本男女学生网课办公手提笔记本电脑 单盘 | 8G内存 512G固态 十代i3-1005G1 集显,3599.00,联想爱特家专卖店,300+条评价
10,58811015764,戴尔（DELL）灵越5000 5493 14英寸酷睿十代窄边框轻薄学生办公游戏笔记本电脑 10代U i3-1005G1 4G 128G标配,2779.00,戴尔宇熙世纪专卖店,9400+条评价
11,10743693831,微软（Microsoft）全新 Surface Pro 7 二合一平板电脑笔记本办公轻薄商务pro7 【亮铂金】I5/8G内存/128G存储【热卖】 官方标配+原装键盘+大礼包,6288.00,微软上海美闵专卖店,4000+条评价
12,49018029578,戴尔（DELL）灵越5493 燃5000 14英寸网课办公学习十代酷睿固态轻薄笔记本电脑 十代i3-1005G1 核显 静谧银 8GB内存 256G固态硬盘 升级定制,3299.00,戴尔速达专卖店,1200+条评价
13,44496455214,联想(Lenovo)小新Air14 2020新款锐龙版轻薄本 商务办公学习全面屏笔记本电脑 标配R3-4300U 8G 256G固态 14英寸 FHD全高清屏 深空灰,4199.00,联想华南授权专卖店,2700+条评价
14,14022074067,联想(lenovo)拯救者R7000P 2020锐龙版 八核锐龙R7 144Hz电竞屏游戏笔记本电脑 标配丨8核R7-4800H 16G 512固态 RTX2060 6G独显 15.6英寸高色域屏 黑,8999.00,联想电脑授权专卖店,1.2万+条评价
15,40589957949,宁美国度 新十代酷睿i7-10700/RTX2060/512G 粉色组装电脑/DIY直播组装机 高配版,6699.00,宁美官方旗舰店,1000+条评价
16,72479029435,联想(Lenovo)小新13 2020超轻薄笔记本电脑 高色域全面屏 高性能学生办公设计游戏本 十代i5 8G 1TB MX350独显 定制银,5199.00,联想华东授权专卖店,9.8万+条评价
17,56087567712,联想（Lenovo）小新Air14 2021酷睿i5/i7高性能游戏办公设计超轻薄笔记本电脑14英寸 旗舰i5-1135G7 8G 512G丨MX450 星空银 11代芯能猛虎,5599.00,联想卓电授权专卖店,1.1万+条评价
18,40330510043,攀升 战神水冷 AMD三代锐龙R5 3600设计师吃鸡游戏台式电脑主机/DIY组装机 锐龙R5 16G 512G RTX2060,5599.00,攀升官方旗舰店,100+条评价
19,42502671585,华硕（ASUS) 飞行堡垒8 天选 144Hz电竞游戏本笔记本电脑 英特尔酷睿吃鸡设计学生手提办公本 新十代I5-10200H GTX1650-4G 定制 8G/512GPCIE固态,6399.00,华硕金新荣专卖店,5800+条评价
20,10021524240787,华为笔记本电脑 MateBook 13超轻薄本2K全面屏多屏协同商务性能办公学生本 皓月银 I5-10210U 16G 512G 独显2K触屏,6299.00,华为新通路专卖店,1.6万+条评价
21,10051460175,联想(Lenovo)小新Pro13 2020 锐龙版(全新7nm)2.5K屏高性能轻薄笔记本电脑 标配丨R7-4800U 16G 512固态 2.5K高色域屏丨背光键盘丨,5599.00,联想卓电授权专卖店,2100+条评价
22,72495325082,【多仓发货】现代11.6英寸/12.5英寸笔记本电脑 商务出差办公轻薄本学生学习上网本  【12.5英寸】升级版8G+256G高速固态,1669.00,现代电脑邦驰专卖店,3400+条评价
23,68950939394,联想ThinkPad X395 锐龙版R5/R7 13.3英寸轻薄便携商务办公笔记本电脑 100%高色域丨FHD丨指纹识别丨Office 0XCD升级丨锐龙R7 PRO 8G 512G固态,4799.00,ThinkPad定制版专卖店,2600+条评价
24,11465480983,笔记本电脑 超极本 游戏本 超薄本 得峰 学生超轻薄笔记本电脑 银色全尺寸背光键盘Intel-J4115/8G内存 SSD256G高速固态+高档蓝牙鼠标套餐,1959.00,得峰旗舰店,1200+条评价
25,59823646071,方正（iFound）T系列 微边框IPS高清家用办公一体机台式电脑 【23.8八代赛扬】4核J4105/8G/240G,2199.00,方正（ifound）电脑东星专卖店,500+条评价
26,11676864571,联想ThinkPad E14（1QCD）14英寸轻薄商务办公学生笔记本电脑2020新品十代酷睿i5 【标配】8G内存 512G固态 全高清屏 独立显卡,4469.00,ThinkPad定制版专卖店,4400+条评价
27,37029266345,惠普（HP）ENVY13 X360笔记本电脑13.3英寸变形本平板二合一触控屏翻转 【360翻转触控/高清屏/高色域】 木纹黑R5-4500U/16G/512G/标配,6264.00,惠普蓝星专卖店,1500+条评价
28,100016367314,联想（Lenovo） 一体机电脑AIO520C-22台式电脑家用教育办公游戏娱乐网课台式电脑 【推荐】标配R5-3500U 8G 256G固态白,3099.00,联想源睿台式机授权专卖店,5400+条评价
29,69551393127,华为（HUAWEI）笔记本电脑MateBook D15/14 轻薄便携商务办公学生超薄本 D15银｜i5-10210U 16G+512G固态,5699.00,华为新通路专卖店,2万+条评价
30,71054783932,华为笔记本MateBook D 14 14英寸全面屏轻薄超极本商务办公手提电脑 银D14 i5 16G+512G独显【北京次日达】 【预装Win 10+自带Office软件】,5466.00,华为德信专卖店,1600+条评价
31,62575980329,联想(Lenovo)V14 14.0英寸笔记本电脑商用办公学生本轻薄便携手提酷睿i5/i7四核 定制i5-1035G1 8G内存 256G固态 英伟达性能 2G独显,3999.00,联想扬天授权旗舰店,2.1万+条评价
32,25747518912,惠普(HP)星14 14英寸轻薄窄边框笔记本电脑(i7-1165G7 16G 512GSSD MX450 2G独显 FHD IPS 72% NTSC)月光银,6999.00,惠普京东自营官方旗舰店,1.3万+条评价
33,10022231071827,外星人（ALIENWARE）全新Aurora R11 十代酷睿独显显卡吃鸡游戏台式电脑主机 预定 6736白十代i7/16G/2060S 官方标配,17999.00,外星人官方旗舰店,200+条评价
34,43096767478,联想拯救者Y7000 15.6英寸2020款酷睿i5/i7高色域电竞屏学生设计师吃鸡游戏笔记本电脑 升级 i7 16G 512G固态 1650,8199.00,联想爱特家专卖店,800+条评价
35,30791623310,戴尔（DELL）Latitude3400/3410 14英寸商务办公学生游戏手提轻薄笔记本电脑 i5-8265U 2G独显 一年上门 16G内存 512G固态 定制,4199.00,戴尔商用地升专卖店,700+条评价
36,69582485194,戴尔（DELL）成就5000 -1625 / 1725 15.6/14英寸2G独显轻薄笔记本电脑 5502:11代i7/16G/1T固态 定制,7099.00,戴尔卓越专卖店,6200+条评价
37,71581619819,【2020款指纹解锁+10代酷睿处理器】15.6英寸轻薄笔记本电脑 快速者Z18商务办公学生游戏本 16G内存+512G固态硬盘+1000G机械硬盘 10代酷睿10110U主频2.1G 睿频...,3888.00,快速者电脑旗舰店,200+条评价
38,10022073725906,华为笔记本电脑 MateBook 13超轻薄本2K全面屏多屏协同商务性能办公学生本 皓月银 I7-10510U 16G 512固态独显2K触屏,7599.00,华为新通路专卖店,1.6万+条评价
39,69041352551,戴尔（DELL）成就5000 -1625 / 1725 15.6/14英寸2G独显轻薄笔记本电脑 5590：i5/12G/512G+1T定制,5099.00,戴尔卓越专卖店,6200+条评价
40,10392730152,联想(Lenovo)小新Pro13 2020锐龙版全面屏性能超轻薄笔记本电脑 标配R5-3550H 16G 512G固态 银 2.5K屏 100%sRGB高色域)灰,5149.00,联想有点授权专卖店,1.6万+条评价
41,100003052281,机械革命深海泰坦x3/X8TI-S电竞游戏本十代i7八核2060独显高性能商务17.3英寸笔记本电脑 10代i7新八核16G 512G高速固态银,8388.00,机械革命旗舰店,1200+条评价
42,71175901645,小米RedmiBook 14 二代MX350独显高性能超轻薄笔记本电脑全面屏全金属红米办公学生游戏本 【10nm酷睿十代i5 8G内存  512G固态】 office办公软件 荣耀银,4399.00,小米官方授权专卖店,9100+条评价
43,26536131928,联想小新Air15 2021高色域锐龙版R5全面屏金属轻薄笔记本电脑R7商务办公本学生办公设计游戏本 八核R7-4800U 16G 1T固态|定制 100%高色域,5999.00,联想育新授权专卖店,3500+条评价
44,43343583841,华为笔记本MateBook D14/D15超薄全面屏锐龙版轻薄本游戏学生商务办公手提笔记本电脑  D14银 六核R5 16G 512G 【现货】 官方标配,4799.00,华为泰锐专卖店,1700+条评价
45,44594808935,纵横卓创 十代i9 10900/GTX1660S设计师渲染建模影视后期绘图形工作站组装台式电脑主机 配置一：i9 10900+GTX1660S单主机,8799.00,纵横卓创组装电脑旗舰店,2000+条评价
46,69343476877,神舟(HASEE)战神G7-CT7NA 英特尔酷睿i7-9750H GTX1660Ti 6G 17.3英寸144Hz屏游戏笔记本电脑(8G 512G SSD),6399.00,神舟电脑京东自营旗舰店,9.1万+条评价
47,10020123981567,狄派 intel酷睿i7四核独显 吃鸡游戏 电竞台式机 电脑主机 组装电脑 整机全套 电脑主机 配置三(酷睿i7/16G/GTX1060),3299.00,狄派电脑旗舰店,200+条评价
48,44989259279,联想ThinkPad S2 2020款13.3英寸英特尔酷睿i5/i7轻薄商务笔记本电脑 银i5-10210u/8G/512G背光/03CD FHD/指纹识别/office/Win10),4999.00,ThinkPad上海授权专卖店,1800+条评价
49,12517934012,机械革命Z2 Air-S/Z3 15.6英寸超薄电竞吃鸡游戏本学生商务办公设计师全面屏笔记本电脑 i5-10200H/GTX1650-4G/电竞屏 双通道：16G/512G PCIe 高速固态,6199.00,机械革命授权专卖店,8000+条评价
50,59072697651,联想拯救者Y7000P竞技版2020新款游戏笔记本电脑15.6英寸144Hz高色域酷睿十代i7标压 六核i7 16G 1T固态 GTX1650Ti定制,8699.00,联想西南授权专卖店,2.1万+条评价
51,56699188521,联想(Lenovo)V14 14.0英寸笔记本电脑商用办公学生本轻薄便携手提酷睿i5/i7四核 定制i5-1035G1 8G内存 512G固态 英伟达性能 2G独显,4199.00,联想扬天授权旗舰店,2.1万+条评价
52,49841710577,联想ThinkPad T14s 酷睿版 十代英特尔酷睿i5/i7 14英寸商务办公轻薄笔记本电脑 i5-10210U 16G 512G固态 1HCD,7999.00,ThinkPad京东官方自营旗舰店,100+条评价
