﻿,goods_id,goods_name,goods_price,goods_store,goods_commit
0,71549544294,戴尔（DELL）旗舰店灵越7590/7500 15.6英寸酷睿标压性能创意设计轻薄独显固态笔记本电脑 7500-2845 十代i7 16G1650Ti,9699.00,戴尔官方旗舰店,1万+条评价
1,12818704382,京天 四核i3 10100/8G/240G高速固态 企业办公游戏家用台式电脑主机DIY组装机,1799.00,京天DIY电脑旗舰店,2000+条评价
2,10023985718364,2020锐龙新款联想小新15 高性能便携超轻薄办公大学生游戏本大屏15.6英寸笔记本电脑6核12线程 R5-4600U 16G 512G固态 | 标配版 IPS超高清屏 带背光键盘 银色,5299.00,联想德信专卖店,1.3万+条评价
3,100013333216,联想ThinkPad P15 移动图形工作站3D建模建筑设计师绘图专用视频编辑渲染画图制图笔记本电脑 i7十代标压8G/512G/T2000丨0KCD 16G内存 1T高速固态丨升配,16999.00,ThinkPad福建授权专卖店,100+条评价
4,70708090587,"京品电脑	
机械革命（MECHREVO）Umi Air II 高色域设计师轻薄游戏笔记本电脑（i7-10750H 16G 512G 1650Ti 100%sRGB）",6489.00,机械革命京东自营官方旗舰店,6.6万+条评价
5,44069220159,联想（Lenovo）V330 14英寸轻薄手提商务办公学生独显笔记本电脑 A4-9125 4G内存 128G固态丨标配 2G独显 全高清屏 星空灰 精装升级,2599.00,联想佳运汇通专卖店,2600+条评价
6,72028226767,ROG冰锐2 锐龙R7/RTX2060 15.6英寸游戏本轻薄240Hz电竞屏笔记本电脑玩家国度 R7-RTX2060MQ-16G+512G,8969.00,玩家国度ROG桑核专卖店,400+条评价
7,42896522967,华为荣耀MagicBook 14/15 全面屏笔记本电脑家用办公轻薄本商务超极本学生本超薄本 14英寸｜R5-3500U/8G/256G/集显 官方标配,3999.00,华为肆玖专卖店,700+条评价
8,100013994356,宏碁（Acer）旗舰店 蜂鸟FUN Plus S50/S40轻薄学生网课游戏基手提笔记本电脑15.6 14”【银色】十代i5-10210U/MX350 豪华版:8G/512G SSD+1T,4499.00,Acer宏碁旗舰店,4200+条评价
9,10021713150892,华硕(ASUS) 灵耀13 英特尔酷睿 13.3英寸轻薄笔记本电脑 100%sRGB 人脸识别 i5-1035G1 16G 512GSSD 丁香银,5999.00,华硕电脑京东自营官方旗舰店,900+条评价
10,30502663784,"拍拍	
【二手99新】英特尔i9级八核独显GTX1070独显直播吃鸡游戏电脑办公整机DIY组装二手台式机全套 套餐四：i9级游戏八核/1060 D5【特效吃鸡】 全套",2499.00,火星人二手商品专营店,2.9万+条评价
11,100016340990,联想小新Air15 2021锐龙新款全金属全面屏超轻薄笔记本电脑商务办公15.6英寸大学生游戏设计本 8核R7-4800U 16G 512G 标配 100% 高色域IPS 多档调节 深空灰,5899.00,联想德信专卖店,1.4万+条评价
12,70063853040,畅骁 商祺A1四核版 AMD FX-9830P/DDR4 8G/240G/自带WiFi/家用办公企业采购台式组装电脑主机京东UPC,1299.00,畅骁京东自营旗舰店,200+条评价
13,100013263262,苹果（Apple）ipad2019/2020新款第8代10.2英寸air2更新版平板电脑 WiFi版 2020款 深空灰色 128G 品质皮套+ 膜,3139.00,APPLE翔合专卖店,18万+条评价
14,50390741416,联想（Lenovo）IdeaPad14s 增强版2020酷睿i3轻薄本商务办公学生手提超薄笔记本电脑 新锐性能十代酷睿I3-1005G1 8G内存 256G+1T硬盘 银色丨定制,3689.00,联想华北授权专卖店,1.1万+条评价
15,100015624386,戴尔台式机 OptiPlex7060升级7070MT i7九代八核商用绘图设计3D渲染建模台式机电脑 配23.8英寸E2420H滤蓝光IPS屏 I7-9700/32G/2T+512固态/2G独显,7559.00,戴尔商用祥云专卖店,3200+条评价
16,58988195464,联想ThinkPad S2 2021 英特尔酷睿i7 13.3英寸轻薄笔记本电脑(i7-1165G7 16G 512GSSD 100%sRGB 触控屏)黑,7999.00,,6条评价
17,100006365925,联想小新Air14锐龙版2020款R5笔记本电脑超薄本六核超级本R7学生用轻薄女生商务办公游戏超极本 定制R5-4600U 16G 256G固态 深空灰 IPS屏,4999.00,联想率秀图新授权专卖店,4.7万+条评价
18,69468086462,联想ThinkPad X13(0BCD)酷睿版 英特尔酷睿i7 13.3英寸高性能笔记本电脑(i7-10510U 16G 2T Win10专业版)4G,11999.00,ThinkPad京东自营旗舰店,3.5万+条评价
19,29629188765,联想小新15性能版Plus 2020款15.6英寸设计师大屏窄边框四核超轻薄游戏本办公手提笔记本电脑 银色 i7-1065G7 8G 512G｜高配 100%高色域屏 附带office,6599.00,联想众信授权专卖店,1.1万+条评价
20,30203339649,VAIO FH14 侍14 11代酷睿 14英寸 1.4Kg 4G独显 高性能轻薄笔记本电脑(i7 16G 1T SSD GTX1650 FHD)铂金银,8299.00,VAIO京东自营旗舰店,600+条评价
21,68499887055,联想V330（V110升级款） 14英寸超轻薄商务办公学生独显笔记本电脑 A4-9125 8G内存 500G+256G双硬盘 2G独显 全高清屏 星空灰 精装升级,3199.00,联想佳运汇通专卖店,3900+条评价
22,100009149670,华为荣耀MagicBook Pro 16.1英寸全面屏超薄本轻薄本笔记本电脑超极本学生游戏办公手提 20款R7 4800H 16 512G银,5999.00,金博盛笔记本专营店,9200+条评价
23,100009149670,LG gram20款17英寸 WQXGA 16:10 80Wh长续航 十代酷睿i7-1065G7 8G 512GB 轻薄笔记本电脑 白色17Z90N-V.76,10399.00,LG笔记本电脑京东自营旗舰店,1万+条评价
24,100011513410,【新品指纹解锁】14英寸十代轻薄窄边框金属笔记本电脑游戏办公商务IPS屏大学生女生便携超薄超级本手提 太空银 英特尔十代四核J4115 8G内存 512G固态,2589.80,iru旗舰店,600+条评价
25,100015646092,惠普（hp）旗舰店 星14进阶版 11代新品 星13系列轻薄超薄商用手提学生女游戏笔记本电脑超极本 静谧银：【背光键盘版-11代进阶丨稀缺货源】 进阶版...,7799.00,惠普授权旗舰店,3.9万+条评价
26,1381531089,戴尔(DELL)成就3881 台式电脑 商用办公台式机  游戏电脑 商务炒股 全新酷睿十代 含 23.8英寸高清显示器 十代I7 32G 256G+1T 1650 定制,7799.00,戴尔优显台式机专卖店,1.2万+条评价
27,100013804406,联想ThinkPad X1 隐士 Extreme三代 2020新款十代标压设计师 ibm笔记本电脑 1MCD丨i9-10885H 16G 2TB固态 4K超清屏 4G独显 人脸 指纹 背光 定制,22999.00,ThinkPad福建授权专卖店,100+条评价
28,5300142,Apple Mac mini 新款八核M1芯片 8G 256G SSD 台式电脑主机 MGNR3CH/A,5299.00,Apple产品京东自营旗舰店,9600+条评价
29,52176773643,宏碁(Acer)蜂鸟5 十代酷睿 轻薄本 全面屏 触控屏 笔记本电脑(十代i5-1035G1 8G 512GSSD 2G独显 指纹识别)蓝,5899.00,宏碁京东自营旗舰店,6100+条评价条评价
30,100013255300,宏碁(Acer)蜂鸟5 十代酷睿 轻薄本 全面屏 触控屏 笔记本电脑(十代i5-1035G1 8G 512GSSD 2G独显 指纹识别)蓝,5899.00,宏碁京东自营旗舰店,6100+条评价
31,100007229403,联想ThinkPad S3 2020（0CCD）英特尔酷睿i5 14英寸轻薄笔记本电脑（i5-10210U 8G 512G傲腾增强型SSD）黑,6399.00,ThinkPad京东自营旗舰店,4200+条评价
32,59418715599,京天(KOTIN)终结者9308十代酷睿i9游戏台式电脑主机(i9 10900K 32G 1TB SSD RTX3080 10G独显360水冷),16999.00,京天京东自营官方旗舰店,10+条评价
33,70298193931,武极 AMD 锐龙R5 2600/GTX1050TI-4G/游戏台式吃鸡电脑主机/DIY组装机,2499.00,武极电脑DIY旗舰店,9700+条评价
34,71552207876,戴尔DELL 全新XPS17-9700 17英寸英特尔酷睿i7 2020新款4K防蓝光全面屏设计触屏笔记本电脑(十代i7-10875H 32G 1TSSD RTX2060MQ 6G独显)银,26999.00,戴尔京东自营官方旗舰店,1.1万+条评价
35,59973545811,京天 Design 506 i5 10400F/B460/Quadro P620/128G SSD+1T/台式组装电脑主机设计渲染图形工作站UPC,4299.00,京天（KOTIN）电脑京东自营旗舰店,3800+条评价
36,100014256152,DELL戴尔7070mff 微型台式电脑迷你小主机酷睿I5I7游戏商用台式机办公MINI客厅HTPC 单主机/含键盘鼠标 i7-9700T/32G/1T固态+1T/定制版,6799.00,戴尔商用千臣专卖店,5600+条评价
37,70127731926,联想ThinkPad X13 Yoga（0XCD）英特尔酷睿i5 13.3英寸轻薄笔记本电脑（i5-10210U 8G 512GSSD FHD 触控屏）,8499.00,ThinkPad京东自营旗舰店,1000+条评价
38,10772195438,联想ThinkPad X1 Yoga 2020(1VCD)英特尔酷睿i5 14英寸翻转触控笔记本电脑(i5 8G 512GSSD WQHD)水雾灰,10999.00,ThinkPad京东自营旗舰店,1.5万+条评价
39,60185181572,笔记本电脑轻薄超级本 学生网上课堂电脑 远程办公本 得峰电脑 全尺寸键盘Intel-J4105/12G内存 SSD256G高速固态硬盘+高档蓝牙耳机套餐,1998.00,得峰旗舰店,6.7万+条评价
40,47113585705,联想ThinkPad X1 Carbon 2019 7th/2020超薄本 轻薄超级本手提笔记本电脑 36CD@i5-10210U 8G 512G固态 IPS防炫目显示屏+背光键盘+指纹+Win10系,9999.00,ThinkPad福建授权专卖店,100+条评价
41,100012481708,机械革命Z2Air-S蛟龙Z3全面屏轻薄游戏本十代i7独显学生商务设计笔记本高色域提电脑15.6英寸  【UMI明星系】i71650TI 100%高色域 【超车版】16G|512GPCIE,7099.00,机械革命旗舰店,1.7万+条评价
42,10022106902255,华为笔记本电脑MateBook13 超轻薄13英寸商务性能手提本2K全面屏 新品银｜R5-4600H/16G/512G热卖,4999.00,华为新通路专卖店,7100+条评价
43,69607622666,联想(Lenovo)商用台式电脑启天B428 G4930/4G/256GSSD/集显/WIN10/21.5英寸/主机三年保/可支持WIN7,3031.00,,20+条评价
44,57121002578,世纪之星 i5升I7级八核/1650 4GD6/16G内存商务吃鸡办公游戏组装台式电脑主机整机全套 主机+27英寸曲面显示器 配置四：i9级八核/1650 4GD6/16G,3499.00,世纪之星电脑整机旗舰店,300+条评价
45,100009182602,联想拯救者R7000P 2020新品15.6英寸笔记本电脑全面屏高色域吃鸡电竞屏游戏本RTX2060 标配R7-4800H 16G 512G固态,8599.00,联想育新授权专卖店,1300+条评价
46,10021720149572,惠普（HP）星14/15【11代新品】青春版笔记本电脑15.6英寸窄边框全面屏轻薄大学生手提游戏本 i5-1135G7【核显】14寸高清屏 配置四：16G/1T固态【竞速】,4999.00,惠普电脑授权专卖店,2万+条评价
47,100007206691,戴尔（DELL）旗舰店灵越7590/7500 15.6英寸酷睿标压性能创意设计轻薄独显固态笔记本电脑 7590-1845 i7 16G 1650 4K屏,9899.00,戴尔官方旗舰店,1万+条评价
48,48463033868,宏碁（Acer）传奇 14英寸 7纳米八核处理器 真香机 高性能 轻薄本 笔记本电脑(R7 4700U 16G 1T SSD win10),5299.00,宏碁京东自营旗舰店,2.3万+条评价
49,15358887896,2020新款 酷睿i7轻薄本 锐龙R5R7游戏本可选15.6英寸笔记本电脑 商务办公超薄本 昂福镭仕 办公/LOL: J4105四核 8G+512G固态,2288.00,昂福镭仕电脑专营店,2000+条评价
50,100016367042,苹果（Apple）2020款 MacBook Air 13.3英寸超轻薄学生办公手提笔记本电脑 国行 【2020款】MacBook Air【金属银】 【旗舰版】十代i5/8G/256G/视网膜屏,8088.00,苹果百桔专卖店,700+条评价
51,7351112,华为荣耀MagicBook Pro笔记本电脑16.1英寸全面屏超薄本轻薄便携学生商务办公超极本 【20款ProSE】R5+16+512+原装包鼠,4699.00,荣耀策山专卖店,4900+条评价
52,10464012425,RedmiBook 14 增强(第十代酷睿i5-10210U 8G 1TB PCIE MX250 2G独显 Office 手环解锁 Win10)银 笔记本 小米,4799.00,小米京东自营旗舰店,"去看二手
							17万+条评价"
