﻿,goods_id,goods_name,goods_price,goods_store,goods_commit
0,52732210016,Apple苹果 2020新款MacBook Air 13.3英寸 17款超薄笔记本电脑 银色 20款 512G 鼠标套餐,9088.00,APPLE翔合专卖店,4500+条评价
1,71691231444,华为平板电脑MatePad 10.8英寸 WiFi 6+ 麒麟990 二合一安卓办公平板电脑 6GB+128GB WiFi版（香槟金）,2999.00,昌族数码官方旗舰店,1600+条评价
2,10021049364185,华硕（ASUS）顽石6代14/15.6英寸轻薄便携商务办公笔记本电脑学生游戏本VivoBook15s 【14英寸】银i5-1035G1/MX330 配置四 12G/512G固态+1TB机械,4899.00,华硕金硕专卖店,8400+条评价
3,10022843570982,2020新款正品十核14英寸平板电脑ipad安卓全网通5gwifi上网三星高清屏游戏mini2020 青山黛256g（免费试用+分期免息+鼠标蓝牙键盘） 14英寸全网通5g+wifi6旗...,1388.00,博智星颍川世家专卖店,400+条评价
4,100016030990,【教育优惠版】Apple iPad 10.2英寸 平板电脑（ 2020年新款 32G WLAN版 /A12仿生芯片MYLA2CH/A）银色,2499.00,Apple产品京东自营旗舰店,100+条评价
5,68629944925,华为笔记本MateBook 14 2020款超薄本全面屏超极本轻薄本学生商务办公手提笔记本电脑 银｜R5-4600H 16G+512G触屏版【现货 标配  预装Win10+Office软件,5899.00,笔吧官方旗舰店,2200+条评价
6,68629743058,华为笔记本MateBook 13 2020款超薄本全面屏轻薄本超极本商务本办公学生网课手提笔记本电脑 粉｜十代i7 16G 512G MX250 触屏版 标配  预装Win10+Office软件,7499.00,笔吧官方旗舰店,1700+条评价
7,10021631918598,联想拯救者Y7000 2020新锐款十代酷睿标压i5/i7全面屏电竞游戏学生设计师pr办公笔记本电脑 I5-10200H 16G 1T+512G固态 GTX1650Ti-4G独显 精装升级 幻影黑,7599.00,联想电脑授权专卖店,5.3万+条评价
8,10020208298384,联想小新AIR14 锐龙版 R5六核 2020 高色域手提学生轻薄本办公商务超薄笔记本电脑 游戏本 高色域定制丨R5-4600U 16G  1T大固态,5599.00,联想华北授权专卖店,6.9万+条评价
9,68762090069,华硕(ASUS) VivoBook14/15s 酷睿i5/i7 15.6英寸轻薄笔记本电脑商务办公 14英寸冰钻银 i5-1035G1 MX330 配置四 12G/512G PCIE固态+1T机械,4899.00,华硕金硕专卖店,700+条评价
10,10021793198697,华硕(ASUS) VivoBook15s 英特尔酷睿i5 新版15.6英寸轻薄笔记本电脑 15.6英寸丨i5-1035G1丨MX330-2G 8G/512G固态 套餐一,4399.00,华硕智凝专卖店,500+条评价
11,60972765254,华为荣耀笔记本电脑MagicBook 14英寸/15英寸2020款轻薄本家用商务高清屏 【14英寸】i5-10210U16G512G独显,5699.00,荣耀京诚专卖店,5600+条评价
12,28712276707,联想ThinkPad E480 14英寸窄边框商务办公手提笔记本电脑超轻薄本 【I3-7020U】FHD高清屏@2XCD银色 【定制】8G内存 256G固态硬盘,2899.00,ThinkPad华东授权专卖店,1200+条评价
13,100006771899,戴尔（DELL）笔记本电脑灵越5493/5593 十代酷睿轻薄学生游戏商务办公本 15.6英寸|i5-1035G1 2G独显 16G内存 512G高速固态硬盘 定制版,4599.00,戴尔京灵笔记本专卖店,90+条评价
14,55729639635,戴尔(DELL)新品游匣G5 15.6英寸酷睿十代标压固态电竞游戏笔记本电脑 2546十代i5 16G 512G 1650 4G +249元升至2年原厂上门保修+第1年碎屏保,6148.00,戴尔官方旗舰店,4800+条评价
15,26805142247,戴尔（DELL）笔记本电脑灵越5493/5593 十代酷睿轻薄学生游戏商务办公本 14英寸|i5-1035G1 2G独显 16G内存 512G高速固态硬盘 定制版,4169.00,戴尔京灵笔记本专卖店,90+条评价
16,10023872367382,惠普（HP）ENVY13 X360笔记本电脑13.3英寸变形本平板二合一触控屏翻转 【360翻转触控/高清屏/高色域】 摩卡黑R7-4700U/8G/512G/标配,6467.00,惠普蓝星专卖店,1500+条评价
17,100007728837,联想(Lenovo)旗舰店小新Air 14英寸 全新11代轻薄独显便携笔记本电脑 定制i5-1035G1/16G/256G 固态   MX350 2G 轻奢灰,5399.00,联想授权旗舰店,2.1万+条评价
18,41414701428,微星(msi)强袭GE75 17.3英寸游戏笔记本电脑(十代i9-10980HK 16G 1T HDD+512G SSD RTX2070 Super 240Hz ),16999.00,微星游戏本京东自营官方旗舰店,3100+条评价
19,10020607614231,戴尔（DELL）OptiPlex 7060升级款7070MT 商用办公做图设计3D建模台式机电脑主机 i7-9700 16G 128固态+1T GTX1650-4G独立显卡 定制版,6199.00,戴尔商用润弘专卖店,1000+条评价
20,100007389887,戴尔（DELL）灵越5493/5593 燃5000 手提轻薄超极本商务办公网课学生游戏笔记本电脑 V5590金属本|i5-10210U|银|2G独显 16G内存 512GPCIE固态+1T机械 定制版,4999.00,戴尔华宏创天专卖店,3万+条评价
21,29961635544,Apple iPad 10.2英寸 平板电脑（ 2020年新款 128G WLAN版/Retina 显示屏/A12仿生芯片MYLE2CH/A） 银色,3099.00,科族数码专营店,3300+条评价
22,49828746502,攀升（IPASON）M99K i9 10900K/丽台RTX4000/Z490/500G+4T/32G/水冷设计渲染建模专业图形/组装电脑台式主机,17599.00,IPASON攀升电脑京东自营旗舰店,2700+条评价
23,61258451947,DELL戴尔3070/7070SFF 7080SFF台式电脑办公主机小型迷你图形工作站设计师电脑游戏 i7-9700/16G内存/512G固态+2T HD630核显/定制版,5799.00,戴尔商用北纬专卖店,1400+条评价
24,59673019884,【全新英特尔十代】海鲅笔记本电脑轻薄本超级本手提电脑商务办公学生上网课小新游戏本 十代J4105 16G内存 1024G固态,3299.00,海鲅官方旗舰店,600+条评价
25,71389044149,【官方AppleCare+版】Apple 2020新款 MacBook Pro 13.3【带触控栏】十代i5 16G 512G 2.0GHz深空灰MWP42CH/A,16251.00,Apple产品京东自营旗舰店,7900+条评价
26,64578104937,名睿高配水冷I7/32G/GTX1660super吃鸡电竞游戏办公网吧DIY组装台式电脑主机全套 套餐四,3599.00,名睿组装电脑旗舰店,3400+条评价
27,70502078944,戴尔（DELL）Latitude 智锐3510 15.6英寸笔记本电脑 轻薄商务办公学生家用手提电脑 定制丨 5205U丨16G丨512G固态,3499.00,戴尔商用顺兴专卖店,2100+条评价
28,71317226309,联想ThinkBook 15 酷睿10代 15.6英寸商务办公设计学生轻薄便携独显游戏笔记本电脑 升级：16G内存 512G+32G傲腾 06CD）十代i5-1035G1 2G独显,4899.00,ThinkPad广东授权专卖店,100+条评价
29,46069439329,攀升 i9 10900K/16G/RTX3070/500G吃鸡游戏台式水冷直播电脑主机DIY组装机,11099.00,攀升DIY电脑旗舰店,60+条评价
30,11944218358,【酷睿i7+2G独显游戏本】 领睿 轻薄款笔记本电脑 15.6英寸金属外壳学生商务办公手提吃鸡LOL I7 8565U/MX250 2G独显 8G内存+512G PCIE高速固态,4299.00,领睿旗舰店,40+条评价
31,69399404870,Dell/戴尔灵越AIO 5490一体机电脑 23.8英寸微边框台式机办公家用商务游戏网课大屏窄边 白 十代i5 8G 256G+1T 独显 定制,5279.00,戴尔华行台式机专卖店,1600+条评价
32,10022366687760,【十一代新品】联想威6 15.6英寸i5/i7高性能轻薄商务办公设计高色域长续航学生笔记本手提电脑 i5-1135G7 16G内存 512G固态|定制 MX450 2G独显 高色域 皎洁银,5599.00,联想商用西安佳运授权专营店,600+条评价
33,10023105326324,微星(msi)冲锋坦克2 GL65英特尔十代酷睿八核游戏笔记本电脑 15.6寸144Hz电竞赛睿背光 i7-10870H/2060/16G/512G固态,8699.00,微星电脑京东自营旗舰店,400+条评价
34,10021776538997,戴尔（DELL）OptiPlex 7070MT  酷睿八核i9处理器高性能游戏设计师台式机高端电脑 单主机免费升级为7080MT(有线键盘+鼠标) i9-10900 8G 1T+128G 集显 定制,6399.00,戴尔商用艾沪专卖店,100+条评价
35,53799872496,机械革命Z2 Air-S/Z3 15.6英寸超薄电竞吃鸡游戏本学生商务办公设计师全面屏笔记本电脑 i7-10750H/GTX1650-4G/全色域 双通道：16G/512G PCIe 高速固态,6899.00,机械革命授权专卖店,8000+条评价
36,10022077427281,联想15s笔记本电脑 2020新款十代酷睿i3 15.6英寸大屏幕轻薄学生游戏商务办公本 标配：十代酷睿i5 8G 512G固态 独显 FHD高清屏 Win 10丨亮银色,5099.00,联想华南授权专卖店,6100+条评价
37,10020449758130,戴尔（Dell）成就3881台式电脑全套整机 十代i5/i3办公财务设计商用家用台式机电脑迷你单主机 21.5英寸全高清LED显示器 i5丨8G丨512G固态硬盘丨核显丨定制,4199.00,戴尔菱悦专卖店,1100+条评价
38,51622679069,【多仓发货】现代11.6英寸/12.5英寸笔记本电脑 商务出差办公轻薄本学生学习上网本 【12.5英寸】升级版12G+128G高速固态,1699.00,现代电脑邦驰专卖店,3400+条评价
39,55597547003,【2G独显+酷睿i7+指纹解锁】笔记本电脑15.6英寸澳典手提窄边框轻薄大学生学习办公商务吃鸡游戏本 酷睿i7 2G独显  16G内存  1TB固态,4998.00,澳典笔记本旗舰店,40+条评价
40,69631917485,联想(Lenovo)拯救者Y7000电竞游戏本2020版高色域吃鸡学生笔记本电脑i5-10200H 旗舰：16G内存 512G固态 GTX1650Ti 4G独立显卡 曜石黑 Win10H,7499.00,国美官方旗舰店,800+条评价
41,66965192712,联想ThinkPad笔记本 T14 2020款 i5/i7系列 14英寸高性能轻薄商务办公笔记本电脑 08CD@i7-10510U 16G 512 独显 【定制升级】40G内存 2TB固态硬盘,12999.00,ThinkPad定制版专卖店,1100+条评价
42,10021811536466,联想（Lenovo）V330 14英寸轻薄手提商务办公学生独显笔记本电脑 A4-9125 8G内存 1T+512G固态丨高配 2G独显 全高清屏 星空灰 精装升级,3499.00,联想佳运汇通专卖店,2600+条评价
43,69400301490,联想ThinkPad P15v 3D建模视频编辑渲染 设计师专用轻薄移动图形工作站IBM笔记本电脑 08CD丨4G绘图显卡 4K屏 i7-10750H 64G内存 1TB SSD+1TB SSD丨定制,22299.00,ThinkPad福建授权专卖店,500+条评价
44,10021950549465,2020新款联想笔记本电脑IdeaPad15s 十代酷睿i3小清新大学生超轻薄14商务办公大屏本 I3-10110U 8G 1T+ 512G 双硬盘 15.6英寸高清屏 精装升级 银色,3899.00,联想德信专卖店,1.1万+条评价
45,1369654199,小米RedmiBook 二代14十代高性能MX350独显全金属轻薄商务办公上网游戏手提笔记本电脑红米 i7-1065G7 16G 512G 2G独显,5018.00,小米瑞通专卖店,60+条评价
46,57747465189,京天 AMD锐龙5 3600/RTX2070S/RTX3070/16G 吃鸡电脑游戏主机DIY组装机,6299.00,京天DIY电脑旗舰店,200+条评价
47,67700953317,联想ThinkPad P15V i5/i7轻薄移动图形工作站3D建模设计师15.6英寸绘图笔记本电脑 04CD】P620专业卡FHD屏i7-10750H 【定制升配】64G内存 512G+2TB双固态,18099.00,ThinkPad华南授权专卖店,2200+条评价
48,10022763420846,外星人（ALIENWARE）全新Aurora R11 十代酷睿独显显卡吃鸡游戏台式电脑主机 现货 6969白 十代i9/64G/2080Ti 官方标配,40999.00,外星人官方旗舰店,200+条评价
49,71839394649,27英寸大屏办公一体机电脑办公家用i3i5i7高配置一体式电脑主机全套游戏台式 27英寸大屏 P6套餐i7四核八线+8G+256G(老板专用),2563.00,十度一体机专营店,100+条评价
50,37942714289,联想ThinkPad P15v 2020款 十代标压设计师高性能游戏移动图形工作站轻薄商务笔记本电脑 04CDi7-10750H 8G 512G 高清 升级：32内存 1TB高速固态,9799.00,ThinkPad山东授权专卖店,1000+条评价
