﻿,goods_id,goods_name,goods_price,goods_store,goods_commit
0,71649320628,戴尔（DELL）灵越5493燃5000轻薄本酷睿十代i5/i7窄边框商务办公学生笔记本电脑 MX230独显2G银色 四核十代i5-1035G1 8G内存+1T机械+256G固态 定制版,4279.00,戴尔康特专卖店,2500+条评价
1,32841992546,神舟战神ZX6/TX6-CU5DA 十代六核i5 GTX1650/1050独显手提游戏本笔记本电脑 【电竞明星产品】 十代六核i5+16G+512G,5599.00,神舟常青专卖店,1万+条评价
2,28125898160,惠普（HP）星14青春版 小欧14S笔记本电脑星14英寸轻薄便携窄边框学生家用商务办公手提电脑 静谧银【赛扬N4000】 顶配六：8G/512G纯固态,3599.00,惠普老熟人专卖店,4500+条评价
3,45844182119,笔记本电脑轻薄超级本 学生网上课堂电脑 远程办公本 得峰电脑 银色--超窄边框Intel-J3455/8G内存 128G高速固态硬盘+高档蓝牙鼠标套餐,1759.00,得峰旗舰店,6.3万+条评价
4,31595170147,戴睿2020指纹解锁超轻薄笔记本电脑15.6英寸窄边框全新四核便携手提学生商务办公游戏上网本背光键盘 炫酷银 【套8】背光键盘+指纹解锁 16G+512G,2758.00,戴睿旗舰店,2.1万+条评价
5,100016367010,【教育优惠版】Apple iPad Air10.9英寸 平板电脑（ 2020年新款 64G WLAN版/A14芯片/触控ID/MYFN2CH/A）银色,4399.00,Apple产品京东自营旗舰店,400+条评价
6,71685671075,戴尔（DELL）成就3881 台式机电脑主机商用办公设计制图家用炒股网课 主机+21.5英寸显示器 十代i5 16G 1T+256G 2G独显 定制,4899.00,戴尔新通路专卖店,800+条评价
7,43822926289,戴尔（DELL）成就3671 商用办公台式机电脑 设计制图游戏主机 主机+27英寸高清显示器 i5-9400 8G 1T 256G固态 定制,4799.00,戴尔百诚台式机专卖店,1.6万+条评价
8,10021981810730,华硕（ASUS）VivoBook15s轻薄笔记本电脑十代酷睿商务办公便携全面屏窄边框独显轻薄本 冰钻银/i7-1065G7/MX330-2G独显 12G内存丨512G固态套餐五,5599.00,华硕智凝专卖店,2.3万+条评价
9,28854520319,联想（Lenovo） 拯救者Y7000 15.6英寸吃鸡游戏笔记本电脑GTX1650Ti独显4G 标配i5十代/8G/1T+256G固态/4G,7199.00,联想授权旗舰店,2.3万+条评价
10,100013209240,雷霆世纪 复仇者067 十代i7-10700/技嘉B460M/8G内存/480G固态/WIFI/家用办公游戏台式组装电脑主机/京东UPC,4899.00,雷霆世纪京东自营旗舰店,9100+条评价
11,52650293853,联想ThinkPad E480 14英寸窄边框商务办公手提笔记本电脑超轻薄本 酷睿八代 【i5】16G 1T+256G@3RCD定制,4399.00,ThinkPad华东授权专卖店,1.4万+条评价
12,100007932529,华为平板畅享2 全高清大屏10.1英寸 影音游戏娱乐学习平板电脑4GB+64GB 全网通（深海蓝）,1799.00,华为京东自营官方旗舰店,5.5万+条评价
13,47350039164,惠普（HP）旗舰店星14青春版 轻薄窄边笔记本手提电脑学生商务新锐龙R3/7超极本 R3-3250U 8G 512G IPS 14英寸,4199.00,惠普授权旗舰店,1000+条评价
14,31506282768,【酷睿九代网吧性能】嘉莱宝24-27英寸游戏电竞一体机电脑酷睿i3i5i7秒超台式机主机全套 【27曲面】i7四核+独显4G+16G 超大容量512G固态【推荐】,4599.00,嘉人好授权旗舰店,5400+条评价
15,60185181581,惠普（HP）星14/15【11代新品】青春版笔记本电脑15.6英寸窄边框全面屏轻薄大学生手提游戏本 i5-1135G7【MX450 2G】15寸高清屏 配置五：32G/1T固态【顶配】,6888.00,惠普电脑授权专卖店,2万+条评价
16,30540167893,宏碁（acer）宏基 FUN 15.6英寸 2G独显 微边框 商务办公 轻薄本 手提 笔记本电脑 四核十代i5【16G/512SSD】MX350|银 定制主流款/Win10,4999.00,宏碁天赐专卖店,1.2万+条评价
17,58988195458,华为荣耀MagicBook Pro 16.1英寸全面屏超薄本轻薄本笔记本电脑超极本学生游戏办公手提 银丨锐龙SE R5-3550H 16G 512G,4899.00,金博盛笔记本专营店,9200+条评价
18,10022142874738,【2020新品】小米(MI)笔记本RedmiBook16全面屏高色域轻薄学生学习设计商务办公游戏电脑  i5-1035G1 16G 512G mx350,4999.00,小米阳光专卖店,1800+条评价
19,26153597892,【V110升级款】联想扬天V330  14英寸9系办公家用影音笔记本电脑 轻薄便携 定制A4-9125 8G内存 256G固态 2G独显 win10,2766.00,联想北达兴科专卖店,1万+条评价
20,69627988447,新品华硕(ASUS) VivoBook15s 15.6英寸轻薄笔记本电脑 酷睿十代 商务办公学习电脑 15.6银 十代i5-1035G1 MX330  16G 512G 定制,5099.00,华硕汉腾专卖店,1100+条评价
21,25168769083,联想ThinkPad E480 14英寸窄边框商务办公手提笔记本电脑超轻薄本 酷睿八代 【i3】8G500+128G@3PCD定制,3099.00,ThinkPad华东授权专卖店,1.4万+条评价
22,100007067853,联想ThinkPad E14（06CD）英特尔酷睿i3 14英寸笔记本电脑(i3-10110U 4G 1T FHD)黑,3299.00,ThinkPad京东自营旗舰店,100+条评价
23,100005621727,联想ThinkPad X1 Carbon（03CD）英特尔酷睿i5 14英寸商务高端笔记本电脑(i5-10210U 8G 512GSSD FHD)4G版,9499.00,ThinkPad京东自营旗舰店,"去看二手
							9300+条评价"
24,48478308660,华为笔记本电脑MateBook 13 2020 锐龙版 13英寸轻薄本超薄本手提超极本 银｜R7-4800H 16G 512G非触屏 现货 官方标配,5799.00,华为千百回专卖店,5600+条评价
25,67150226885,ROG 光魔G15 AMD锐龙R7 侧透电竞游戏台式机主机 R7-3800X RTX 2060S 1T SSD 16G内存,8999.00,玩家国度ROG官方旗舰店,200+条评价
26,72493521496,笔记本电脑 女超薄本办公本 得峰 网课笔记本电脑 银色Intel-J4105-12G内存 SSD256G高速固态+高档双肩背包套餐,1979.00,得峰旗舰店,3100+条评价
27,10021605485033,超轻薄2.5K屏高色域笔记本电脑手提商务办公设计本 六核R5-4600U 16G内存 512G SSD 人脸识别 IPS高色域屏 背光键盘 银灰色 升级款,5399.00,联想德信专卖店,1万+条评价
28,100007413708,惠普（HP）战66 三代 AMD版 14英寸/15.6轻薄笔记本电脑 商务办公笔记本 学生手提电脑 14英寸 office 锐龙 六核 R5-4500U 8G 512G,4199.00,惠普九州专卖店,1.3万+条评价
29,100007156771,惠普（HP）战99-93 15.6英寸 工作站 设计本笔记本 英特尔酷睿i7标压/32G/512G SSD+2T/W10/4G独显/4K/1080P,12599.00,惠普京东自营官方旗舰店,1.6万+条评价
30,32238098385,中柏（Jumper）11.6英寸二合一win10平板电脑笔记本（8G+128G/N3450四核/win10)Epad pro8,1479.00,中柏平板京东自营旗舰店,2400+条评价
31,10022106902264,DELL戴尔7070mff 微型台式电脑迷你小主机酷睿I5I7游戏商用台式机办公MINI客厅HTPC 单主机/含键盘鼠标 i7-9700T/32G/512G固态+1T/定制,6199.00,戴尔商用千臣专卖店,5600+条评价
32,49463437548,2020新款 酷睿i7轻薄本 锐龙R5R7游戏本可选15.6英寸笔记本电脑 商务办公超薄本 昂福镭仕 办公/游戏:酷睿i5独 显 16G内存+256G,4088.00,昂福镭仕电脑专营店,2000+条评价
33,52214776025,联想(lenovo)M5900d丨E76A丨M2300商用办公台式电脑整机带串口并口支持win7系统 定制丨英特尔J3060 4G 256G固态 W10 主机+19.5英寸显示器,2399.00,联想扬天华东授权专卖店,600+条评价
34,100009131763,戴尔（DELL）成就5590/5490燃5000十代窄边框商务办公学生游戏轻薄笔记本电脑 银色14英寸 i5-10210U 独显 MX250 8GB内存 512GB高速固态 定制版,4599.00,戴尔速达专卖店,3.6万+条评价
35,100016528444,京天 疾影Y77 i7 10700/RTX3070 8G/B460/16G DDR4/1T固态台式组装电脑吃鸡游戏主机UPC,9999.00,京天（KOTIN）电脑京东自营旗舰店,2500+条评价
36,100015781908,联想(Lenovo)扬天M6603d 台式机英特尔酷睿i5六核商务家用网课办公电脑整机 23英寸IPS全高清窄边框屏 定制 i5-9400/16G/1T+512G固态,6199.00,联想扬天京东自营授权旗舰店,600+条评价
37,58811868329,京天(KOTIN)商机G590十代赛扬商务办公台式机电脑整机全套(G5905 8G 1T 三年上门 正版WIN10)23.8英寸显示器,2299.00,京天京东自营官方旗舰店,600+条评价
38,68417252024,戴尔（DELL）成就3671 商用办公台式机电脑 设计制图游戏主机 主机+27英寸高清显示器 i5-9400 16G 1T 512G固态 定制,5299.00,戴尔百诚台式机专卖店,1.6万+条评价
39,60108995416,联想ThinkPad P1(00CD)英特尔酷睿i7 15.6英寸轻薄图站游戏笔记本(i7-10750H 16G 512G 300n屏 T1000 4G独显),14999.00,ThinkPad京东自营旗舰店,1300+条评价
40,100011826592,华为笔记本电脑MateBook 13 2020款 13英寸轻薄本超薄触控屏手提超极本 灰｜十代i7 16G 512G 独显 触屏版,7599.00,华为千百回专卖店,7100+条评价
41,10020700504343,联想笔记本电脑 扬天V110-15.6英寸轻薄便携商务办公学生本大屏独显双核芯上网课影音家用 定制15.6屏 A6 8G 512G固态Win10 2G独显 office 黑色,3399.00,联想天佑专卖店,2600+条评价
42,11943085275,华为笔记本电脑MateBook13 超轻薄13英寸商务性能手提本2K全面屏 皓月银｜I5-10210U 16G 512G触屏,6299.00,华为新通路专卖店,7100+条评价
43,100009946004,宁美-魂 游戏办公台式机电脑主机（i5 9500+8G+512G SSD ）23.8英寸套装/UPC组装电脑/三年上门,3899.00,宁美国度京东自营旗舰店,40+条评价
44,68629743050,【多仓发货】海尔（haier）窄边框 笔记本电脑轻薄 学生网课 办公手提电脑 【15.6英寸】S15Pro 定制12G内存 128G+1TB存储【定制双硬盘】,2699.00,海尔电脑旗舰店,1万+条评价
45,35013975678,戴尔（DELL）灵越5493/5593 燃5000 手提轻薄超极本商务办公网课学生游戏笔记本电脑 酷炫银|14.0英寸|i5-1035G1|2G独显 16G内存 128GPCIE固态+1T机械 定制版,4299.00,戴尔华宏创天专卖店,3万+条评价
46,68661354945,微软 Surface Laptop 3 轻薄本 灰钴蓝 13.5英寸 | i7 16G+512G G7显卡 | 2.2K触屏 高色域 3:2生产力 | Alcantara掌托 | CNC铣削一体成型,15988.00,微软京东自营官方旗舰店,1.4万+条评价
47,100007139383,华为笔记本MateBook 13 2020款超薄本全面屏轻薄本超极本商务本办公学生网课手提笔记本电脑 粉｜锐龙R7-4800H 16G+512G非触屏 标配  预装Win10+Office软件,5799.00,笔吧官方旗舰店,1700+条评价
48,37175290891,GPD pocket2 7英寸轻薄本迷你口袋移动商务笔记本电脑便携win10触屏掌上手提笔记本电脑 冰河银 3965Y 8GB 256G固态,3399.00,GPD笔记本官方旗舰店,2300+条评价
49,70751474796,联想ThinkPad E14 Slim 十代英特尔酷睿 14英寸商务办公轻薄笔记本电脑双面金属 i5-10210U 8G 512G 集显 1CCD,4998.00,ThinkPad京东官方自营旗舰店,200+条评价
50,14672492605,"京品电脑	
惠普(HP)暗影精灵6 Air 15.6英寸游戏笔记本电脑(i7-10750H 16G 1TSSD RTX2070MaxQ 8G独显 300Hz)",10999.00,惠普（HP）OMEN暗影精灵京东自营旗舰店,7.8万+条评价
51,72483562330,联想ThinkPad E490（23CD）笔记本电脑14英寸FHD高清商务办公超薄2G独显 升级版：i5-8265U 8G 256G固态,4199.00,ThinkPad东南授权专卖店,3000+条评价
52,10020455421757,【多仓发货】海尔（haier）窄边框 笔记本电脑轻薄 学生网课 办公手提电脑 【14英寸】S14Pro 8G内存 128G+120G存储【定制双硬盘】,2099.00,海尔电脑旗舰店,1万+条评价
53,58574152784,戴尔（DELL）燃7000 灵越5493/5490/5590 轻薄超极本商务办公学生手提笔记本电脑 14英寸|十代i5-1035G1|独显MX230 8G内存 256GPCI-E固态硬盘 定制版,3799.00,戴尔华宏创天专卖店,2万+条评价
54,100008866761,联想（Lenovo）扬天威6 14英寸高色域轻薄学生办公游戏笔记本电脑锐龙R7-4800U八核 16G 512G固态 100%sRGB 标配,4999.00,联想扬天西南授权专卖店,4100+条评价
55,100006962589,小米笔记本 RedmiBook 14英寸 增强版 高性能超轻薄 游戏办公学生网课手提 红米笔记本电脑 十代 i5 8G 512G MX250-2G 银色,3899.00,小米北翔专卖店,600+条评价
56,11264311310,华为荣耀MagicBook Pro笔记本电脑16.1英寸全面屏超薄本轻薄便携学生商务办公超极本 【16英寸Pro】i5+8+512mx250,5099.00,荣耀策山专卖店,4900+条评价
