﻿,goods_id,goods_name,goods_price,goods_store,goods_commit
0,69041352581,华为笔记本MateBook D14/D15超薄全面屏锐龙版轻薄本游戏学生商务办公手提笔记本电脑 灰/D14十代i7 16G 512G独显【稀缺】 官方标配,6899.00,华为泰锐专卖店,1700+条评价
1,100009166617,宁美国度 卓 商用办公台式机电脑主机（十代i3 10100 8G 256G 送键鼠 三年上门）迷你电脑,1999.00,宁美国度一体机京东自营旗舰店,1500+条评价
2,10023265452047,联想(Lenovo)扬天M4610d 2020款英特尔酷睿九代i3四核 网课家用商务办公台式电脑整机 21.5英寸全高清屏 定制 i3-9100/8G/1T+256G固态,3999.00,联想扬天京东自营授权旗舰店,800+条评价
3,68362288966,联想小新Air15 2021锐龙版 笔记本电脑高性能全面屏轻薄大学生办公设计游戏超极本 6核R5-4600U 16G 512G固态 标配 70Wh大电池 100%高色域 背光键盘 指纹解锁,5299.00,联想有点授权专卖店,8100+条评价
4,10021070461581,【8核可选】雷神911PRO钛空 轻薄游戏本RTX2060独显 i7-10750笔记本电脑144Hz 【八核】i7-10870/2060 16/512,9789.00,Thunderobot雷神旗舰店,1500+条评价
5,68317584585,华硕(ASUS)  灵耀14 十代酷睿 13.5mm超轻薄14英寸商务办公笔记本电脑100%sRGB 十代i5 8G 512G  轻约1.1kg 松木青,5499.00,华硕电脑官方旗舰店,900+条评价
6,39991784400,七喜（HEDY）悦祺 台式电脑单主机 家用商务办公台式机主机（套餐一支持XP系统） 单主机 套餐一：X4-845/8G/256G/支持XP,1699.00,七喜电脑旗舰店,100+条评价
7,68538521147,ThinkPad 联想 X280 12.5英寸轻薄便携商务办公手提笔记本电脑 1PCD@i5-8250u 8G 256G固态 【官方标配】不带Office 原装单硬盘,5999.00,ThinkPad北京授权专卖店,5000+条评价
8,100015707192,华为笔记本MateBook X Pro 13.9英寸超轻薄电脑全面屏金属商务办公手提超极本 翡冷翠|十代i7 16G+1TB 独显 2020款,12999.00,华为新通路专卖店,1200+条评价
9,100011217918,戴尔dell灵越5401微边框台式机一体机电脑家用办公独立显卡23.8英寸(十一代i5 8G 256G+1T MX330 2G)黑,5599.00,戴尔京东自营官方旗舰店,3.9万+条评价
10,7296749,联想ThinkPad E15(6ECD)酷睿版 英特尔酷睿i7 15.6英寸轻薄笔记本电脑(i7-10710U 8G 256G+1T 2G独显 FHD)黑,6699.00,ThinkPad京东自营旗舰店,1.1万+条评价
11,70335230514,攀升（IPASON）E01 G4900赛扬双核/8G内存/120G SSD/商务键鼠/家用办公企业采购台式主机DIY组装电脑京东UPC,1399.00,IPASON攀升电脑京东自营旗舰店,6500+条评价
12,10023400654010,"拍拍	
【二手9成新】DELL/戴尔电脑台式机网课学习四核电脑4G内存独显电脑商务家用办公整机 【1】四核q8200/4G/320G机械",519.00,鑫派优品二手台式机专营店,300+条评价
13,1622278244,小黄鱼 i7 10700F/台式机游戏电脑/16G内存/商用办公吃鸡电脑主机/组装电脑整机全套 套餐二 十代i7/RTX3070 8G显卡 高配迷你主机,7988.00,小黄鱼旗舰店,700+条评价
14,12784327471,天虹 迷你主机四核微型mini电脑主机台式小主机 四核/2G/16升32G（内置wifi）win10,499.00,天虹电脑官方旗舰店,6100+条评价
15,100011817342,威龙远航 intel六核十二线程/16G/GTX1050-2G 游戏台式组装电脑主机DIY组装机 配置一（四核+8G+240G）,1199.00,威龙远航DIY电脑旗舰店,8700+条评价
16,100012689350,京天 Blitz 303+ i5 10400/技嘉B460/240G/8G DDR4/台式组装电脑/商务办公企业采购/家用定制游戏主机UPC,2699.00,京天（KOTIN）电脑京东自营旗舰店,9500+条评价
17,5300126,宁美国度 CR500 商用办公台式机电脑整机（九代i5 9400F 8G 240GSSD 2G独显 键鼠 三年上门）23.8英寸套装,3559.00,宁美国度一体机京东自营旗舰店,1500+条评价
18,100008811055,京天 Strike S80 i7 10700F/RTX3070/B460/500G NVMe SSD/16G内存台式组装电脑吃鸡游戏主机UPC,8999.00,京天（KOTIN）电脑京东自营旗舰店,2300+条评价
19,100014661282,联想(Lenovo)扬天T4900v 英特尔酷睿i7六核 高端性能设计商务家用办公台式电脑整机带光驱 23英寸IPS全高清窄边框 2G独显 定制 i7-8700/16G/1T+512G固态,8299.00,联想扬天京东自营授权旗舰店,200+条评价
20,100008518537,联想(Lenovo)威6 2020款14英寸十代酷睿i7轻薄窄边框超薄本学生商务办公手提笔记本电脑 定制i7-10510U 16G 512G固态+2T 2G独显 IPS全高清屏 相思灰,6999.00,联想扬天京东自营授权旗舰店,100+条评价
21,100015180620,神舟(HASEE)战神G7-CU5NB英特尔酷睿i5-10200H GTX1650TI 17.3英寸144Hz游戏笔记本电脑(8G 512GSSD72%色域),5499.00,神舟电脑京东自营旗舰店,2.1万+条评价
22,100015180664,华为笔记本MateBook13 2020款超轻薄13英寸商务办公性能手提本电脑2K全面屏 银丨I5-10210U 16G 512G触屏 现货,6288.00,华为德信专卖店,1.1万+条评价
23,69583496904,外星人ALIENWARE 全新m15 2020版R3 十代英特尔酷睿i7 高端电竞游戏本 15.6英寸144Hz高刷新GTX1660Ti 6G独显 轻薄高配笔记本电脑5726 白色 现货,13989.00,外星人京东自营旗舰店,3200+条评价
24,31853383553,惠普(HP)星系列 高清一体机电脑23.8英寸(十代i7-10700T 16G 2T+512SSD GTX1650 4G 三年上门)FHD独显 高色域,9999.00,惠普京东自营官方旗舰店,3.9万+条评价
25,10023703754680,三星Galaxy Tab S7+ 12.4英寸高性能平板电脑(8G+256GB/WLAN版/120Hz+三星SAMOLED屏/骁龙865+/T970）曜岩黑,7299.00,三星平板京东自营旗舰店,1600+条评价
26,30286718736,三星Galaxy Tab S7 11英寸影音办公游戏平板电脑(6G+128GB/WLAN版/120Hz+2K全面屏/骁龙865+/T870）曜岩黑,5199.00,三星平板京东自营旗舰店,1600+条评价
27,53207667885,机械革命2020新款白蛟龙P X3/X8Ti 新锐龙R7-4800H 独显吃鸡游戏学生电竞笔记本电脑 白蛟龙16G/512GPCIE2060电竞屏,8199.00,机械革命旗舰店,1200+条评价
28,72088795067,雷神911黑武士MT游戏本GTX1650/RTX2060可选10代i5-10200H笔记本电脑吃鸡 MT银10代i5/RTX2060 16G/512,7299.00,Thunderobot雷神旗舰店,7700+条评价
29,69827808822,小米游戏本 15.6英寸 第九代酷睿标压处理器高刷高色域lol吃鸡144Hz电竞屏学生手提笔记本电脑 九代i5 8G 512G 1660Ti 144Hz,5749.00,小米北翔专卖店,30+条评价
30,26422879707,小米红米游戏本笔记本电脑Redmi G 16.1英寸手提轻薄本16G+512G i5-10200H GTX1650Ti 高色域,5679.00,千百回电脑专营店,1800+条评价
31,67423325690,华为荣耀笔记本电脑 MagicBook Pro 2020新款 16.1英寸高色域轻薄商务办公超极本 i5-10210U/16G/512G/独显 银色,5999.00,华为比特专卖店,4500+条评价
32,67006664029,超轻薄2.5K屏高色域笔记本电脑手提商务办公设计本 八核R7-4800U 16G内存 512G 推荐版 人脸识别 IPS高色域屏 背光键盘 银灰色 升级款,5689.00,联想德信专卖店,1万+条评价
33,17215189912,【2020新品】华为平板电脑 畅享2 10.1英寸二合一 全网通话办公学习平板 影音娱乐平板 蓝黑色丨4+128G WiFi版 丨官方标配丨教育中心/智能护眼,1799.00,咖博电脑专营店,4500+条评价
34,10022398625840,小米笔记本Pro增强版2020款15.6英寸第十代金属轻薄超薄窄边框设计商务办公手提电脑学生游戏本 i7/16G/1T/MX350 独显 灰色,6979.00,小米大联大专卖店,200+条评价
35,100015413906,"拍拍	
【二手9成新】联想(ThinkPad)  T420 酷睿i5/i7/独显 二手笔记本电脑 畅玩LOL 5】推荐】T420 i5 8G 240G固态 独显",1499.00,悦企二手商品专营店,2700+条评价
36,36528671359,"拍拍	
【二手95新】联想（Lenovo）THINKPAD超薄便携商务办公 学习游戏15寸笔记本电脑 3】I5五代/8G/128固态/12寸LOL办公",1499.00,蓝海二手电脑专营店,1.6万+条评价
37,100007062961,一品国度十代i9 10900KF/3090独显/华硕主板/32G直播吃鸡游戏台式电脑主机DIY组装机 I9 9900KF/2070-8G独显/256G,6999.00,一品国度DIY旗舰店,70+条评价
38,69481653263,"拍拍	
【二手9成新】惠普（HP）745G3/840G3 14英寸 二手笔记本电脑 商务办公本 2】热推款840G3 i5 8G 240G固态 银 15天无理由退货",2328.00,优本二手电脑专营店,5700+条评价
39,67657607489,惠冠intel八核十六线程独显/32G台式电脑主机DIY组装机吃鸡LOL游戏办公 家用办公游戏 套餐 一,409.00,惠冠电脑办公旗舰店,100+条评价
40,100013208392,七彩虹（Colorful）iGame M380设计师游戏台式电脑主机（十代i5-10400 16GB 500GB  GTX1650super）,4399.00,七彩虹京东自营旗舰店,1100+条评价
41,22223895618,AOC六核一体机电脑9代I5/酷睿I3I7高配游戏家用办公台式一体式整机 21.5英寸赛扬3160四核4G/升256G大固态,2099.00,AOC云信一体机专卖店,2.8万+条评价
42,100008326677,七喜(HEDY) 超能者曜7 商用办公台式电脑主机(AMD锐龙R3-3200G四核 8G 480GSSD Vega核显 三年上门）,1999.00,七喜京东自营旗舰店,100+条评价
43,68107787633,华硕（ASUS） 英特尔酷睿十代 猎鹰V4微边框商用办公大屏一体机电脑 白色 1T+256G 十代酷睿i3 8G 集显,3999.00,华硕电脑京东自营官方旗舰店,300+条评价
44,100013494242,华为笔记本 MateBook 14 2020款 超轻薄本超极本全面屏商务办公手提电脑 银｜十代i5 16G 512G MX350 触屏版 官方标配【预装正版Office】,6699.00,科族数码专营店,3500+条评价
45,44925952804,宏碁 暗影骑士·擎 144hz 高色域 游戏本笔记本电脑（英特尔酷睿i7/16G/1TSSD GTX1660Ti 6G独显 RGB背光）,8699.00,宏碁京东自营旗舰店,4万+条评价
46,47546114304,戴尔（DELL）灵越游匣 新G3/G5 5500 15.6英寸窄边框轻薄标压游戏本手提笔记本电脑 新G3|十代i5/GTX1650Ti/120Hz 畅玩版 8G内存 512GPCI-E固态,5579.00,戴尔华宏创天专卖店,2.9万+条评价
47,61111756217,神舟(HASEE)精盾U65A1青春版 十代酷睿i5-10210U 15.6英寸轻薄笔记本电脑(8G 512G PCIESSD MX350 2G IPS),4199.00,神舟电脑京东自营旗舰店,5.4万+条评价
48,100014562290,联想拯救者Y7000 2020新款十代酷睿i7六核高色域屏3D设计制图轻薄手提学生游戏笔记本电脑 i7-10750H 8G 512G固态丨升级 GTX1650 4G独显GDDR6显存,7699.00,联想众信授权专卖店,3200+条评价
49,100008607568,ROG冰刃4新锐 十代8核英特尔酷睿i7 15.6英寸液金导热240Hz轻薄游戏笔记本电脑(i7-10875H 16G 1T RTX2070MQ),16979.00,玩家国度ROG京东自营官方旗舰店,1600+条评价
50,31595170142,戴尔（DELL） Latitude 5400  14英寸商用办公商务办公轻薄笔记本电脑 I5-8265U丨8G丨1T+256G固态  三年保修,4899.00,戴尔商用顺兴专卖店,400+条评价
51,100008049969,惠普（HP）星14青春版 小欧14s 超薄便携本游戏本办公本14英寸手提游戏 笔记本电脑【学生精选】 星空银【R3-3250】 配置三 8G/ 500G固态【大容量】,3799.00,惠普赞晓专卖店,600+条评价
52,100014129032,惠普（HP）星14青春版 笔记本超轻薄微窄边框游戏学生本便携商务办公手提电脑 星空银：【赛扬 N4000 14英寸】 升级版：8G内存 256G固态【6倍提速】,3299.00,惠普宇熙世纪专卖店,2000+条评价
53,100007810775,宏碁(Acer)商祺SQX4270 666N商用办公台式电脑整机 家用电脑 (十代i5-10400 8G 1T GT730 2G wifi )21.5英寸,3999.00,宏碁京东自营旗舰店,2.8万+条评价
