﻿,goods_id,goods_name,goods_price,goods_store,goods_commit
0,10457776243,纵横卓创 十代i7 10700/GTX1650设计师3D渲染视频剪辑后期室内建模组装台式电脑主机 配置一：GTX1650显卡双硬盘/单主机,5399.00,纵横卓创组装电脑旗舰店,3900+条评价
1,100015718518,宁美-魂-毒液i7 10700K/RTX3070/16G内存/Z490/512G SSD/漫威联名款/台式DIY组装电脑/UPC,9999.00,宁美国度京东自营旗舰店,100+条评价
2,67657607487,华为笔记本 MateBook 14 2020款 超轻薄本超极本全面屏商务办公手提电脑 【新品】银｜R5-4600H 16G 512G触屏 官方标配【预装正版Office】,5998.00,科族数码专营店,3500+条评价
3,100015605996,华擎（ASRock）DeskMini H470W/BOX WiFi版（ Intel H470/LGA 1200）,1449.00,华擎京东自营旗舰店,6800+条评价
4,37029266336,航向者i5 9400F升10400/i7 10700/GTX1650吃鸡游戏台式电脑主机DIY组装机 套一/i3 10100F/8G/GTX1050Ti,1899.00,航向者组装电脑旗舰店,1.6万+条评价
5,10022537913131,华为（HUAWEI）笔记本电脑MateBook D15/14 轻薄便携商务办公学生超薄本 D14银丨R5-4500U 16G 512G固态,4899.00,华为新通路专卖店,2万+条评价
6,69788792936,小米RedmiBook 16锐龙版 超轻薄六核全面屏高性能全金属商务办公学生上网手提笔记本电脑红米 六核R5-4500U 8G内存 512固态,3818.00,小米瑞通专卖店,200+条评价
7,52257799744,ROG 魔霸4 Plus 英特尔酷睿i7 17.3英寸 液金散热 240Hz刷新率3ms电竞屏游戏本 i7-10875H RTX 2060 16G 1TB SSD 240Hz,12969.00,玩家国度ROG官方旗舰店,1300+条评价
8,49853093373,联想小新air14笔记本电脑 2020款十代酷睿i5/i7高性能独显商务办公游戏学生超轻薄本 标配：i5-1035G1 16G 512G 高色域 独显 IPS全高清屏 精装升级,5899.00,联想华南授权专卖店,1.1万+条评价
9,10020531620084,联想拯救者r7000 2020锐龙版 15.6英寸全面屏电竞游戏笔记本电脑Ps设计师办公本 R5-4600H 8G内存 256G固态 GTX1650-4G独显 精装升级版 碳金灰,6599.00,联想电脑授权专卖店,4万+条评价
10,48469340213,戴尔（DELL）Latitude3400/3500笔记本电脑超薄商务办公本14/15英寸3490升级 定制：4205U/8G/1T/256G/集显,2999.00,戴尔商用雷泰龙专卖店,700+条评价
11,100003439818,小米游戏本 15.6英寸 2019款酷睿标压处理器高刷高色域吃鸡电竞屏学生手提笔记本电脑 九代i5 8G 512G 1660Ti 144Hz,5749.00,小米北翔专卖店,100+条评价
12,100015226104,武极商智V24 九代英特尔酷睿i5 9400F 独显 企业采购商用办公台式机电脑主机组装电脑整机 九代i5 9400F+8G+240G 华硕主板,2399.00,武极电脑京东自营官方旗舰店,900+条评价
13,42709215945,京天 Duel 66T i5 10400F/技嘉B460/GTX1660S/8G DDR4/240G SSD台式吃鸡游戏组装电脑主机UPC,4299.00,京天（KOTIN）电脑京东自营旗舰店,1000+条评价
14,100006691543,京天 疾影Y78 i7 10700K/RTX3080/Z490/16G DDR4/1T固态台式组装电脑水冷游戏主机UPC,13999.00,京天（KOTIN）电脑京东自营旗舰店,2500+条评价
15,100014355838,惠普（HP） 星14/15青春版十代酷睿15.6英寸窄边框轻薄商务本学生游戏设计笔记本电脑 i5-1035G1 MX330 2G独显 静谧银 8GB内存 512GB高速固态 推荐定制,5199.00,惠普易企营专卖店,4100+条评价
16,10426524548,机械师(MACHENIKE) 浩空T90Plus荣耀版 17.3英寸游戏本笔记本电脑(i7-10750H 16G 1TSSD RTX2060 144Hz),8799.00,机械师京东自营旗舰店,1万+条评价
17,27479675918,三星Galaxy Tab S7 11英寸平板电脑【键盘套装版】(8G+256G/WLAN版/120Hz+2K全面屏/骁龙865+/870）曜岩黑,6699.00,三星平板京东自营旗舰店,1600+条评价
18,16244449099,2020十代酷睿i7笔记本电脑 15.6英寸全面屏高性能轻薄游戏办公设计学生超极本 i7-10510U 16G内存 2T+512G固态 2G独显 背光键盘 IPS全高清屏 精装升级 灰色,7299.00,联想佳运汇通专卖店,6300+条评价
19,100011851224,邪手水冷i7 9700升10700/RTX2070S/设计师游戏直播华硕台式电脑主机/DIY组装机 高配 配置一：RTX2060S,8888.00,邪手MOD水冷电脑旗舰店,200+条评价
20,100008792752,15.6英寸 超簿本 轻薄本 笔记本电脑轻薄 超级本 学生网上课堂电脑 远程办公电脑 笔记本电脑 J4105四核 8G内存 512G固态,1798.00,YEPO电脑旗舰店,2.7万+条评价
21,100015019922,狄派 Intel四核i3-9100F/AMD八核战机/电竞台式机电脑主机/办公吃鸡游戏组装电脑整机 电脑主机 套餐一 （AMD八核战机/8G/240G）,1099.00,狄派电脑旗舰店,2.7万+条评价
22,100013869042,宏碁 (Acer)墨舞 EX215 15.6英寸大屏笔记本(A4-9120e 4G 256GSSDPCIe 全高清 Win10 1.9Kg),2099.00,宏碁商用京东自营旗舰店,1400+条评价
23,66861057884,联想ThinkPad 翼14（1QCD）英特尔酷睿i5 14英寸轻薄笔记本电脑(i5-10210U 8G 512G傲腾增强型SSD 独显FHD)银,4899.00,ThinkPad京东自营旗舰店,4.8万+条评价
24,100013811446,宁美国度 A2112 21.5英寸一体机台式电脑（intel四核J4105/8G/256G固态 WIFI 蓝牙 键鼠 三期免息）家用办公,1699.00,宁美国度一体机京东自营旗舰店,1700+条评价
25,46294953740,"京品电脑	
雷神（ThundeRobot）911黑武士三代 水冷游戏台式电脑电竞主机（十代i9-10900K 32G RTX2080Ti 1T SSD+4T ）",19999.00,雷神京东自营官方旗舰店,2.1万+条评价
26,34899276839,雷神（ThundeRobot）911黑武士 吃鸡游戏台式机电脑主机做图设计编程165Hz曲面屏显示器 27英寸+i5-10400/1660-6G独显 16G内存+512GB NVMe固态,6799.00,雷神汇智云端专卖店,1100+条评价
27,28512261375,神舟(HASEE)战神TX8-CU5DS 英特尔酷睿i5-10400 RTX2060 6G 16.1英寸144Hz游戏笔记本电脑(16G 512G SSD),6999.00,神舟电脑京东自营旗舰店,3100+条评价
28,10021816478823,【新十代酷睿】惠普（HP）旗舰店 薄锐envy13/15超极本 超薄wood手提商务笔记本电脑 【超级点杀】13寸丨i5 8G 512 MX250,5899.00,惠普授权旗舰店,2600+条评价
29,18376898748,联想拯救者Y7000 2020款15.6英寸高色域游戏笔记本电脑p专业电竞本酷睿i7-10750H 16G 1TB固态 GTX1650电竞显卡 定制,8099.00,联想西南授权专卖店,5700+条评价
30,15978852501,华为（HUAWEI） 荣耀畅玩平板2升级版X6 9.7英寸安卓平板电脑pad 大屏4G手机 【有容乃大】4G+64G 薄荷绿 WiFi版,1299.00,昂德数码专营店,1万+条评价
31,53831313326,华硕(ASUS) 天选 15.6英寸游戏本笔记本电脑新锐龙 7nm 窄边框144Hz电竞屏游戏本 钛空灰 R5-4600H/GTX1650Ti 16G内存+512G高速固态,7699.00,茂双笔记本旗舰店,400+条评价
32,42434354885,联想(Lenovo)扬天P680 游戏设计台式机电脑GTX1660Ti 6G独显 定制i9-9900 32G内存 2T+2T固态 主机+23英寸显示器,13599.00,联想扬天授权旗舰店,100+条评价
33,100015276962,京天 十代酷睿i7 10700F/GTX1660S SUPER吃鸡游戏台式电脑主机/DIY组装机,5099.00,京天DIY电脑旗舰店,1.5万+条评价
34,58756438414,奥珀特酷睿i5 9400f游戏电脑主机高配吃鸡独显组装台式机商用家用网吧英雄联盟LOL整机全套显示器 套餐一酷睿i5/8G/256G/GTX950独显,2299.00,奥珀电脑专营店,3300+条评价
35,53433720068,15.6英寸四核超薄本笔记本电脑轻薄本学生游戏手提商务办公超级本上网本分期免息电脑笔记本 玫瑰红 套餐三 【8G内存+128G高速固态】,1619.00,格莱富电脑旗舰店,5700+条评价
36,100015226234,宁美国度 魂 高端设计游戏台式机电脑主机（锐龙7 3700X 16G RTX3080 500G固态 三年上门）吃鸡主机,11999.00,宁美国度一体机京东自营旗舰店,100+条评价
37,71228061011,惠普（HP）星14青春版 十代酷睿14英寸窄边框商务办公学生轻薄游戏笔记本电脑 官方推荐【优雅银-锐龙版R3】 配置二：8G内存/512G固态,3599.00,惠普中成德胜专卖店,1.1万+条评价
38,70786371041,皓勤(VASTKING)15.6英寸轻薄手提笔记本电脑  办公商务 大学生学习全金属便携窄边框超极本 Intel N4000   8G内存 128G固态 大屏轻薄 下单有礼,2047.00,皓勤电脑官方旗舰店,3300+条评价
39,10021687337310,京天 猎龙者Z98 i9 10900K/RTX3080/Z490/32G DDR4/1T固态台式组装电脑水冷游戏主机UPC,17999.00,京天（KOTIN）电脑京东自营旗舰店,2500+条评价
40,58988195459,联想ThinkPad E14 14英寸 轻薄商务办公手提学生游戏笔记本电脑 酷睿i3-10110U 【定制黑】8G内存 256G固态 06CD,3299.00,ThinkPad广东授权专卖店,2700+条评价
41,30646311741,华为笔记本MateBook 14 2020款 轻薄本2K触控全面屏商务办公学生超薄笔记本电脑 灰｜十代i7 16G+512G MX350 触控屏,7599.00,华为康特专卖店,3100+条评价
42,67423325689,华硕（ASUS）飞行堡垒8 新十代酷睿标压 15.6英寸电竞游戏本笔记本电脑 i7-10870H 8G 512G固态 GTX 1660Ti-6G 144Hz,7599.00,华硕电脑官方旗舰店,1800+条评价
43,24870347468,【全新8核可选】雷神911M野王十代酷睿i7-10750轻薄游戏本GTX1650/Ti独显笔记本电脑 8核i7-10870/1650TI/16G/512,7499.00,Thunderobot雷神旗舰店,3600+条评价
44,100010213530,小米红米笔记本电脑RedmiBook 16 16.1英寸轻薄本超薄手提超极本商务办公学生 灰|i7十代+16G+512G+MX350独显 官方标配,5499.00,千百回电脑专营店,1900+条评价
45,100015413938,华为荣耀MagicBook Pro 16.1英寸全面屏超薄本轻薄本笔记本电脑超极本学生游戏办公手提 银丨锐龙R7-3750H 8G 512G W版,4899.00,金博盛笔记本专营店,9200+条评价
46,72328076792,联想拯救者Y7000 15.6英寸2020十代酷睿i5/i7高色域游戏本p 学生设计师吃鸡笔记本电脑 精选【i7-10750H 8G 256G固态】 GTX1650 4G电竞显卡,7499.00,联想航电授权专卖店,4.6万+条评价
47,100014469032,"拍拍	
【二手95新】联想（Lenovo）THINKPAD超薄便携商务办公 学习游戏15寸笔记本电脑 2】双核/8G/128/爆款推荐",1299.00,蓝海二手电脑专营店,1.6万+条评价
48,53185443252,"拍拍	
【二手9成新】联想（Thinkpad）X230 12.5英寸 轻薄便携商务办公二手笔记本电脑 ibm 3】X230 i5 8G 256G+500G高配",1688.00,悦企二手商品专营店,2.7万+条评价
49,61580028479,联想笔记本电脑 ideapad15S 2020款 锐龙R5 超轻薄本商务办公笔记本电脑 手提游戏本 标配：R5-4600U 8G内存 256G固态,3789.00,联想华北授权专卖店,7800+条评价
50,62537514122,联想ThinkPad E14(1RCD)酷睿版 英特尔酷睿i5 14英寸笔记本电脑(i5-10210U 8G 512G傲腾SSD RX640独显FHD)黑,5599.00,ThinkPad京东自营旗舰店,800+条评价
51,100009069403,京天 疾影Y79 i7 10700K/RTX3090/Z490/32G DDR4/1T固态台式组装电脑水冷游戏主机UPC,19999.00,京天（KOTIN）电脑京东自营旗舰店,2500+条评价
52,100003520749,14英寸轻薄本便携商务办公笔记本电脑学生上网游戏本Y4200 太空灰i5-8265U/MX110-2G独显 12G内存+512高速固态【设计师推荐】,4299.00,茂双笔记本旗舰店,1700+条评价
53,10020073179533,ROG幻15 十代8核英特尔酷睿i7 15.6英寸4K屏创意设计师商务本轻薄笔记本电脑(i7-10875H 16G 512G RTX2060)黑,12979.00,玩家国度ROG京东自营官方旗舰店,3000+条评价
