﻿,goods_id,goods_name,goods_price,goods_store,goods_commit
0,25838292104,戴尔（DELL）OptiPlex 7070MT I7商用办公台式机整机设计电脑游戏主机7060MT 单主机（无显示器） 定制：I7/16G/1T/256G/2G独显,5599.00,戴尔商用雷泰龙专卖店,2800+条评价
1,10089510260,机械师T58-V 全面屏游戏本十代i7-10750H/GTX1650 4G独显轻薄游戏笔记本电脑 加强版16G/512G PCIE高速固态,6389.00,MACHENIKE机械师旗舰店,3.2万+条评价
2,66480361388,联想ThinkPad E14 19CD 14英寸轻薄商务办公笔记本电脑十代酷睿六核i7-10710U 16G内存 512G固态硬盘【定制】 FHD全高清 独显2G Win10+Office,7199.00,ThinkPad华中授权专卖店,7000+条评价
3,100014661716,台电（TECLAST）T22 Air 21.5英寸一体机电脑办公电脑 （英特尔J3160 4G 128G固态 WiFi 无线键鼠 三年上门）,1629.00,台电一体机京东自营官方旗舰店,2200+条评价
4,100014748818,微星(msi)侠客GF63 15.6英寸轻薄窄边框游戏笔记本电脑(十代i5 8G 512G SSD GTX1650 MQ 144Hz电竞屏),5399.00,微星游戏本京东自营官方旗舰店,1万+条评价
5,71858362647,苹果APPLE笔记本电脑2020新款MacBook Air13.3英寸超轻薄学生办公 MacBook Air 13.3英寸【金属银】 【17款】i5/8G/128G/MQD32CH/A,5487.00,远行见电脑办公专营店,300+条评价
6,71385361013,联想ThinkBook 十代酷睿i5/i7轻薄游戏本 指纹解锁笔记本电脑ThinkPad 15-3QCD (/背光键盘/全高清屏/10代i7  16G内存 512GBNVME高速固态）升配,5999.00,ThinkPad华北授权专卖店,4900+条评价
7,100004011471,攀升 M58 升i7 10700F八核/丽台P1000 4G/500G nvmeM.2/16G/商务键鼠/水冷设计渲染建模图形台式组装电脑,6299.00,IPASON攀升电脑京东自营旗舰店,2700+条评价
8,55286544722,戴尔（DELL）灵越5493/5593燃5000学生游戏设计商务办公轻薄家用手提笔记本超极本女电脑 高配 i5-1035G1/8G/256G/2G独显,4188.00,戴尔佳富惠呈专卖店,4600+条评价
9,32400080520,戴尔(DELL) 成就3881 【2020年十代新品】商用办公台式机电脑游戏迷你主机设计制图 单主机（联系客服可改win10专业版或企业版） i3-10100 8G 1T+128GSSD 定制,2869.00,戴尔百诚台式机专卖店,4300+条评价
10,46606576011,京天 i3 10100F/RX580/GTX1650-4G独显游戏台式机电脑主机DIY组装机,2299.00,京天DIY电脑旗舰店,100+条评价
11,65425073575,威龙远航 i3 9100F/i5 9400F/GTX1060/16G 游戏台式电脑主机DIY组装机 i5 9400F+16G+GTX1050Ti,2669.00,威龙远航DIY电脑旗舰店,1500+条评价
12,100002221472,华硕（ASUS）顽石6代14/15.6英寸轻薄便携商务办公笔记本电脑学生游戏本VivoBook15s 【14英寸】灰丨i5-1035G1/MX110 配置一 8G/256G固态,4099.00,华硕金硕专卖店,8400+条评价
13,70861907949,京天 Strike S54 AMD R7 3700X/RTX2060/512G M.2 SSD/16G DDR4内存/台式组装电脑/主机UPC,5899.00,京天（KOTIN）电脑京东自营旗舰店,2500+条评价
14,100000561838,苹果（Apple）ipad2019/2020新款第8代10.2英寸air2更新版平板电脑 WiFi版 2020款 银色 128G 键盘 + 壳+ 膜,3179.00,APPLE翔合专卖店,18万+条评价
15,56741009909,京天 Duel D6S AMD R5 2600/GTX1660 6G/256G SSD/8G DDR4内存/台式组装电脑/吃鸡游戏主机UPC,3499.00,京天（KOTIN）电脑京东自营旗舰店,1400+条评价
16,59418715600,戴尔(DELL)高性能商用 办公台式电脑 游戏吃鸡 设计师3D建模渲染  成就5090  主机+23.8英寸显示器（1060-6G独显）  i7-9700 16G 1T+256GSSD 定,8399.00,戴尔优显台式机专卖店,1500+条评价
17,65778626810,15.6英寸超轻薄本 高速固态硬盘 笔记本电脑轻薄超级本 学生网上课堂电脑 远程办公本 得峰电脑 全尺寸键盘Intel-J4105/12G内存 SSD128G固态硬盘,1899.00,得峰旗舰店,6.7万+条评价
18,5263328,华为MateBook D 14/15 超薄笔记本电脑办公学生游戏商务本手提电脑 D15｜银i5/16G/512G独显+原装包鼠  带Win10系统/office办公软件,6099.00,华为肆玖专卖店,7600+条评价
19,61204196854,宁美-魂-白骑士i5 10400F/GTX1650 4G/8G内存吃鸡游戏台式组装电脑主机/DIY游戏UPC,2999.00,宁美国度京东自营旗舰店,1500+条评价
20,68685014120,华为荣耀笔记本电脑MagicBook 14 14英寸全面屏超薄本学生商务办公超级本手提笔记本 14银｜R5-3500U/8G/256 固态,3999.00,新通路数码专营店,7500+条评价
21,10023474971426,宏碁(Acer) 台式电脑游戏办公主机宏基暗影骑士N50 i5-9400/i5-10400F吃鸡电脑 i5-10400F/GTX1650 4G独显 定制：16G内存 1TB+512GSSD,4499.00,宏碁北京伟达信恒专卖店,500+条评价
22,36528671363,亚当贝尔 十代酷睿i5/i7-10700F八核/GTX2060电竞办公游戏吃鸡组装台式电脑主机整机 单主机 配置四：i7-10700F+RTX2060+16G,5899.00,亚当贝尔电脑旗舰店,2.8万+条评价
23,69437958557,AOC六核一体机电脑9代I5/酷睿I3I7高配游戏家用办公台式一体式整机 21.5英寸 九代G4930 8G 256G,2699.00,AOC云信一体机专卖店,2.8万+条评价
24,100016155364,联想（Lenovo）威6 2020英特尔十代酷睿i5 14英寸超轻薄轻薄电脑笔记本设计办公游戏学生本 i5-1035G1 16G内存 512G固态 2G独显 指纹识别 IPS屏 星空灰 精装升级,4599.00,联想佳运汇通专卖店,90+条评价
25,10459418397,惠普（HP）战66 三代 AMD版 超轻薄办公笔记本 商务学生女 背光键盘 编程游戏设计本手提电脑 15.6英寸锐龙7nm 六核R5-4500U高清屏 定制8G 512G固态硬盘,3746.00,惠普商域专卖店,1600+条评价
26,58458436151,宏碁 Acer  Book RS 保时捷设计限量版 14英寸 超轻薄 笔记本电脑（i7-1165G7 16G 1TSSD win10 MX350独显）,19999.00,宏碁京东自营旗舰店,5条评价
27,69898111287,纵横卓创 十代i7 10700/GTX1650设计师3D渲染视频剪辑后期室内建模组装台式电脑主机  配置二：主机+戴尔P2419H带旋转设计显示器,6499.00,纵横卓创组装电脑旗舰店,3900+条评价
28,45844182121,振平 I5-10400F/1060独显-24英寸显示器组装台式电脑主机吃鸡主机LOL游戏组装电脑全套,2288.00,振平组装电脑旗舰店,1100+条评价
29,100016367044,世纪之星 24-27英寸曲面超薄一体机电脑 酷睿i5/i7独显游戏组装吃鸡办公家用台式电脑主机整套 配置八：24曲面/i7/GTX1050ti/8G,3299.00,世纪之星电脑整机旗舰店,2100+条评价
30,100009063329,笔记本电脑轻薄超级本 学生网上课堂电脑 远程办公本 得峰电脑 银色--超窄边框Intel-J3455/8G内存 SSD256G高速固态高档蓝牙鼠标套餐,1859.00,得峰旗舰店,6.3万+条评价
31,65542523710,【教育优惠版】AppleiPadAir 10.9英寸 平板电脑（ 2020年新64G WLAN版/A14芯片/触控ID/MYFP2CH/A）玫瑰金色,4399.00,Apple产品京东自营旗舰店,700+条评价
32,29108996192,【教育优惠】Apple 2020新款 MacBook Pro 13.3【带触控栏】十代i5 16G 512G 2.0GHz 银色 轻薄本 MWP72CH/A,13699.00,Apple产品京东自营旗舰店,200+条评价
33,4820161,变异者 组装电脑台式DIY主机 I3 10100F/240G固态/1050TI 游戏办公 【单盘】(240G-256G)SSD    游戏UPC,3059.00,变异者组装电脑京东自营旗舰店,50+条评价
34,60972499004,神舟战神ZX6/TX6-CU5DA十代六核i5 GTX1650/1660Ti独显手提游戏本笔记本电脑 TX6Ti-高配16+512十代六核+1650Ti,6088.00,神舟大本航专卖店,6900+条评价
35,71675773432,攀升 M53 升i7 10700F八核/丽台P620 2G/8G/120G SSD+1T/商务键鼠/设计渲染建模专业图形设计台式组装电脑,5199.00,IPASON攀升电脑京东自营旗舰店,1.2万+条评价
36,31257774404,Dell/戴尔成就3671 九代英特尔台式机商用办公家用学习财务网课3670电脑整机主机可改win7 单主机（带键盘鼠标） G5420 8G 1T+128G固态 集显 定制,2279.00,戴尔华行台式机专卖店,2400+条评价
37,51069684122,小米RedmiBook 14英寸增强版红米笔记本电脑第十代酷睿i7全金属轻薄商务办公游戏手提本学生 酷睿i7-10510U 16G内存 512G固态 MX250 2G独显银 预装office,4879.00,小米阳光专卖店,40+条评价
38,100015951224,苹果（Apple）MacBook12英寸笔记本电脑 金色 Intel m3 处理器/256GB,6799.00,星云平板电脑专营店,500+条评价
39,10023474971428,武极 i7 10700K升i9 10900K/RTX2080Ti吃鸡游戏台式电脑主机水冷DIY组装机,13589.00,武极电脑DIY旗舰店,600+条评价
40,28680479321,联想(Lenovo)扬天V14 十代酷睿i5四核高性能轻薄学生超薄本商务办公游戏超级本手提笔记本电脑 定制 i5-1035G1/8G/512G+1T MX330 2G独显 全高清 星空灰,5199.00,联想扬天京东自营授权旗舰店,900+条评价
41,100013758434,惠普（HP）战99-B1 15.6英寸 工作站 设计本笔记本i7-10750H/32G/1T SSD/T1000 4G独显/高色域/Win10/3年保修,10999.00,惠普京东自营官方旗舰店,1.6万+条评价
42,10023365907335,亚当贝尔 十代酷睿i5/i7-10700F八核/GTX2060电竞办公游戏吃鸡组装台式电脑主机整机 主机+24英寸曲面电竞显示器 配置四：i7-10700F+RTX2060+16G,6599.00,亚当贝尔电脑旗舰店,2.8万+条评价
43,10023621629661,联想(Lenovo)拯救者R7000p 2020新款15.6英寸高色域吃鸡游戏笔记本电脑6G独显 标配R7-4800H/16G/512G固态 RTX2060 6G独显100%sRGB高色域,8899.00,联想授权旗舰店,900+条评价
44,10020603421605,雷神(ThundeRobot) 911Air星战三代 15.6英寸游戏笔记本电脑(十代i7-10750H 16G 512GSSD RGB键盘 GTX1650Ti),6899.00,雷神京东自营官方旗舰店,2万+条评价
45,100015218486,联想(Lenovo)威6 2020款14英寸十代酷睿i7轻薄窄边框超薄本学生商务办公手提笔记本电脑 定制i7-10510U 24G 512G固态+2T 2G独显 IPS全高清屏 相思灰,7399.00,联想扬天京东自营授权旗舰店,100+条评价
46,66087228403,【酷睿i7 指纹解锁】酷耶 15.6英寸 笔记本电脑 游戏本 轻薄本 商务本 轻便手提家用办公 酷睿i7 6650U/16G/1024G 6秒开机,4099.00,cooyes笔记本官方旗舰店,1万+条评价
47,47173302100,戴尔(DELL)灵越AIO 7790/5490 ips微边框高色域一体机台式电脑家用办公炒股网课 27一体机  白 独显2G 十代i5/8G/256G+1T,6999.00,戴尔鼎新台式机专卖店,7条评价
48,100007958271,笔记本电脑轻薄超级本 学生网上课堂电脑 远程办公本 得峰电脑 全尺寸键盘Intel-J4105/12G内存 SSD1000G高速固态硬盘+高档蓝牙鼠标套餐,2439.00,得峰旗舰店,6.7万+条评价
49,61111756222,联想（Lenovo） E76P商务办公台式机电脑  i7-9700/16G/ 1T+120G SSD/ win10/支持WIN7/21.5英寸显示器定制K,6800.00,,30+条评价
50,10497567541,【独显/可装Win7】台式机联想扬天T4900V酷睿i5-9400家用网课商用办公税控制图电脑 主机+19.5英寸液晶 定制：8G 1T+256G 独显2G,4699.00,联想天佑专卖店,2000+条评价
51,27997203027,小黄鱼 i7 10700 台式电脑主机 游戏台式机 吃鸡电竞 组装电脑整机全套 【冰封王座】i7-10700+华硕RTX2060 单主机（16G内存+NVMe协议M.2固态）,5999.00,小黄鱼旗舰店,300+条评价
52,100013447386,华硕(ASUS) 猎鹰V4 23.8英寸商用办公一体机电脑(酷睿i5 8G 128GSSD+1T  核芯显卡 全高清 上门售后)黑,4599.00,华硕京东自营官方旗舰店,7700+条评价
53,10020603436711,惠普（HP）星14青春版 笔记本超轻薄微窄边框游戏学生本便携商务办公手提电脑 星空银：R3-3250U【14寸 IPS高清屏】 升级版：8G内存 256G固态【6倍提速】,3299.00,惠普宇熙世纪专卖店,2100+条评价
54,10023100448563,联想YOGA S740 十代新品14英寸人脸识别高色域全面屏设计师远程办公超薄本超轻薄手提笔记本电脑 云母银｜高色域全面屏 i7-1065G7｜8G｜512G/MX250独显,6299.00,联想众信授权专卖店,1000+条评价
55,69580393043,戴尔（DELL） OptiPlex 7070MT商用台式电脑主机 i7高配定制版7060MT升级慧采 单主机 【热卖】九代I7 8G 1T+128G 集显 定制,4699.00,戴尔商用瑞华专卖店,2500+条评价
