﻿,goods_id,goods_name,goods_price,goods_store,goods_commit
0,68299648317,华硕电脑 i3 9100F升十代i3 10100家用娱乐企业办公前台收银台式电脑主机/DIY组装机,1469.00,超信达DIY电脑旗舰店,1700+条评价
1,100013273474,清华同方(THTF)超扬A7500商用办公台式电脑整机(十代i3-10100 8G 1T 五年质保 内置WIFI)21.5英寸,2799.00,清华同方电脑京东自营官方旗舰店,1万+条评价
2,100007018830,惠普(HP)战66 商用办公台式电脑主机（九代i5-9500 8G 1TB+256GSSD Win10 WiFi蓝牙 注册五年上门）21.5英寸,4099.00,惠普京东自营官方旗舰店,1.7万+条评价
3,100007010715,机械师（MACHENIKE）未来战舰 十代吃鸡游戏台式机电脑电竞主机 （i7-10700 16G 256G+1T RTX2060 6G独显）,7299.00,机械师京东自营旗舰店,1.2万+条评价
4,69784072367,速佳宜：i9 10900KF/华硕Z490/RTX3080电竞水冷吃鸡游戏台式电脑主机DIY组装机 i9 10900KF/16G/3070 8G,11999.00,速佳宜组装电脑旗舰店,50+条评价
5,100012099122,"京品电脑	
雷神(ThundeRobot) 新911Pro晖金二代 15.6英寸游戏笔记本电脑(十代i7-10750H 16G 512GSSD RTX2070 144Hz)",10499.00,雷神京东自营官方旗舰店,2万+条评价
6,1758897924,硕扬i5 9400F/10400F/GTX1060独显/16G内存游戏台式吃鸡电脑主机DIY组装机,3199.00,硕扬DIY电脑旗舰店,2800+条评价
7,100014057118,"京品电脑	
宏碁(Acer) 暗影骑士·威N50-N92游戏台式机 吃鸡游戏电脑主机(十代i5-10400F 8G 256G SSD+1T GTX1650 4G)",4299.00,宏碁京东自营旗舰店,1.1万+条评价
8,71354290727,联想IdeaPad14s 2020款笔记本电脑超薄本14英寸十代i3轻薄女生学生商务办公游戏超级本 标配｜I3-1005G1 8G内存 512G固态 荣耀银,3489.00,联想率秀图新授权专卖店,4700+条评价
9,100005417285,华为荣耀笔记本电脑MagicBook 14英寸/15英寸2020款轻薄本家用商务高清屏 【14经典款】R5-3500U 8G 256G,4388.00,荣耀京诚专卖店,5600+条评价
10,59565348724,华硕(ASUS) 猎鹰V4 27英寸一体机台式电脑(酷睿i3 4G 128GSSD+1T  WIFI蓝牙  全高清 上门售后)黑,4199.00,华硕京东自营官方旗舰店,7700+条评价
11,62092427477,酷耶 i7四核/GTX1080独显8G水冷吃鸡游戏台式机电脑主机组装整机 电脑主机 套餐一（16G/240G/GTX1070 8G),4099.00,酷耶电脑旗舰店,900+条评价
12,10020294290563,联想ThinkBook 14锐龙版 (04CD) 2021新款 14英寸商务办公高色域轻薄笔记本电脑 R5-4600U 16G内存 512G高速固态 office FHD全高清屏 指纹识别 背光键盘,4599.00,ThinkPad华南授权专卖店,400+条评价
13,70334368642,小米笔记本RedmiBook 13英寸 超轻薄学习全面屏超轻薄二代新款游戏移动办公小米笔记本电脑 锐龙版 R5/8G/512G/4500U 银,3399.00,小米大联大专卖店,800+条评价
14,100008098531,华硕(ASUS) 天选 15.6英寸游戏本笔记本电脑新锐龙 7nm 窄边框144Hz电竞屏游戏本 钛空灰 R7-4800H 新GTX1650Ti 16G内存+512G高速固态,7499.00,茂双笔记本旗舰店,4200+条评价
15,72478126557,荣耀MagicBook Pro 2020 16.1英寸全面屏轻薄笔记本电脑（十代酷睿i5 16G 512G MX350 100%sRGB）冰河银,5999.00,荣耀京东自营旗舰店,8.6万+条评价
16,10022709263575,宏碁(Acer)商祺SQX4270 340N 商用办公台式电脑整机 家用电脑（十代G6400 4G 1T 三年上门）19.5英寸,2499.00,宏碁京东自营旗舰店,2.8万+条评价
17,10023400654010,联想笔记本 ideapad 15S 2020 全新十代酷睿i3超薄商务办公学生网课手提轻薄笔记本电脑 标配：I3-10110U 8GB 512G固态,3599.00,联想华北授权专卖店,1300+条评价
18,68299939963,长城(Great Wall) 英特尔酷睿十代i3/i5商用办公游戏高性能台式机电脑整机 电脑主机+23.8英寸显示器 【十代赛扬】G5905 8G 256G,2179.00,长城电脑硕展专卖店,200+条评价
19,58030049188,华为笔记本MateBook 13 2020新款13英寸超薄本全面屏轻薄商务办公学生笔记本电脑超极本 六核R5-4600H/16G/512G/银色,4899.00,华为比特专卖店,5500+条评价
20,51964624756,小黄鱼 i7 10700F/台式机游戏电脑/16G内存/商用办公吃鸡电脑主机/组装电脑整机全套 套餐二 十代i7/RTX3070 8G显卡 高配迷你主机,7988.00,小黄鱼旗舰店,700+条评价
21,100014773830,华橙 i3 9100F升i3 10100/GTX1050Ti独显办公游戏台式电脑主机DIY组装机 配置一 /9100/500G/UHD630,1298.00,华橙电脑旗舰店,5400+条评价
22,10020602591890,华硕电脑 i3 9100F /GTX1050Ti升1650吃鸡LOL游戏台式电脑主机/DIY组装机,1969.00,超信达DIY电脑旗舰店,600+条评价
23,64415332237,"拍拍	
【二手99新】英特尔i7级游戏二手台式机电脑8G独显吃鸡电脑GTX1070家用办公主机设计渲染组装机 四：i7级六核/16G/GTX750Ti（整机） 全套",1799.00,顺电二手商品专营店,2.4万+条评价
24,100007807221,水冷高配intel/GTX1660super吃鸡家用游戏型diy家用台式电脑组装电脑主机全套整机 套餐一家用办公款,1599.00,振平组装电脑旗舰店,3.6万+条评价
25,68195329536,海尔（Haier）天越H700精英版 商用办公台式套机( i5-10400 8G 256G SSD+1T wifi 键鼠 win10)21.5英寸,3599.00,海尔电脑京东自营旗舰店,7200+条评价
26,10106444498,小米笔记本电脑RedmiBook 14 二代高性能全金属超轻薄红米学生网课游戏办公手提荣耀银手机互传 【升级i3-1005G1 8G内存 256G固态】 预装Office办公软件,3299.00,小米官方授权专卖店,2500+条评价
27,10644935486,"京品电脑	
武极 英特尔酷睿i5 10400企业家用办公游戏台式电脑主机设计师电脑DIY组装机 10400+8G+240G",2288.00,武极电脑DIY旗舰店,3.9万+条评价
28,52593158782,联想(Lenovo)GeekPro 2020十代英特尔酷睿i7设计师游戏台式电脑主机(i7-10700F 16G 1T+256G GTX1650SUPER),6199.00,联想京东自营旗舰店,4.1万+条评价
29,11346901738,戴尔（DELL）灵越5300燃5000十代酷睿i5/i7女大学生游戏办公轻薄设计师粉色手提笔记本电脑 72%高色域屏 | 四边窄边框 | 13.3英寸 i7-1165G7/8G/512G/MX350粉,6599.00,戴尔佳富惠呈专卖店,500+条评价
30,11973237573,英特尔酷睿i5办公电脑台式主机家用商用财务设计师炒股电脑英雄联盟吃鸡游戏独显组装台式机整机全套 电脑主机+24英寸曲面显示器 家用娱乐 酷睿i5/...,2199.00,狄派电脑旗舰店,7000+条评价
31,62563234536,联想(Lenovo)扬天M7200d 锐龙四核高性能商务家用网课办公台式电脑整机 21.5英寸全高清屏 定制R3-2200G/8G/1T+256G双硬盘,3599.00,联想扬天京东自营授权旗舰店,900+条评价
32,23388780559,佐瀚（zuohan）酷睿i5四核/E5系列八核/6G独显台式电脑主机家用商务办公组装电竞游戏电脑整机 套餐一 四核处理器+8G+120固态-办公家用,799.00,淘森电脑专营店,1.3万+条评价
33,100008164815,酷耶 十代i5i7/技嘉主板/16G DDR4 吃鸡电竞游戏台式机电脑主机组装整机全套 电脑主机 套餐三(i5-9400F/GTX1060独显6G),3699.00,酷耶电脑旗舰店,2700+条评价
34,23775777472,联想ThinkPad E495 笔记本电脑窄边框14英寸轻薄商务办公锐龙 升级C：R5 8G 256G固态@03CD,3190.00,ThinkPad东南授权专卖店,3300+条评价
35,32788378444,联想（Lenovo） 一体机电脑AIO520C-22台式电脑家用教育办公游戏娱乐网课台式电脑 【推荐】标配3020E 8G 256G固态黑,2499.00,联想源睿台式机授权专卖店,5400+条评价
36,10020854870344,联想ThinkPad X395 13.3英寸轻薄商务笔记本电脑 100%全色域 锐龙PRO R5-3500U 8G 256G固态（0TCD） FHD/指纹识别/Office/Win10,3988.00,ThinkPad上海授权专卖店,900+条评价
37,69614855947,亚当贝尔 酷睿i5/i7/GTX1650 4G独显 办公游戏迷你家用组装吃鸡台式机电脑主机整机 电脑主机 配置一（酷睿i5+8G内存+256G固态）,1199.00,亚当贝尔电脑旗舰店,1.8万+条评价
38,10023791111845,台电（TECLAST）T24 Air慧眼 23.8英寸一体机电脑台式电脑（J4105 8G 256G固态 WiFi 无线键鼠 三年上门）,1799.00,台电一体机京东自营官方旗舰店,2200+条评价
39,4820567,联想拯救者R7000P 2020电竞游戏笔记本电脑 RTX2060独显6G 锐龙R7-4800H八核 16G内存 512G固态 钛晶灰 标配 144Hz高色域专业电竞屏,8899.00,联想华东授权专卖店,4.5万+条评价
40,10022377111651,逆世界 intel八核十六线程/GTX1050Ti台式整机全套LOL游戏办公电脑主机/DIY组装机 电脑主机+显示器 套餐一：i5级四核+高清核显+120G固态,1288.00,逆世界电脑DIY旗舰店,1.2万+条评价
41,100012038778,狄派 英特尔酷睿十代i5-10400F 六核/6G独显 台式机 电脑整机游戏直播吃鸡台式电脑主机 主机+27英寸2K显示器 配置四(十代i5/GTX1060 6G),5299.00,狄派电脑旗舰店,1800+条评价
42,45645077553,万斯克 intel十核/1650 4G独显/32G台式组装电脑主机DIY组装机全套吃鸡LOL游戏办公 电脑主机 套餐一四核CPU+4G内存+120G固态,899.00,万斯克官方旗舰店,300+条评价
43,10020135743459,世纪之星 英特尔i5四核/4G内存/256G固态企业商务办公家用电影台式组装电脑主机/DIY组装机 单主机 i5级四核/4G/256G,749.00,世纪之星电脑整机旗舰店,600+条评价
44,100005188045,联想笔记本 ThinkBook 14s锐龙版 2021款 14英寸超轻薄笔记本100%sRGB高色域 R5-4600U 16G 512G 高屏占比 薄至14.9mm,5299.00,ThinkBook京东自营旗舰店,40+条评价
45,65425073563,攀升 E11 升i3 10100四核/H410M/1T机械/高频8G/商务键鼠/家用办公企业采购台式电脑主机/DIY组装电脑京东UPC,2199.00,IPASON攀升电脑京东自营旗舰店,1.2万+条评价
46,55286544724,荣耀MagicBook 14 2020新款 14英寸全面屏轻薄笔记本电脑（R5 4500U 16G 512G 7nm 多屏协同） 冰河银,4199.00,荣耀京东自营旗舰店,23万+条评价
47,100013273456,华硕(ASUS) 灵耀13 英特尔酷睿 13.3英寸轻薄笔记本电脑 100%sRGB 人脸识别 i7-1065G7 16G 512GSSD 松木青,6599.00,华硕电脑京东自营官方旗舰店,900+条评价
48,11383450671,华为笔记本电脑 MateBook X Pro 2020款 13.9英寸 十代酷睿i7 16G+512G 独显 3K触控全面屏/轻薄本 翡冷翠,9999.00,华为京东自营官方旗舰店,4.3万+条评价
49,100010370676,联想拯救者R7000 15.6英寸全面屏高性能吃鸡固态游戏本设计师办公轻薄笔记本电脑 标配丨R5-4600H 8G内存 256G固态 电竞显卡 背光键盘,6399.00,联想卓电授权专卖店,8100+条评价
50,100006910948,2020新款华为MateBook D14/15轻薄本全面屏商务办公学生设计手提超薄笔记本电脑 D14银独显I5-16G 512G 原装包鼠,5788.00,华为康特专卖店,4700+条评价
51,71883294101,联想（Lenovo）威6 2020款 英特尔酷睿 i7 14英寸窄边框轻薄笔记本电脑(i7-10510U 8G 512G  2G独显 )相思灰,5299.00,联想扬天京东自营旗舰店,8.6万+条评价
