﻿,goods_id,goods_name,goods_price,goods_store,goods_commit
0,100008203515,RedmiBook Air 13.3英寸 2.5k超轻薄(第十代英特尔酷睿i5 16G 512G 100%sRGB 紫晶灰)笔记本电脑 小米 红米,5199.00,小米京东自营旗舰店,6.1万+条评价
1,100015647140,AOC 荣光910 商用办公台式电脑主机（AMD A10同系列四核A8-9600 8G 240G SSD 商务键鼠 3年上门）,1499.00,AOC电脑京东自营旗舰店,6200+条评价
2,100007311665,微软Surface Go 2 二合一平板 轻薄本 亮铂金 | 10.5英寸触屏 奔腾4425Y 低功耗 4G+64G | 3:2生产力 高色域 人脸识别 | 静音散热 网课学习,2988.00,微软京东自营官方旗舰店,1.2万+条评价
3,100007345171,惠普(HP)战99 G2 商用办公台式电脑主机（十代i7-10700 8G 512G 2G独显  Win10 Office 注册五年上门）,5199.00,惠普京东自营官方旗舰店,1.6万+条评价
4,100005414367,"京品电脑	
联想（Lenovo）威6 2020款 英特尔酷睿 i7 15.6英寸窄边框轻薄笔记本电脑(i7-10510U 8G 512G PCIE 2G独显 FHD 全功能Type-C)相思灰",5299.00,联想扬天京东自营旗舰店,8.6万+条评价
5,31240776285,长城(Great Wall)办公游戏商用台式机电脑主机整机 单主机 十代 i3-10100 8G 256G 配置一,2149.00,长城电脑旗舰店,2200+条评价
6,100014417264,联想(Lenovo)扬天M4000q英特尔酷睿i5 商用办公台式电脑整机(i5-10400 8G 1T+128GSSD 键鼠 4年上门)23英寸,4799.00,联想扬天京东自营旗舰店,1.3万+条评价
7,100007563737,神舟(HASEE)战神Z8-CU7NS 英特尔酷睿i7-10750H RTX2060 6G  15.6英寸144Hz游戏笔记本电脑(16G 512G SSD),7099.00,神舟电脑京东自营旗舰店,2.1万+条评价
8,100009216707,联想(Lenovo) S550 14英寸 AMD锐龙版(7nm)轻薄笔记本电脑(R5-4600U 8G 512G)太空灰,3999.00,联想扬天京东自营旗舰店,3.4万+条评价
9,71277577291,联想ThinkPad E495 笔记本电脑窄边框14英寸轻薄商务办公锐龙 升级版：R5 8G+512G固态@03CD,3399.00,ThinkPad东南授权专卖店,3300+条评价
10,18317473574,联想小新Air14 2020新款7nm锐龙版金属超轻薄笔记本电脑 学生本商务设计游戏轻薄本 R3-4300U 8G 256G 标配 深空灰,4099.00,联想西南授权专卖店,3500+条评价
11,100012953758,戴尔（DELL)Optiplex 3070/3060MT办公电脑主机i3/i5商用台式机3050MT 单主机（无显示器） 定制:I5-8500/8G/1T /集成显卡,3149.00,戴尔商用雷泰龙专卖店,2300+条评价
12,100005077767,联想(Lenovo)刃7000P 3代锐龙7nm 设计师游戏电脑主机（RYZEN 9_3900 32G 2TB+512G SSD RTX2070),10999.00,联想京东自营旗舰店,1.7万+条评价
13,100005770965,2020新款联想笔记本电脑IdeaPad15s 十代酷睿i3小清新大学生超轻薄14商务办公大屏本 I3-10110U 8G内存 512G固态 |标配 15.6英寸高清屏 精装升级 银色,3589.00,联想德信专卖店,1.1万+条评价
14,10020635096668,戴尔DELL成就5000 13.3英寸窄边框轻薄笔记本电脑(十代i7-10510U 8G 512G SSD MX250 2G独显)银,5899.00,戴尔京东自营官方旗舰店,3.1万+条评价
15,100008164829,联想(Lenovo)扬天M4000s英特尔酷睿i7 高端商用办公台式电脑整机(i7-9700 8G 1T 2G独显4年上门)21.5英寸,6099.00,联想扬天京东自营旗舰店,1.1万+条评价
16,10020428752796,联想小新Air15锐龙版 2021新款15.6英寸大屏7纳米六核/八核手提超轻薄笔记本电脑 R5-4600U 16G 512G固态｜六核版 win10 附带office,5499.00,联想众信授权专卖店,1800+条评价
17,100008576503,神舟(HASEE)战神Z8-CU5NB 英特尔酷睿i5-10200H RTX2060 6G 15.6英寸144Hz游戏笔记本电脑(8G 512G SSD IPS),5999.00,神舟电脑京东自营旗舰店,2.1万+条评价
18,44556622172,联想(Lenovo) 扬天 威6 14英寸2020款酷睿十代I5窄边框轻薄商务办公学习游戏笔记本电脑 标配i5-1035G1 8G内存 512G固态 2G独显 预装office 上门服务,4299.00,联想朗通金牌专营店,2800+条评价
19,22872320733,清华同方（THTF）超扬A3500商用办公台式电脑整机(G5905 8G 1T 五年质保 内置WIFI )21.5英寸,2499.00,清华同方电脑京东自营官方旗舰店,1万+条评价
20,100005417289,联想ThinkPad E15 15.6英寸全尺寸键盘IBM商务笔记本电脑十代英特尔i5轻薄便携游戏本 （i5-10210u 16G内存 512G固态硬盘 Win10系统 带小数字键盘 定制0PCD）,5399.00,ThinkPad华南授权专卖店,7600+条评价
21,100015285420,长城(Great Wall)商务家用办公台式一体机电脑 21.5英寸 四核 A8-7410 8G 256G 官方标配,1899.00,长城电脑旗舰店,5800+条评价
22,100008522045,AOC AIO的卢835 27英寸高清办公超清2K屏一体机台式电脑 (i3-5005U 8G 512GSSD 金属边框 WiFi蓝牙 商务键鼠),3999.00,AOC电脑京东自营旗舰店,1.8万+条评价
23,100015628518,七彩虹（Colorful）iGame M380设计师游戏台式电脑主机（AMD锐龙R5-3500X 16G 500Gnvme GTX1660super）,4299.00,七彩虹京东自营旗舰店,1100+条评价
24,67329792232,雷神（ThundeRobot）911黑武士RYZEN AMD水冷游戏台式电脑主机（Ryzen 5_3600 16G RTX2060 512G 三年上门）,5799.00,雷神京东自营官方旗舰店,2.5万+条评价
25,14861300224,"京品电脑	
惠普(HP)暗影精灵6 15.6英寸游戏笔记本电脑(i7-10870H 16G 512GSSD RTX2060 6G独显 144Hz)",8999.00,惠普（HP）OMEN暗影精灵京东自营旗舰店,7.8万+条评价
26,50532516298,联想（Lenovo）AIO520C 十代英特尔酷睿 高色域大屏高性能一体机台式电脑 27英寸2G独显 i5-10400T 16G 512G+1T机械黑色,6099.00,联想京东自营官方旗舰店,100+条评价
27,100013609620,星惠佳四核/i5/i7/GTX1650-4G独显游戏办公吃鸡台式电脑主机/DIY组装电脑整机 单主机 配置三：酷睿i5/4G独显/8G/256G,1499.00,星惠佳电脑旗舰店,1.9万+条评价
28,100015886746,战神盟主 酷睿i5 9400F/i7四核/GTX1060独显 吃鸡游戏台式机电脑主机组装整机 主机+24英寸曲面显示器 i5-9400F/8G/240G/游戏独显,2787.00,战神盟主电脑旗舰店,3500+条评价
29,68629743048,"京品电脑	
机械革命（MECHREVO）蛟龙AMD RTX2060 15.6英寸144HZ轻薄游戏笔记本电脑(锐龙7nm 8核 R7-4800H 16G 512G)",7499.00,机械革命京东自营官方旗舰店,2.1万+条评价
30,100014298906,机械革命（MECHREVO）S2 Air IR 14英寸(R7-4800H 16G 512G PCIE)AMD锐龙版轻薄笔记本电脑 银,4999.00,机械革命京东自营官方旗舰店,1.6万+条评价
31,100008878839,华为笔记本MateBook 13 2020款超薄本全面屏轻薄本超极本商务本办公学生网课手提笔记本电脑 银｜锐龙R5-4600H 16G+512G【现货】 标配  预装Win10+Office软件,4888.00,笔吧官方旗舰店,1700+条评价
32,65894747215,"京品电脑	
联想ThinkPad T14 酷睿版 英特尔酷睿i5 2020款(1G CD) 14英寸轻薄 商务办公 笔记本电脑 指纹识别 (i5-10210U 8G 512GSSD 广视角屏)",7299.00,ThinkPad京东自营旗舰店,5400+条评价
33,10021811536465,戴尔dell灵越14-5409 14英寸高色域全面屏超轻薄商务本( 十一代i5-1135G7 16G 512GSSD MX350 2G独显)薄荷银,5999.00,戴尔京东自营官方旗舰店,15万+条评价
34,100014639654,联想（Lenovo） 擎天T510A 十代英特尔酷睿 个人商务台式机电脑 14升单主机  i3-10100 8GB 1T机械硬盘+黑色键鼠,2589.00,联想京东自营官方旗舰店,600+条评价
35,100007763019,联想ThinkPad P15v 2020款 十代标压设计师高性能游戏移动图形工作站轻薄商务笔记本电脑 04CDi7-10750H 8G 512G 高清 升级：16G内存 1TB高速固态,9199.00,ThinkPad山东授权专卖店,1000+条评价
36,100013089240,惠普（HP）战X 锐龙版13.3英寸高性能轻薄笔记本电脑（锐龙6核12线程 R5Pro-4650U 16G 512G 400尼特高色域）,5399.00,惠普京东自营官方旗舰店,7700+条评价
37,10021070461582,"京品电脑	
宏碁(Acer) 暗影骑士·威N50-N96游戏台式机 吃鸡游戏电脑主机(十代i7-10700 16G 512G SSD GTX1660Super 6G)",6499.00,宏碁京东自营旗舰店,1.1万+条评价
38,100008049971,攀升VGAME设计师游戏台式机电脑主机（十代i5-10400F GTX1660S-6GD6升级版 16G 512GSSD 3年上门）电竞独显,4999.00,攀升京东自营官方旗舰店,9300+条评价
39,70543871722,华硕(ASUS)  灵耀14 十代酷睿 13.5mm超轻薄14英寸商务办公笔记本电脑100%sRGB 十代i7 16G 512G 轻约1.1kg 松木青,6589.00,华硕电脑官方旗舰店,900+条评价
40,100009083152,清华同方（THTF）精锐M950商用办公台式电脑主机(I7-10700八核 16G 512GSSD 内置WiFi 三年上门）,4699.00,清华同方电脑京东自营官方旗舰店,1.8万+条评价
41,100008635104,小米红米笔记本电脑RedmiBook 16 16.1英寸轻薄本超薄手提超极本商务办公学生 灰|R5-4500U+16+512G高色域 官方标配,4099.00,千百回电脑专营店,1900+条评价
42,52582626643,联想(Lenovo)  Y9000X英特尔酷睿i7 15.6英寸高性能标压轻薄笔记本电脑(i7-9750H 16G 1TSSD FHD)深空灰,8699.00,联想京东自营旗舰店,4.7万+条评价
43,100013316074,AOC 荣光910 高性能商用办公台式电脑主机 (新九代i3-9100 高频8G 480GSSD 三年上门 商务键鼠 ),2399.00,AOC电脑京东自营旗舰店,6200+条评价
44,17869432429,酷耶 酷睿i5四核/8G/240G/商务远程办公台式机电脑主机整机 学生网上课堂电脑 电脑主机 套餐一,1399.00,酷耶电脑旗舰店,1400+条评价
45,100016057862,联想ThinkPad X1 Carbon 2020(04CD)英特尔酷睿i7 14英寸轻薄笔记本电脑(i7-10710U 16G 512GSSD FHD)沉浸黑,12999.00,ThinkPad京东自营旗舰店,1.5万+条评价
46,100014661274,联想拯救者Y7000 2020新锐款十代酷睿标压i5/i7全面屏电竞游戏学生设计师pr办公笔记本电脑 I5-10200H 16G 512G固态丨旗舰版 GTX1650Ti-4G独显 精装升级 幻影黑,7199.00,联想电脑授权专卖店,5.3万+条评价
47,44069220157,速佳宜：酷睿i5 10400F/i3 10100企业商务办公家用台式吃鸡游戏组装电脑主机DIY组装机 三：全新i5 6400T/240G/送24显示器,1699.00,速佳宜组装电脑旗舰店,2.9万+条评价
48,28196614898,联想(Lenovo)拯救者刃7000P 2020 AMD游戏台式电脑主机(R7-3700X GTX1650Super 4GB显卡 16G 512G ),5999.00,联想京东自营旗舰店,1.7万+条评价
49,47538112007,逆世界 八核/860K/GTX1060 3G独显/16G吃鸡游戏台式组装电脑主机/DIY组装机 套餐一：AMD八核/TITAN 6G电竞独显,2459.00,逆世界电脑DIY旗舰店,6.7万+条评价
50,100009090445,惠普(HP)星青春版 高清一体机电脑27英寸(十代i5-10400T 8G 512G MX330 无线键鼠 三年上门)FHD独显 高色域,6399.00,惠普京东自营官方旗舰店,3.9万+条评价
51,55150815808,联想威6 2020款 英特尔十代酷睿i5 15.6英寸轻薄笔记本电脑学生商用办公游戏本 2G独显 i5-1035G1 8G 512G固态｜爆款升级,4699.00,联想扬天授权旗舰店,1000+条评价
52,10021161705401,宏碁（Acer）旗舰店 蜂鸟FUN Plus S50/S40轻薄学生网课游戏基手提笔记本电脑15.6 14”【银色】十代i5-10210U/MX350 标准版:8G/512G PCIeSSD【六倍提速,4188.00,Acer宏碁旗舰店,4200+条评价
53,10023304829652,联想小新15 2020锐龙高性能版15.6英寸全面屏轻薄笔记本电脑手提商务办公本游戏本带数字小键盘 8核R7-4800U 16G 512G固态 标配,5349.00,联想西南授权专卖店,1.3万+条评价
