﻿,goods_id,goods_name,goods_price,goods_store,goods_commit
0,25705393053,【新品11代酷睿】惠普（HP）旗舰店 星14 青春版14/13英寸超轻薄学生游戏笔记本电脑 【i5-1135G7】11代酷睿--14.0青春版 8G 512G SSD【学生办公】,4599.00,惠普授权旗舰店,8800+条评价
1,10020805925959,戴尔（DELL）智锐3510（Latitude）15.6英寸超轻薄商用办公笔记本电脑 Cel5205 集显 定制 8G内存 128G固态 1T机械,3198.00,戴尔商用京东自营官方旗舰店,400+条评价
2,100011976144,联想(Lenovo)M6000d英特尔酷睿i5 商用办公台式电脑整机(i5-9400 8G 1T+256SSD 2G独显 键鼠 串口 预装office 3年上门)21.5英寸,5099.00,联想扬天京东自营旗舰店,1.1万+条评价
3,8703794,宁美-卓-CA4 i7 9700/Quadro P620/16G内存/128G+1T/专业设计渲染台式组装电脑主机（送键鼠套装+三年上门）,5499.00,宁美国度京东自营旗舰店,9500+条评价
4,68695474562,华为笔记本MateBook D 14 15 全面屏超轻薄商务办公手提电脑学生本 D14银六核R5-4500U 16G 512G固态,4888.00,华为德信专卖店,1万+条评价
5,51350597110,联想（Lenovo）V14 2020新款 十代酷睿i3独显超轻薄笔记本电脑设计商务办公学生游戏超极本 i3-1005G1 8G内存 256G固态 MX330 2G独显 全高清屏 星空灰 精装升级,3388.00,联想佳运汇通专卖店,2万+条评价
6,35374530418,横远 酷睿I7高配水冷1060台式机吃鸡游戏组装电脑主机直播高端全套网吧 配置三,3199.00,横远DIY电脑旗舰店,500+条评价
7,100016277960,联想（Lenovo)旗舰店拯救者R7000 15.6英寸吃鸡游戏笔记本电脑锐龙R5 标配R5-4600H/8G/256G固态  GTX1650 4G 100%sRGB,6499.00,联想授权旗舰店,1.4万+条评价
8,58845107140,联想ThinkBook 13s 2021款 酷睿版英特尔Evo平台 13.3英寸轻薄笔记本(i7-1165G7 16G 512G 高色域)王源定制版,6999.00,ThinkPad京东自营旗舰店,90+条评价
9,10023356016287,2020新款华为笔记本MateBook 13轻薄本超极本2K触控全面屏商务办公学生手提超薄笔记本电脑 银|十代i5 16G+512G独显 触控屏,6188.00,华为康特专卖店,6700+条评价
10,21402565165,联想（Lenovo）AIO520C 十代英特尔酷睿 高色域大屏高性能一体机台式电脑 27英寸2G独显 i5-10400T 16G 512G+1T机械白色,6099.00,联想京东自营官方旗舰店,100+条评价
11,70786371038,联想（Lenovo） 天逸510s 商用办公台式机电脑迷你主机 小机箱内置wifi 蓝牙 单主机（不带显示器） 【爆款】标配i3-10100 8G 1T 核显,2399.00,联想源睿台式机授权专卖店,2800+条评价
12,100014129046,华为笔记本MateBook 14 2020款 轻薄本2K触控全面屏商务办公学生超薄笔记本电脑 银｜十代i5 16G+512G MX350 触控屏,6488.00,华为康特专卖店,3100+条评价
13,10020808873394,宁美国度 魂 设计游戏台式机电脑主机（十代i5 10400/RTX2060/8G/512G 三年质保）游戏电脑主机,4799.00,宁美国度一体机京东自营旗舰店,2100+条评价
14,100007557613,戴尔（DELL）智锐3410（Latitude）14英寸商务办公超轻薄笔记本电脑 Cel5205 集显 定制 8G内存 256G固态 1T机械,3298.00,戴尔商用京东自营官方旗舰店,300+条评价
15,32689661335,戴尔DELL XPS15-9500 15.6英寸英特尔酷睿i7设计笔记本电脑(i7-10750H 16G 1TSSD GTX1650Ti 4G独显)银,18999.00,戴尔京东自营官方旗舰店,1.1万+条评价
16,10021030124817,惠普（HP）星15青春版超薄微窄边框轻薄笔记本手提电脑商务本轻薄笔记本电脑 15.6英寸/MX330 2G/高清屏/闪耀银 i5 1035G1/8G/512G SSD【标配】,5199.00,惠普蓝星专卖店,4400+条评价
17,100007909871,戴尔笔记本电脑灵越5000 5493成就5402 14英寸超极本学生办公女生轻薄本手提商务本游戏本 i5-1035G1/8G/512G/2G独显 标配 （Intel）英特尔处理器,3999.00,戴尔华宏创天专卖店,700+条评价
18,100015285446,神舟（HASEE）新瑞X20-10480S5W 商用办公台式电脑主机 (i5-10400 8G 512GSSD 内置wifi win10),2888.00,神舟电脑京东自营旗舰店,8000+条评价
19,100007278561,华橙 AMD锐龙R5 2600升R7 2700/RX580 8G游戏吃鸡台式电脑主机DIY组装机 套餐二/2600/180G/GTX1050Ti,2199.00,华橙电脑旗舰店,5100+条评价
20,100007693298,七彩虹（Colorful）iGame M380设计师游戏台式电脑主机（AMD锐龙R5-3500X 16G 500Gnvme GTX1650super）,3999.00,七彩虹京东自营旗舰店,1100+条评价
21,68005035430,攀升 VGAME设计师游戏台式机电脑主机（十代i7-10700F RTX2060-6G独显 16G 512GSSD 3年上门）电竞水冷,7399.00,攀升京东自营官方旗舰店,9300+条评价
22,62840510052,"京品电脑	
联想(Lenovo)YOGA C940英特尔酷睿i5 14.0英寸超轻薄笔记本电脑移动超能版(i5-1035G4 16G 512G  UHD)深空灰",9699.00,联想京东自营旗舰店,4.7万+条评价
23,100002775413,【多仓发货】海尔（haier）窄边框 笔记本电脑轻薄 学生网课 办公手提电脑 【14英寸】S14Pro 8G内存 128G存储【惠】,1899.00,海尔电脑旗舰店,1万+条评价
24,68695474571,联想台式机电脑主机兼容Win7 扬天M2600D/M4610D/M6603D台式税控办公电脑 单主机（含键鼠） 定制：G4900 4G 1T 无驱 W7专业版,2299.00,联想扬天华南授权专卖店,1200+条评价
25,63831733610,小米Air 12.5英寸 网课 学习 全金属超轻薄(英特尔酷睿M3-8100Y 4G 128G 全高清屏)金 手提 笔记本电脑,3599.00,小米京东自营旗舰店,"去看二手
							6.1万+条评价"
26,61302916389,华为笔记本MateBook D 14 15 全面屏超轻薄商务办公手提电脑学生本 D15银｜i5-10210U 16G 512G现货,5588.00,华为德信专卖店,1万+条评价
27,15660770356,下单送包鼠！戴尔（DELL）成就Vostro3000十代4核i5/i7Pcle固盘轻薄便携笔记本电脑 官方标配 1509银十代i5/8G/256G固态/集显,3728.00,戴尔官方旗舰店,1600+条评价
28,100005725438,联想(Lenovo)S540 英特尔酷睿 i7 14英寸超薄本全面屏学生轻薄商务办公手提笔记本电脑 【定制I7-8565U/16G/512G固态】  R540X 2G独显  IPS全高清 银河灰,6489.00,联想扬天京东自营授权旗舰店,600+条评价
29,100011817342,华为笔记本MateBook13 2020款超轻薄13英寸商务办公性能手提本电脑2K全面屏 银|标压R5-4600H 16G+512G 非触屏,4988.00,华为德信专卖店,1.1万+条评价
30,100012689350,华为荣耀笔记本电脑MagicBook14/15 超薄本轻薄本男女学生商务办公猎人游戏本手提电脑pro 14英寸 R5-3500U 8G 256G,4288.00,集洋数码专营店,3300+条评价
31,5300126,博仑帅（BOLUNSHUAI） 18.5-27英寸一体机电脑办公家用游戏台式主机整机 P3 热门27曲面 i7级6核 16G内存4G独显,3188.00,博仑帅一体机电脑旗舰店,3.7万+条评价
32,39968027605,宁美-魂-启航者 十代i7 10700/微星RTX2060/芝奇16G内存/512G固态/台式DIY组装电脑/三年上门/京东UPC,5999.00,宁美国度京东自营旗舰店,8200+条评价
33,100013704732,京天 Blitz 303+ i5 10400/技嘉B460/240G/8G DDR4/台式组装电脑/商务办公企业采购/家用定制游戏主机UPC,2699.00,京天（KOTIN）电脑京东自营旗舰店,9500+条评价
34,100008261421,宁美国度 CR500 商用办公台式机电脑整机（九代i5 9400F 8G 240GSSD 2G独显 键鼠 三年上门）23.8英寸套装,3559.00,宁美国度一体机京东自营旗舰店,1500+条评价
35,69531507820,京天 Strike S80 i7 10700F/RTX3070/B460/500G NVMe SSD/16G内存台式组装电脑吃鸡游戏主机UPC,8999.00,京天（KOTIN）电脑京东自营旗舰店,2300+条评价
36,60185181568,15.6英寸四核超薄本笔记本电脑轻薄本学生游戏手提商务办公超级本上网本分期免息电脑笔记本 太空银 套餐三 【8G内存+128G高速固态】,1619.00,格莱富电脑旗舰店,5700+条评价
37,100009186360,机械师（MACHENIKE）创物者X 迷你设计游戏台式ITX电脑水冷主机（十代i9-10900 16G RTX 2060Super 512G+1T）,11299.00,机械师京东自营旗舰店,1.2万+条评价
38,100007763017,联想ThinkPad X1 Carbon 酷睿版 英特尔酷睿i5/i7 14英寸轻薄商务笔记本电脑 i7-8565U 8G 512G 2K屏 2BCD,8999.00,ThinkPad京东官方自营旗舰店,1100+条评价
39,100014900778,雷神(ThundeRobot) 911Air星战三代 15.6英寸游戏笔记本电脑(十代八核i7-10870H 8G 512GSSD GTX1650),6299.00,雷神京东自营官方旗舰店,2万+条评价
40,43641283114,戴尔（DELL）灵越5000 5593/5493 成就3401超极本学生办公女生轻薄本手提笔记本电脑 14.0英寸|银色|十代i3-1005G1|UHD 8G内存 256GPcie固态硬盘 定制版,3099.00,戴尔华宏创天专卖店,1.1万+条评价
41,10020603114490,惠普（HP）星14/15【11代新品】青春版笔记本电脑15.6英寸窄边框全面屏轻薄大学生手提游戏本 i5-1135G7【核显】14寸高清屏 配置一：8G/512G固态,4299.00,惠普电脑授权专卖店,2万+条评价
42,66770331092,微软Surface Pro 7 二合一平板 轻薄本 亮铂金 | 12.3英寸触屏 i5 8G+256G G4显卡 | 2.7K 3:2生产力 高色域 人脸识别 | 网课学习 商务办公,8988.00,微软京东自营官方旗舰店,"去看二手
							5.7万+条评价"
43,100012417276,和谐号 设计师游戏台式机电脑主机(新十代i5 10400F/GTX1650 4GD6升级版/8GD4/256G固态) 电竞独显组装整套,3499.00,和谐号电脑京东自营官方旗舰店,5000+条评价
44,11375920457,ROG玩家国度 光魔G15DH 电竞吃鸡游戏台式电脑主机(AMD R7-3800X 16G 1TSSD GTX1660Ti 6G独显),7969.00,玩家国度ROG京东自营官方旗舰店,3600+条评价
45,10022240072715,联想V14 2020款14英寸高性能十代酷睿i7窄边框超薄本轻薄学生超极本商务办公手提游戏笔记本电脑 定制 i7-1065G7 20G 512G+1T MX350 2G独显 全高清屏 星空灰,7299.00,联想扬天京东自营授权旗舰店,900+条评价
46,27914580583,【新品】苹果（Apple）2019年新款ipad mini5平板电脑 7.9英寸 WLAN版 深空灰色 64G ( 官 方 标 配 ),2599.00,APPLE翔合专卖店,5.9万+条评价
47,55567331039,小米RedmiBook 16锐龙版 超轻薄六核全面屏高性能全金属商务办公学生上网手提笔记本电脑红米  六核R5-4500U 16G内存 512G固态,4068.00,小米瑞通专卖店,200+条评价
48,10022868270460,苹果（Apple）2020年新款 iPadPro 11英寸/12.9英寸轻薄办公学习 多合一平板电脑 11 灰色 + 官 方 标 配 128G WLAN版,5949.00,APPLE翔合专卖店,1.8万+条评价
49,10020021887035,"京品电脑	
戴尔DELL XPS13-7390 13.3英寸英特尔酷睿i7超轻薄商务办公轻奢笔记本电脑(i7-10510U 8G 512GSSD 高色域)银",13999.00,戴尔京东自营官方旗舰店,1.1万+条评价
50,10021690088658,ThinkPad笔记本 联想 E14（06CD）14英寸轻薄商务办公手提笔记本电脑i3-10110U 【定制升级】8G内存 256G固态硬盘 FHD屏,3299.00,ThinkPad定制版专卖店,1800+条评价
51,44496079701,华硕(ASUS) 灵耀13 英特尔酷睿 13.3英寸轻薄笔记本电脑 100%sRGB 人脸识别 i5-1035G1 8G 512GSSD 丁香银,5499.00,华硕电脑京东自营官方旗舰店,900+条评价
