﻿,goods_id,goods_name,goods_price,goods_store,goods_commit
0,49306691659,【酷睿i7+独显2G游戏本】15.6英寸超轻薄窄边框笔记本电脑吃鸡金属商务办公大学生本便携超级本手提 酷睿i7 + GT940M 2G独显 16G内存/256G M.2固态+1TB机械盘,4399.00,iru旗舰店,1800+条评价
1,100006208303,海尔（Haier）MIX8 23.8英寸微边框办公网课学习一体机电脑(八代四核N4100 8G 256G SSD 键鼠 Win10 JBL音响),2499.00,海尔电脑京东自营旗舰店,6500+条评价
2,68629944926,华为笔记本MateBook 14 2020款超薄本全面屏超极本轻薄本学生商务办公手提笔记本电脑 灰｜十代i5 16G 512G 独显触屏版【现货】 标配  预装Win10+Office软件,6588.00,笔吧官方旗舰店,2200+条评价
3,69358232348,攀升 战神水冷十代i7 10700F电竞游戏台式电脑主机/DIY组装机 配置二【十代i7 10700F GTX1660】 单主机,6199.00,攀升官方旗舰店,700+条评价
4,100014132676,"京品电脑	
机械师(MACHENIKE) 逐空T58旗舰版 15.6英寸游戏本笔记本电脑(8核i7-10875H 16G 512G RTX2060 6G 144Hz)",8199.00,机械师京东自营旗舰店,1万+条评价
5,19511884199,戴尔（DELL） OptiPlex 7070MT商用办公台式电脑主机i5/i7台式机7060升 单主机不带液晶 推荐】i5-10500 8G 1T机械 集显 定制,3499.00,戴尔商用瑞华专卖店,900+条评价
6,100013432980,联想(Lenovo)威6 2020款英特尔十代酷睿i5 14英寸商务办公窄边框学生轻薄手提笔记本电脑 定制 i5-1035G1/8G/1T+512G 2G独显 IPS全高清屏 星空灰,5069.00,联想扬天京东自营授权旗舰店,700+条评价
7,11893811344,ROG魔霸4Plus 十代8核英特尔酷睿i7 17.3英寸液金导热240Hz电竞屏游戏笔记本电脑(i7-10875H 16G 1T RTX2060),12979.00,玩家国度ROG京东自营官方旗舰店,1.2万+条评价
8,100012698256,纵横卓创 十代i5 10400/GTX1650双硬盘设计师渲染建模绘图视频剪辑游戏组装台式电脑主机 配置一：GTX1650显卡双硬盘/单主机,4199.00,纵横卓创组装电脑旗舰店,800+条评价
9,67657607490,【新款上市】联想V14 2020款全新商务办公超极本14英寸轻薄便携手提学生本游戏娱乐商用笔记本电脑 定制丨R3-3250U 8G内存 512G固态,3166.00,联想扬天航电授权专卖店,1900+条评价
10,100006773617,宏碁 (Acer) 墨舞EX215 15.6英寸轻薄大屏笔记本(四核N4120 4G 1T 蓝光护盾 网课 办公 Win10),2289.00,宏碁商用京东自营旗舰店,3800+条评价
11,53635657519,华为笔记本 MateBook 14 2020款 超轻薄本超极本全面屏商务办公手提电脑 灰｜十代i5 16G 512G MX350 触屏版 官方标配【预装正版Office】,6649.00,科族数码专营店,3500+条评价
12,46245157050,雷神(ThundeRobot) 新911MP伪装者 17.3英寸游戏笔记本电脑(十代八核i7-10875H 16G 256G+1T RTX2060 144Hz),9299.00,雷神京东自营官方旗舰店,2万+条评价
13,100013371760,戴尔（DELL）成就3671 商用办公台式机电脑 设计制图游戏主机 主机+23.8英寸高清显示器 i7-9700 16G 256G+2T 4G定制,6799.00,戴尔百诚台式机专卖店,1.6万+条评价
14,100014056792,戴尔（DELL） OptiPlex7070MT商用办公台式电脑主机酷睿i7游戏台式机主机3D建模设计 单主机不含显示器 设计师I7 32G1T+256G/1050Ti4G,6899.00,戴尔商用瑞华专卖店,4900+条评价
15,41546962273,【新品酷睿四核i7+IPS屏】15.6英寸轻薄金属笔记本电脑 超薄高性能游戏本办公商务本大学生超级本 高频版 酷睿i7+ 16G内存/256G固态,3399.00,iru旗舰店,3200+条评价
16,71688861272,和谐号 商誉  办公商用游戏台式电脑主机组装整机(九代酷睿i5-9400/8G/128G+1TB双硬盘 无线WiFi 3年上门),2899.00,和谐号电脑京东自营官方旗舰店,5000+条评价
17,52217859517,"京品电脑	
微星(msi)冲锋坦克2 GL65 15.6英寸游戏笔记本电脑(十代i7 16G 512G SSD RTX2070Super 144Hz 高色域)",10499.00,微星游戏本京东自营官方旗舰店,7300+条评价
18,71685671026,宏碁(Acer)墨舞EX215 15.6英寸轻薄办公笔记本(锐龙R5 8G 256GSSD 全高清 双硬盘位 影音办公 Win10),2999.00,宏碁商用京东自营旗舰店,2.3万+条评价
19,100007817146,攀升 商睿2代 企业采购/办公商用/家用游戏娱乐学习 台式机电脑整机 九代i3 9100/8G/240G SSD |,1999.00,攀升官方旗舰店,500+条评价
20,4560051,联想(Lenovo)S540 英特尔酷睿 i7 14英寸超薄本全面屏学生轻薄商务办公手提笔记本电脑 【定制I7-8565U/32G/512G固态】  R540X 2G独显  IPS全高清 银河灰,7089.00,联想扬天京东自营授权旗舰店,600+条评价
21,100013459776,苹果（Apple） Macbook pro 13.3英寸笔记本电脑 商务灰【视网膜屏】 【2020款】八代i5/8G/256G,9658.00,疆界旗舰店,300+条评价
22,68011991789,戴尔（DELL） Optiplex 3070MFF 迷你小机箱台式电脑  微型机客厅主机htpc 单主机（含键盘 鼠标） I3-9100T丨8G丨1T+128G固态丨带无线,2980.00,戴尔商用顺兴专卖店,1200+条评价
23,100015691134,戴尔（DELL）成就3881 台式机电脑主机商用办公设计制图家用炒股网课 单主机（无显示器） i5-10400 16G 512G固态 集显 定制,3979.00,戴尔新通路专卖店,800+条评价
24,58756438413,京天 Blitz 307 i3 10100/H410/8G DDR4/480G台式组装电脑/商务办公企业采购/家用定制游戏主机UPC,2199.00,京天（KOTIN）电脑京东自营旗舰店,9500+条评价
25,69727393228,京天 Design 710 i7 10700/Quadro P1000/16G DDR4/128G+2T台式主机设计师创意渲染图形组装电脑工作站UPC,6899.00,京天（KOTIN）电脑京东自营旗舰店,3800+条评价
26,24140653302,攀升 商睿P23 23.8英寸一体机电脑（十代i5-10400 16G 512GSSD WiFi 蓝牙 键鼠 3年上门）办公商用台式主机,3999.00,攀升京东自营官方旗舰店,2万+条评价
27,71491462693,华硕（ASUS）飞行堡垒8 天选 15.6英寸窄边框电竞屏游戏笔记本电脑学生手提 飞8 i5-10200H  GTX1650Ti 配置二 16G/512G  PCIE固态,6099.00,华硕金硕专卖店,9100+条评价
28,10021517238557,神舟(HASEE)战神S7-2021S5 14英寸轻薄游戏笔记本电脑（英特尔酷睿i5-1135G7 GTX1650 Ti 72%色域 16G 512G),5599.00,神舟电脑京东自营旗舰店,5.4万+条评价
29,100008170695,惠普（HP）星14青春版 十代酷睿14英寸窄边框商务办公学生轻薄游戏笔记本电脑 官方推荐【优雅银-锐龙版R3】 配置一：8G内存/256G固态,3399.00,惠普中成德胜专卖店,1.1万+条评价
30,69457750651,联想(Lenovo)扬天M4610d 2020款英特尔酷睿九代i3四核 网课家用商务办公台式电脑整机 21.5英寸全高清屏 定制 i3-9100/8G/1T+256G固态,3999.00,联想扬天京东自营授权旗舰店,800+条评价
31,10021254550853,新品华硕(ASUS) VivoBook15s 15.6英寸轻薄笔记本电脑 酷睿十代 商务办公学习电脑 15.6银 十代i7-1065G7 MX330 16G 512G+1T 定制,6499.00,华硕汉腾专卖店,1100+条评价
32,68629743053,名龙堂  i7 10700K/RTX2070S/RTX3070 8G台式组装电脑吃鸡主机DIY组装机,8499.00,名龙堂DIY电脑旗舰店,2100+条评价
33,100015225648,【酷睿i7+高性能独显】大学生游戏本 快速者K81轻薄本 15.6英寸笔记本电脑 酷睿i7+2G独显+ 16G内存+256G固态+1000G机械,4299.00,快速者电脑旗舰店,100+条评价
34,100005258005,华硕(ASUS) VivoBook14/15s 酷睿i5/i7 15.6英寸轻薄笔记本电脑商务办公 14英寸冰钻银 i5-1035G1 MX330 配置二 12G/512G PCIE固态,4499.00,华硕金硕专卖店,700+条评价
35,71277577292,机械革命(MECHREVO)X10Ti-S 十代酷睿i7 17.3英寸144Hz游戏笔记本电脑(i7-10875H 16G 512G PCIE RTX2070),9499.00,机械革命京东自营官方旗舰店,6.6万+条评价
36,100013459784,惠普（HP）战66 新品三代amd锐龙版笔记本电脑窄边框设计轻薄定制超极本商务学生游戏本 15.6” 高色域 R5-4500U 400尼特 16G内存/512G固态 配置三,4699.00,惠普远科专卖店,2300+条评价
37,100011498118,戴尔（DELL）Optiplex 7080MT 商用绘图设计主机游戏台式机电脑整机 7070升级款 定制i7/16G/256G+1T/1050Ti4G 全国联保 三年上门,7099.00,戴尔商用京东自营官方旗舰店,40+条评价
38,100008895084,华为笔记本MateBook 13 2020款超薄本全面屏轻薄本超极本商务本办公学生网课手提笔记本电脑 银｜十代i5 16G 512G MX250 触屏版 标配  预装Win10+Office软件,6399.00,笔吧官方旗舰店,1700+条评价
39,65500178035,"京品电脑	
联想(Lenovo)威6 2020款15.6英寸锐龙游戏商务办公学生轻薄高性能超薄本手提笔记本电脑 标配【八核R7-4800U/16G/512G固态】  100%sRGB IPS全高清屏 浩瀚银",5899.00,联想扬天京东自营授权旗舰店,2400+条评价
40,68468750946,联想(Lenovo)威6 十代酷睿 i7 2020款14英寸超薄本轻薄家用学生商务办公手提笔记本电脑 定制 i7-10510U 16G 512G+1T 2G独显 IPS全高清屏 银河灰,6599.00,联想扬天京东自营授权旗舰店,400+条评价
41,100007347107,机械师（MACHENIKE）逐空T58竞速版 15.6英寸游戏本笔记本电脑（十代酷睿i7 16G 512G GTX1650Ti 4G）,6599.00,机械师京东自营旗舰店,1万+条评价
42,46140264305,联想ThinkPad P53(0TCD)英特尔酷睿i5 15.6英寸设计师移动图形工作站(i5-9400H 8G 256GSSD T1000独显 3年保),8999.00,ThinkPad京东自营旗舰店,2700+条评价
43,67280043364,联想ThinkPad E495 笔记本电脑窄边框14英寸轻薄商务办公锐龙 升级：R5 16G+512G固态硬盘@03CD,3599.00,ThinkPad东南授权专卖店,3300+条评价
44,61983997378,攀升 V10 27英寸曲面一体机电脑（十代i5 GTX1650-4G独显 16G 512GSSD 机械键盘）设计师办公游戏台式主机,5999.00,攀升京东自营官方旗舰店,2万+条评价
45,5494016,"京品电脑	
戴尔(DELL)灵越AIO 5491 微边框 高色域 一体机台式电脑 23.8英寸(十代i7-10510U 8G 512GSSD 2G独显)银",6599.00,戴尔京东自营官方旗舰店,3.9万+条评价
46,10023355325456,联想(Lenovo)威6 2020款英特尔十代酷睿i5 14英寸商务办公窄边框学生轻薄手提笔记本电脑 定制 i5-1035G1/32G/1T+512G 2G独显 IPS全高清屏 星空灰,6069.00,联想扬天京东自营授权旗舰店,700+条评价
