﻿,goods_id,goods_name,goods_price,goods_store,goods_commit
0,100007557615,戴尔DELL XPS15-9500 15.6英寸英特尔酷睿i7 2020新款防蓝光全面屏设计笔记本电脑(十代标压i7-10750H 16G 512G GTX1650Ti 4G独显)银 送两年碎屏保,15999.00,戴尔京东自营官方旗舰店,1.1万+条评价
1,61833631820,苹果Apple  2019新款MacBook Pro16英寸 /15.4英寸笔记本电脑 新款 16英寸 512G 灰色,16988.00,APPLE翔合专卖店,2700+条评价
2,55779139151,华为笔记本电脑MateBook 14 2020款 轻薄本手提全面屏商务办公超极本 银｜锐龙R5-4600H 16G 512G 触屏版 标配【预装Office】,5899.00,华为千百回专卖店,1.3万+条评价
3,65425073570,华硕（ASUS）顽石6代14/15.6英寸轻薄便携商务办公笔记本电脑学生游戏本VivoBook15s 【14英寸】灰i5-8265U/MX110 配置三 8G/256G固态+1TB机械,3899.00,华硕金硕专卖店,8400+条评价
4,100013255296,联想ThinkPad X1 Yoga 2020(00CD)英特尔酷睿i7 14英寸翻转触控笔记本电脑(i7 16G 512GSSD WQHD)水雾灰,13999.00,ThinkPad京东自营旗舰店,1.5万+条评价
5,11038818378,戴尔（DELL）灵越5493燃5000 14英寸酷睿十代轻薄便携独显窄边框商务办公手提笔记本电脑 i5-1035G1 16G 512G固态硬盘 定制,4999.00,戴尔速达专卖店,7800+条评价
6,100013581592,机械师（MACHENIKE）创物者M 设计主机商用游戏台式机电脑（十代i5-10400 8G GTX1650Super 256G+1T ）,4499.00,机械师京东自营旗舰店,1.2万+条评价
7,10023790084685,联想ThinkBook 14s 酷睿版 英特尔酷睿 14英寸轻薄笔记本100%sRGB色域 11代i5 16G 512G 90%屏占比 机身薄至14.9mm,5999.00,ThinkBook京东自营旗舰店,40+条评价
8,100013599120,【新品酷睿四核i7+IPS屏】15.6英寸轻薄金属笔记本电脑 超薄高性能游戏本办公商务本大学生超级本 高频版 酷睿i7+ 16G内存/512G固态,3599.00,iru旗舰店,3200+条评价
9,58032017517,外星人(Alienware)R11 水冷电竞游戏台式电脑主机(十代i7-10700K 32G 512G 2T RTX2080SUPER 8G)白,24999.00,外星人京东自营旗舰店,1100+条评价
10,69437123079,变异者 商祺A3 SE 酷睿i3/8G/256G/华硕H81家用办公台式组装电脑主机,1878.00,变异者组装电脑京东自营旗舰店,500+条评价
11,10021254550852,雷神（ThundeRobot）911黑武士 吃鸡游戏台式机电脑主机做图设计编程165Hz曲面屏显示器 27英寸+水冷i7-10700/2070S-8G 32GB内存 1TB NVMe+2TB机械,12999.00,雷神汇智云端专卖店,1100+条评价
12,100008003933,联想笔记本电脑 ideapad15S 2020款 锐龙R5 超轻薄本商务办公笔记本电脑 手提游戏本 定制：R5-4600U 20G内存 512G固态,4299.00,联想华北授权专卖店,7800+条评价
13,11943085269,戴尔（DELL）Optiplex 7080MT 商用绘图设计主机游戏台式机电脑整机 7070升级款 标配 十代i7/16G/256G+1T/2G独显 全国联保 三年上门,6599.00,戴尔商用京东自营官方旗舰店,40+条评价
14,12575766395,荣耀平板V6 10.4英寸 WIFI6+ 华为麒麟985 2K全面屏 影音娱乐游戏学习办公平板电脑 6+128GB 5G版 钛空银,3199.00,荣耀京东自营旗舰店,36万+条评价
15,49391341629,戴尔（DELL）灵越5493/5593 燃5000 手提轻薄超极本商务办公网课学生游戏笔记本电脑 酷炫银|14.0英寸|i5-1035G1|2G独显 8G内存 512GPCI-E固态+1T机械 定制版,4399.00,戴尔华宏创天专卖店,3万+条评价
16,69398390906,AIERXUAN 焰魔G2 游戏本i7独显144Hz电竞屏 GTX1060/6G显卡 吃鸡笔记本电脑 焰魔G2/第七代 i7-7700HQ 16G内存+512G固态硬盘,5679.00,爱尔轩笔记本电脑旗舰店,4000+条评价
17,100006404041,联想（Lenovo）天逸510S商务办公家用个人台式机商用电脑酷睿十代I3迷你小机箱主机整机 单主机 四核I3-10100丨8G内存丨1T丨Win10,2599.00,联想华辉台式机授权专卖店,800+条评价
18,100013366012,京天 酷睿i7 10700F/RTX3070/16G内存 直播游戏台式电脑主机DIY组装,7999.00,京天DIY电脑旗舰店,100+条评价
19,51125317189,机械革命（MECHREVO）S2 14英寸(十代英特尔i7-10510U 8G 512G MX350 摄像头) 灰 网课 办公轻薄笔记本电脑,4999.00,机械革命京东自营官方旗舰店,5万+条评价
20,70696913024,联想（Lenovo）商用台式电脑 M920T I9-9900/16G/2T+256/DVDRW/集/喇叭/WIN10H64/400W/23英寸显示器,9999.00,,100+条评价
21,61985235949,京天 AMD 锐龙7 3700X/RTX2060/RTX3070独显吃鸡游戏台式电脑主机DIY组装机,6399.00,京天DIY电脑旗舰店,1200+条评价
22,8718002,华硕（ASUS）飞行堡垒7/8游戏本高清大屏15.6英寸商务学生轻薄便携吃鸡手提笔记本电脑天选游戏本 I7-10750H/8G/512G固态1650TI,6999.00,华硕金新荣专卖店,2000+条评价
23,10021034985222,联想（Lenovo）小新15 2020六核锐龙版15.6英寸大屏高性能轻薄商务办公游戏手提笔记本电脑  高色域丨R5-4600U 16G 512G 旗舰 IPS全高清屏  深邃银,5099.00,联想汇汉授权专卖店,2800+条评价
24,100001182519,攀升（IPASON）P86 AMD锐龙R5 2600/新品GTX1660 6G/华硕A320M/480GSSD/高频8G台式DIY组装电脑京东游戏UPC,3699.00,IPASON攀升电脑京东自营旗舰店,2.1万+条评价
25,68629944927,苹果（Apple）MacBook Air 13.3英寸笔记本电脑 【2020款金属银】四核i5/8G/256G 19点前付款当天发货,7988.00,疆界旗舰店,1400+条评价
26,100013599146,京天 Duel D6A I5 10400F/GTX1660 6G/240G SSD/16G DDR4内存/台式组装电脑吃鸡游戏主机UPC,4299.00,京天（KOTIN）电脑京东自营旗舰店,1400+条评价
27,72256464780,华为笔记本MateBook 14 2020款超薄本全面屏超极本轻薄本学生商务办公手提笔记本电脑 银｜十代i5 16G 512G 独显触屏版【现货】 标配  预装Win10+Office软件,6688.00,笔吧官方旗舰店,2200+条评价
28,100011384558,外星人(Alienware)R11 水冷游戏台式电脑主机(10700K 32G 1TSSD 2T RTX2080Ti 11G)黑,31999.00,外星人京东自营旗舰店,1100+条评价
29,10021466875258,戴尔（DELL）灵越5000 5593/5493 成就3401超极本学生办公女生轻薄本手提笔记本电脑 14英寸|银色|十代i3-1005G1|UHD 8G内存 512GPcie固态硬盘 定制版,3299.00,戴尔华宏创天专卖店,1.1万+条评价
30,69932716227,联想（Lenovo）威6 2020英特尔酷睿i5-14英寸轻薄笔记本电脑学生商用办公游戏本 2G独显 i5-1035G1 8G 1T+512G双硬盘定制,4799.00,联想扬天授权旗舰店,1.2万+条评价
31,56882562902,宏碁(Acer)新蜂鸟3 英特尔移动超能版 3:2生产力2K高清屏 全面屏轻薄本 学生笔记本电脑(i5/8G/512G/Win10)银,4199.00,宏碁京东自营旗舰店,6100+条评价
32,100014278616,【英特尔十代】全新四核15.6英寸超薄笔记本电脑 轻薄便携游戏本商务办公大学生女生款上网课超级本手提 十代J4115 8G内存 512G固态 办公商务游戏娱乐...,2768.90,爱尔游旗舰店,300+条评价
33,61621413021,戴尔（DELL）灵越5000 5493/5593 14/15.6英寸十代学生商务办公笔记本电脑 5593:i5-1035G1 MX230 2G独显 16G/512G固态 定制,4679.00,戴尔卓越专卖店,3600+条评价
34,100008713338,华为MateBook D 14/15 超薄笔记本电脑办公学生游戏商务本手提电脑 D15｜银R5-4500U/16G/512G/集显  带Win10系统/office办公软件,5199.00,华为肆玖专卖店,7600+条评价
35,71211945908,联想小新Air14英寸超轻薄笔记本电脑超极本办公游戏设计本2021款新一代酷睿i5可选 i5-1135G7 16G 512GMX450标配,6199.00,联想西南授权专卖店,6400+条评价
36,100015276932,和谐号XS7650设计师游戏台式机电脑主机(十代i5 10400F/1650 4G独显/8G/256G) 电竞独显组装整套+27英寸曲面,4499.00,和谐号电脑京东自营官方旗舰店,5000+条评价
37,46278793173,联想ThinkBook 酷睿十代i5/i7 指纹解锁轻薄设计师游戏笔记本电脑ThinkPad FHD 15P-01CD 十代i5标压 GTX1650电竞 16GB内存 512GB固态傲腾增强版 定制,6399.00,ThinkPad华东授权专卖店,600+条评价
38,31595170133,机械革命（MECHREVO）EX660T游戏设计商用台式电脑主机（I5-9400 8G 512G PCIE GTX1660ti 6G独显 三年上门）,4699.00,机械革命京东自营官方旗舰店,2500+条评价
39,100015462724,火影T7/T7A  RTX2060独显17.3英寸72%色域144Hz电竞全面屏游戏本笔记本电脑 T7A：R7/16G/512G/72%144Hz,7888.00,火影游戏本旗舰店,600+条评价
40,55286544725,机械革命（MECHREVO）MR EX660-S游戏商用台式电脑主机（i5-10400 16G 256G PCIE+1T GTX1660S 6G  WIFI）,5199.00,机械革命京东自营官方旗舰店,2500+条评价
41,13822378649,"惠普（HP）旗舰店 星14系列青春版 14英寸学生窄边框超轻薄新锐龙笔记本电脑 全新R3-3250U IPS微边框 14.0"" 旗舰版：8G 512G PCIE固态【热款】",3799.00,惠普授权旗舰店,7300+条评价
42,21235096374,戴睿2020指纹解锁超轻薄笔记本电脑15.6英寸窄边框全新四核便携手提学生商务办公游戏上网本背光键盘 贵雅红 【套餐3】【限量升级】8存+256G固态+500G,2058.00,戴睿旗舰店,2.1万+条评价
43,10023365907330,联想（Lenovo) AIO520X高色域一体机台式电脑23.8英寸（i7-10700T 16G 1T+512G SSD 2G独显 无线充电底座）,8299.00,联想京东自营旗舰店,9100+条评价
44,61123578376,戴尔（DELL）灵越5493/5593燃5000学生游戏设计商务办公轻薄家用手提笔记本超极本女电脑 高配 i5-1035G1/8G/512G/2G独显,4388.00,戴尔佳富惠呈专卖店,4600+条评价
45,100015706998,【定制WIN7专业版】联想台式机 商用办公税控台式电脑主机开票电脑 WIN7系统电脑整机 大机箱主机+21.5英寸显示器 定制：G3930T 4G 500G 无光驱 W7,2899.00,联想扬天华南授权专卖店,9100+条评价
46,10020808873393,Apple苹果 新款MacBook Pro13.3英寸超薄笔记本电脑支持Air drop 标配 256G 灰色+鼠标,9788.00,APPLE翔合专卖店,7600+条评价
47,100016424218,【酷睿i7 指纹解锁】酷耶 15.6英寸 笔记本电脑 游戏本 轻薄本 商务本 轻便手提家用办公 酷睿i7 6650U/8G/512G 6秒开机,3399.00,cooyes笔记本官方旗舰店,1万+条评价
48,69118133151,华硕笔记本电脑15.6英寸大屏轻薄本窄边框商务办公学生学习手提电脑锐龙VivoBook系列 当天发货15.6英寸银色丨R5-3500U四核丨  配置一 8G/256G固态硬盘,3488.00,华硕奇达专卖店,3500+条评价
49,100014902226,戴尔dell灵越5401微边框高色域台式机一体机电脑家用办公23.8英寸（十一代i5-1135G7 8G 256GSSD）银,5199.00,戴尔京东自营官方旗舰店,3.9万+条评价
50,100007262185,戴尔（DELL）智锐3410（Latitude）14英寸商务办公超轻薄笔记本电脑 Cel5205 集显 定制 8G内存 128G固态 1T机械,3098.00,戴尔商用京东自营官方旗舰店,300+条评价
51,30500681911,华硕(ASUS) 灵耀X逍遥 英特尔Evo平台11代酷睿i7 13.3英寸轻薄4K OLED触控笔记本(i7-1165G7 16G 1TB)墨玉黑,10999.00,华硕京东自营官方旗舰店,3200+条评价
52,100016391168,惠普（HP）战66 四代 轻薄窄边框娱乐商用办公游戏本笔记本电脑绘图学生设计轻薄本 【15.6英寸】高色域11代i5+MX450-2G 16G内存 512G固态PCIE【配置二】,5569.00,惠普远科专卖店,1200+条评价
53,100008827389,AOC AIO大师721 21.5英寸高清IPS屏一体机台式电脑 (九代G4930 8G 256GSSD 双频WiFi 蓝牙 3年上门 商务键鼠),2599.00,AOC电脑京东自营旗舰店,11万+条评价
54,100014278642,"京品电脑	
联想ThinkBook 13s(1VCD)酷睿版 英特尔酷睿i7 13.3英寸超轻薄笔记本电脑(十代i7-10510U 16G 512G傲腾SSD)",6899.00,ThinkPad京东自营旗舰店,6600+条评价
