﻿,goods_id,goods_name,goods_price,goods_store,goods_commit
0,100004105305,海尔（Haier）云悦mini N-S78 迷你主机台式电脑商用办公游戏主机(九代i5-9400 8G 256G SSD 双频WIFI Win10),2799.00,海尔电脑京东自营旗舰店,7200+条评价
1,100007726672,华硕(ASUS) TS10 商用办公家用教学 口红大小口袋电脑棒 电脑主机 (Intel® Atom Z8350 正版Win10 三年上门),899.00,华硕京东自营旗舰店,3200+条评价
2,100013839038,七彩虹（Colorful） 黑鳍鲨游戏台式电脑主机（AMD锐龙5 3500X GTX1650super 8GB 256G 3年免费上门）,3399.00,七彩虹京东自营旗舰店,100+条评价
3,100008240987,海尔（Haier）天越H700高能版商用办公台式套机（i5-10400 8G 512G SSD wifi 键鼠win10  3年上门)21.5英寸,3499.00,海尔电脑京东自营旗舰店,7200+条评价
4,100015419352,"京品电脑	
荣耀猎人HONOR HUNTER V700 16.1英寸游戏笔记本电脑(i5-10300H 16G 512G GTX1660Ti 144Hz 100%sRGB)幻夜黑",7499.00,荣耀京东自营旗舰店,8900+条评价
5,100007751207,戴尔(DELL)XPS8940 设计师/游戏 高性能台式机电脑主机(十代i7-10700 8G 512G 1T GTX1660Ti 6G 三年上门)黑,9999.00,戴尔京东自营官方旗舰店,6700+条评价
6,100013308596,联想ThinkPad X13(03CD)酷睿版 英特尔酷睿i5 13.3英寸高性能轻薄笔记本电脑(i5-10210U 16G 512G 100%sRGB),6999.00,ThinkPad京东自营旗舰店,3.5万+条评价
7,100014526902,攀升迁跃者M迷你办公游戏台式机电脑主机（AMD锐龙7nm 6核R5-4650G 16G 512GSSD WiFi 蓝牙 3年上门）全铝版,3499.00,攀升京东自营官方旗舰店,4.6万+条评价
8,66668184612,联想（Lenovo）小新13十代酷睿i5轻薄本 2020款高色域笔记本电脑 商务设计游戏便携设计本 标配丨i5 10210U 8G 512G 独显 13.3英寸 银色,4649.00,联想航电授权专卖店,2.8万+条评价
9,10021985415111,雷神 911星战Plus2代17.3英寸144Hz全面屏RTX2060独显十代i5游戏笔记本电脑 标配-16G/512G/RTX2060,7899.00,ThundeRobot雷神游戏本旗舰店,200+条评价
10,71989008673,海尔（Haier）睿X1S 360度翻转触控轻薄商务办公学习笔记本（Intel四核 8G 128G） 浅灰色,2099.00,海尔电脑官方自营旗舰店,200+条评价
11,100014632786,惠普（HP）战X 锐龙版 14英寸高性能轻薄笔记本电脑（锐龙6核12线程 R5Pro-4650U 16G 512G 400尼特高色域 ）,5299.00,惠普京东自营官方旗舰店,7600+条评价
12,100012443348,"京品电脑	
华硕(ASUS) 灵耀X2 Duo 英特尔酷睿i7 双屏轻薄14英寸设计办公笔记本电脑(i7-10510U 16GB 1T 高色域)翡翠玉",10999.00,华硕京东自营官方旗舰店,2800+条评价
13,55580498126,华硕笔记本电脑 7nm新锐龙Redolbook M5600 14/15.6英寸轻薄学生办公手提 15.6英寸 M5600  耀夜黑 R5-4500U/16G/512G固态 窄边框,4399.00,华硕恩荣专卖店,1100+条评价
14,100010425326,AOC 的卢916 游戏台式电脑主机 (九代酷睿 i5-9400F 8G 512GSSD GTX1660 SUPER 6G独显 三年上门)电竞吃鸡,4699.00,AOC电脑京东自营旗舰店,3000+条评价
15,100015522156,"京品电脑	
华硕(ASUS) 飞行堡垒8 英特尔酷睿i7 15.6英寸游戏笔记本电脑(i7-10870H 16G 512G GTX1660Ti ) 龙珠定制版",8199.00,华硕京东自营官方旗舰店,2.3万+条评价
16,10020873273072,戴尔（DELL）OptiPlex 7070MFF 微型台式电脑迷你小主机 台式机商用办公客厅HTPC 定制 i7-9700T/16G/256G+1T 内置WiFi+蓝牙 全国联保 三年上门,5198.00,戴尔商用京东自营官方旗舰店,200+条评价
17,10022235215035,联想（Lenovo）AIO520X 23.8英寸 英特尔酷睿 微边框 一体机电脑 商务办公家用电脑 i5-10400T 16G 512G固态硬盘,5499.00,联想京东自营官方旗舰店,80+条评价
18,68005035431,【多仓发货】海尔（haier）窄边框 笔记本电脑轻薄 学生网课 办公手提电脑 【15.6英寸】S15Pro 8G内存 128G存储【惠】,1958.00,海尔电脑旗舰店,1万+条评价
19,69028261141,联想V340 2020款14英寸高端性能十代酷睿i7超薄本全面屏学生商务办公轻薄游戏手提笔记本电脑 定制i7-10510U 16G 512G+1T 2G独显 IPS全高清屏 星空灰,7199.00,联想扬天京东自营授权旗舰店,1200+条评价
20,100003438633,小米笔记本电脑RedmiBook 14 二代高性能全金属超轻薄红米学生网课游戏办公手提荣耀银手机互传 【Ⅱ代六核R5-4500U 16G 512G固态】 预装Office办公软件,3799.00,小米官方授权专卖店,2500+条评价
21,29182980236,"京品电脑	
雷神（ThundeRobot）911黑武士Ⅱ 英特尔酷睿i7 水冷游戏台式电脑主机（i7八核 16G RTX2060 256G SSD+1T）",6699.00,雷神京东自营官方旗舰店,2.5万+条评价
22,10020860098526,神舟战神ZX6/TX6-CU5DA十代六核i5 GTX1650/1660Ti独显手提游戏本笔记本电脑 ZX6-CU5高配16+512/十代六核+144,5788.00,神舟大本航专卖店,6900+条评价
23,100003372211,戴尔（DELL）Optiplex 7070MT 商用绘图设计主机3D渲染建模游戏台式机电脑整机 定制 i7-9700/16G/1T+128G/集显 全国联保 三年上门,5199.00,戴尔商用京东自营官方旗舰店,700+条评价
24,55334840624,机械师（MACHENIKE）MK 27英寸全高清显示器144Hz电竞屏126%sRGB广色域1800R曲面微边框 1920*1080分辨率,1599.00,机械师京东自营旗舰店,2300+条评价
25,11943085277,小黄鱼 十代i5 10400F 游戏台式电脑主机 16G内存 电竞直播组装全套整机 单主机（不带显示器） 套餐一 华硕5500XT 8G+512G SSD,4299.00,小黄鱼旗舰店,1300+条评价
26,10023115305787,戴尔（DELL）灵越5493/5593 燃5000 手提轻薄超极本商务办公网课学生游戏笔记本电脑 酷炫银|15.6英寸|i5-1035G1|2G独显 8G内存 512GPCI-E纯固态硬盘 定制版,4199.00,戴尔华宏创天专卖店,3万+条评价
27,100005170603,宏碁(Acer)旗舰店新蜂鸟FUN 14英寸S40十代酷睿i5轻薄高性能网课办公游戏笔记本电脑手提女 佛系银【十代i5-10210U/MX350-2G】 标配版：8G/512G PCIe SSD 店长,3988.00,Acer宏碁旗舰店,100+条评价
28,57533147474,AOC 荣光910 高性能商用办公台式电脑主机 (新九代i5-9400 8G 240G+1T双硬盘 三年上门 商务键鼠 ),3099.00,AOC电脑京东自营旗舰店,6200+条评价
29,1362852431,联想小新air14 14英寸2021酷睿11代i5超轻薄笔记本电脑学生青春超极本商务办公游戏本网课本 标配|11代i5 8G 256G固态 MX450 2G独显 金属机身,5199.00,联想育新授权专卖店,1.5万+条评价
30,100012481710,武极 新i7 9700K升10700K/华硕RX 5600XT/水冷游戏台式吃鸡电脑主机DIY组装机,7188.00,武极电脑DIY旗舰店,2万+条评价
31,100013676176,宏碁(Acer)蜂鸟Fun 14英寸轻薄本 学生商务办公wifi6笔记本电脑(英特尔酷睿i5-10210U 8G 512G MX350独显)蓝,3799.00,宏碁京东自营旗舰店,2.2万+条评价
32,70804564817,微星 MSI 海皇戟 迷你游戏台式电脑电竞主机星空黑（十代i5-10400F 8G GTX1660Super  512G SSD+1T)三年上门,5588.00,微星京东自营旗舰店,1600+条评价
33,71403507058,戴尔（DELL）灵越5490/3280家用办公一体机台式电脑全套财务21.5/23.8英寸微边框主机 5405U 8G 256G固态 集显 黑 定制,2899.00,戴尔菱悦专卖店,500+条评价
34,100007617140,狄派 英特尔酷睿十代i5/i7-10700八核台式电脑主机整机全套6G独显办公游戏电竞组装电脑 单主机 配置四(i5-10400F+1660S 三年保）,4699.00,狄派电脑旗舰店,3900+条评价
35,69822495174,"京品电脑	
华为平板M6 8.4英寸高能版影音娱乐游戏学习平板电脑6GB+128GB WIFI（幻影红）",2499.00,华为京东自营官方旗舰店,"去看二手
							34万+条评价"
36,10021402522941,联想ThinkPad X1 Carbon 2020 英特尔酷睿i5/i7 14英寸轻薄商务笔记本电脑 i7-10510U 16G 512G固态 00CD,13999.00,ThinkPad京东官方自营旗舰店,300+条评价
37,100009166617,联想小新Pro14 2021新款11代i5高端金属超轻薄本2.2K高色域全面屏人脸识别手提笔记本电脑 银色 i5-1135G7 16G 512G丨标配 MX450独显 2.2K高清全面屏,7099.00,联想众信授权专卖店,3800+条评价
38,100014226518,宁美国度 卓 商用办公台式机电脑主机（十代i3 10100 8G 256G 送键鼠 三年上门）迷你电脑,1999.00,宁美国度一体机京东自营旗舰店,1500+条评价
39,10023456636888,AOC AIO大师721 23.8英寸高清IPS屏办公家用一体机台式电脑 (酷睿i5-9400 8G 512GSSD WiFi蓝牙 3年上门),3999.00,AOC电脑京东自营旗舰店,11万+条评价
40,100014000526,宏碁(Acer)新蜂鸟Fun 14英寸笔记本电脑 学生商务办公窄边框轻薄便携手提本 樱花粉(i5-1135G7-16G-512G ),3799.00,宏碁京东自营官方旗舰店,100+条评价
41,30424761200,联想(Lenovo)扬天M4610d 2020款英特尔酷睿九代i3四核 网课家用商务办公台式电脑整机 21.5英寸全高清屏 定制 i3-9100/8G/1T+128G固态,3799.00,联想扬天京东自营授权旗舰店,800+条评价
42,100013681630,"京品电脑	
ROG幻14 轻薄商务办公设计师14英寸2K屏笔记本电脑(锐龙R7-4800HS 8核 7nm 16G 512GSSD RTX2060MaxQ)经典黑",9979.00,玩家国度ROG京东自营官方旗舰店,9800+条评价
43,100004442453,戴尔（DELL）OptiPlex 7070MT I7商用办公台式机整机设计电脑游戏主机7060MT 单主机（无显示器） 定制：i7/16G/256G/1T/4G独显,6149.00,戴尔商用雷泰龙专卖店,2700+条评价
44,100005625356,微星 MSI 海皇戟 迷你游戏台式电脑电竞主机（十代i7-10700 16G GTX1660Super  512G SSD+1T)三年上门,8388.00,微星京东自营旗舰店,1600+条评价
45,100008156059,联想威6 2020款15.6/14英寸全新锐龙R5六核高性能超薄本游戏学生轻薄商务办公手提笔记本电脑 14英寸标配R5-4600U 16G 512G 100%sRGB 高色域 IPS全高清 浩瀚银,5369.00,联想扬天京东自营授权旗舰店,700+条评价
46,100007938889,"京品电脑	
联想(Lenovo)YOGA C940 英特尔酷睿i7 14.0英寸超轻薄笔记本电脑移动超能版(i7-1065G7 16G 1T UHD)深空灰",10999.00,联想京东自营旗舰店,4.7万+条评价
47,65500178036,AOC AIO大师734 23.8英寸高清办公一体机台式电脑 (九代酷睿i5-9400 16G 512G固态 双频WiFi 3年上门 键鼠),4299.00,AOC电脑京东自营旗舰店,11万+条评价
48,25613387106,"京品电脑	
小米Redmi G游戏本 16.1英寸(第十代英特尔酷睿i5-10300H 16G 512G GTX 1650TI  144Hz 黑)笔记本电脑",6299.00,小米京东自营旗舰店,9.5万+条评价
49,10020856709808,LG gram20款17英寸 WQXGA 16:10 80Wh长续航 十代酷睿i5-1035G7 16G 512GB 轻薄笔记本电脑银色 17Z90N-V.65,10199.00,LG笔记本电脑京东自营旗舰店,1万+条评价
50,100016079898,宏碁（Acer）旗舰店 暗影骑士·擎 轻刃版15.6英寸十代酷睿标压高色域电竞屏手提游戏本笔记本电脑 十代i5-10300H/GTX1650Ti  电竞版：16G 512G SSD【电竞推荐】,7188.00,Acer宏碁旗舰店,5600+条评价
51,100009160681,"惠普（HP） 星14青春版 十代酷睿 2020新品14英寸超薄笔记本 轻薄时尚学生电脑 i5-10210U 14.0""银 预装office 8G 512G PCIE【学生精选】",4399.00,惠普授权旗舰店,9500+条评价
52,58818922345,戴尔（DELL）OptiPlex 3070MFF 微型台式电脑迷你小主机 台式机商用办公客厅HTPC 标配 G5420T/4G/128G 内置WiFi+蓝牙 全国联保 三年上门,2048.00,戴尔商用京东自营官方旗舰店,300+条评价
53,10023356780642,攀升 商睿P23Pro 23.8英寸一体机电脑（十代i3-10100 16G 256G 旋转升降 摄像头 3年上门）办公商用台式主机,3299.00,攀升京东自营官方旗舰店,2万+条评价
54,100004427195,雷神（ThundeRobot）911黑武士三水冷游戏台式电脑主机（十代i7-10700K 16G RTX3070 512G+2T 3年上门）,12099.00,雷神京东自营官方旗舰店,2.1万+条评价
55,10021988200084,华硕（ASUS）灵耀Deluxe14s 十代英特尔酷睿i7 14.0英寸双屏轻薄笔记本电脑 2G独显 尊爵蓝 双屏 预装Office i7-10510U 8G 512G固态 72%色域,6289.00,华硕电脑官方旗舰店,900+条评价
