﻿,goods_id,goods_name,goods_price,goods_store,goods_commit
0,40956285029,自带WiFi i5 10400/A9八核台式电脑主机/LOL游戏办公组装电脑/DIY高配全套 鑫锐,1999.00,鑫锐电脑旗舰店,1100+条评价
1,10021950549475,联想(Lenovo) 威6 2020十代酷睿 14英寸高性能超轻薄笔记本电脑手提商务办公独显游戏本 i7-10510U 16G内存 512G固态 2G独显 全高清屏 银河灰 精装升级,5566.00,联想佳运汇通专卖店,4500+条评价
2,71444957156,2020新款平板电脑12英寸全网通4g安卓平板手机十核10g平板高清学习机超薄大屏娱乐吃鸡游戏平板 小米蓝128g（免费试用+分期免息+鼠标蓝牙键盘） 12英...,638.00,博智星颍川世家专卖店,3800+条评价
3,27689962581,intel 十代酷睿i5-10400/16G/m2固态/GTX1650 4G独显 组装台式电脑主机,3497.00,紫客电脑配件旗舰店,70+条评价
4,65248047260,神舟战神Z7M/Z8系列酷睿标压处理器GTX1650Ti RTX2060 独显电竞游戏笔记本手提电脑 Z8-CU5升级版 十代i5 16G 2060独显 官方标配/定制,6699.00,神舟天美专卖店,2.1万+条评价
5,60080731080,惠普（HP）200G7 15.6英寸轻薄笔记本电脑 学生本 网课日常 上网本办公本英特尔十代酷睿 i3-1005G1/8G/256G固态硬盘/ 黑灰色 精装定制,3299.00,惠普峻峰专卖店,3400+条评价
6,62876559888,联想（Lenovo）扬天V14-14英寸笔记本电脑十代酷睿i3 全新版轻薄便携商务办公学生本 标配：i3-1005G1 8G内存 256G固态 MX330-2G独显 微窄边框全高清屏,3499.00,联想天佑专卖店,4400+条评价
7,64956138009,【十代新品】微星msi 海皇戟3 Trident3 迷你主机 台式机电脑 商务建模设计师电脑 黑i7-10700 RTX2060super-8G 16G内存 512固态+2t机械,9388.00,微星圣元授权专卖店,400+条评价
8,59965533667,华硕(ASUS)灵耀X2 Duo英特尔酷睿十代 14英寸智慧双屏创意设计轻薄笔记本电脑 翡翠玉 i5-10210U 8G 512G固态 2G独显,7999.00,华硕电脑官方旗舰店,1600+条评价
9,65358061498,联想ThinkPad  E15 锐龙版15.6英寸商务办公游戏轻薄学生笔记本电脑四核R3-4300U 8G内存 256G固态 定制 05CD 全高清屏 Office A面金属,3499.00,ThinkPad广东授权专卖店,1000+条评价
10,65533092497,联想（Lenovo）V330 14英寸超轻薄独显商务办公学生手提笔记本电脑 A4-9125 4G内存 500G硬盘 2G独显 全高清屏 星空灰 精装升级,2699.00,联想佳运汇通专卖店,4000+条评价
11,69607622670,华硕VivoBook15S笔记本电脑酷睿十代i5 全面屏轻薄本学生办公游戏手提电脑 15.6寸冰晶银十代i51035G1 配置五  12G/512固态,4699.00,华硕奇达专卖店,1100+条评价
12,10020457972740,华为笔记本 MateBook 14 全面屏超极本 2020新款14英寸2K轻薄本商务办公笔记本电脑 十代i7/16G/512G/独显/触屏/银 官方标配含赠品礼包,7799.00,华为比特专卖店,1900+条评价
13,70133298118,苹果（Apple）2020款 MacBook Air 13.3英寸超轻薄学生办公手提笔记本电脑 国行 【2020款】MacBook Air【商务灰】 【旗舰版】十代i5/8G/256G/视网膜屏,8088.00,苹果百桔专卖店,700+条评价
14,65223620944,联想ThinkPad E系列 锐龙版 R3 2020款 轻薄本 商务办公学生游戏笔记本电脑 AMD E15 R3-4300U 4核处理器@05CD 8G内存丨512G SSD固态硬盘 升级定制,3899.00,ThinkPad成都授权专卖店,600+条评价
15,10020457972742,ROG 幻14 AMD锐龙4000 14.0英寸2K屏72%ntsc 指纹识别 轻薄游戏本笔记本电脑 经典白 R7 4800HS 2060MQ 16G 512G SSD 2K 60Hz,9969.00,玩家国度ROG官方旗舰店,1600+条评价
16,65442598357,联想ThinkPad T495 14英寸轻薄商务办公游戏笔记本电脑AMD锐龙R5 PRO-3500U 16G内存 512G高速固态@02CD定制 FHD高清屏 指纹识别,4898.00,ThinkPad华东授权专卖店,500+条评价
17,32114127142,联想ThinkPad E系列 锐龙版 R3 2020款 轻薄本 商务办公学生游戏笔记本电脑 AMD E15 R3-4300U 4核处理器@05CD 12G内存丨512G SSD固态硬盘 升级定制,4099.00,ThinkPad成都授权专卖店,600+条评价
18,100013800234,戴尔（DELL）燃5000灵越5493 14.0英寸十代酷睿商务办公学生轻薄笔记本电脑 十代i5-1035G1四核/2G 独显 8GB内存PCIe512G纯固态无机械定制,3788.00,戴尔奥莱专卖店,700+条评价
19,70488240222,神舟战神Z7M/G8系列酷睿标压处理器RTX2060/GTX1650独显全面屏游戏本笔记本电脑 Z7-CU5NB/十代i5/8G/512G/独显,5388.00,神舟游戏本专卖店,5.7万+条评价
20,30240053593,AMD2020新款R5锐龙六核高色域商务学生轻薄高颜值游戏商务笔记本设计手提电脑 8G内存 512G固态硬盘 15.6英寸|标配 R5-4600U 指纹识别 皎洁银 精装升级,4299.00,联想商用西安佳运授权专营店,6200+条评价
21,10021297286686,神舟(HASEE)战神Z10-CU7PF 英特尔酷睿i7-10750H RTX2070Super 8G 15.6英寸4K OLED笔记本电脑(16G 512G+1T),9999.00,神舟电脑京东自营旗舰店,5100+条评价
22,69131201725,联想2020新十代酷睿IdeaPad14s 小清新笔记本电脑超轻薄游戏本15大学生家用设计商务办公本 i3-10110U 8G内存 512G固态 |标配   防眩光高清屏 升级版 亮银色,3499.00,联想德信专卖店,1万+条评价
23,42229849233,小米笔记本Air 12.5英寸2020爆款新网课 学习全金属超轻薄笔记本电脑 移动商务办公 手提电脑 M3 4G 256G SSD 银色,3499.00,小米大联大专卖店,900+条评价
24,36947023805,神舟战神ZX6/TX6-CU5DA十代六核i5 GTX1650/1660Ti独显手提游戏本笔记本电脑 ZX6Ti-高配版/16G/十代六核+1650Ti,5788.00,神舟大本航专卖店,6900+条评价
25,10022036582945,【新品10代酷睿处理器】四核学生游戏笔记本电脑 高性能游戏本 快速者Z18商务办公便捷轻薄本 十代酷睿i3双核四线程 8G内存+256G固态,2988.00,快速者电脑旗舰店,800+条评价
26,28037925191,微软（Microsoft）全新 Surface Go 2二合一平板电脑笔记本10.5英寸轻薄便携办公 GO2 4425Y/8G内存/128G存储 官方标配+原装键盘+大礼包,4488.00,微软上海美闵专卖店,2000+条评价
27,68195329537,【十代新品】AOC739一体机电脑曲面屏超薄家用办公游戏四核i3 i5 i7六核台式高配整机全套 八核i7 9700+16G+1TB固态,5899.00,AOC电脑海克专卖店,1600+条评价
28,47473375135,14英寸10代U窄边框金属轻薄商务办公学生手提笔记本电脑 i5-10210U 8G 512G 2G独显定制 2G独显 极速快充  全国一年上门服务 定制升级,4289.00,戴尔宇熙世纪专卖店,1400+条评价
29,47166385879,宁美 i5 10400F/RTX2060 漫威联名游戏电脑主机电竞组装电脑/DIY台式机 标准版【10400F+RTX2060】,5199.00,宁美官方旗舰店,30+条评价
30,38479537660,联想（Lenovo) AIO520X Max一体机全面屏家用台式电脑商用办公设计游戏台式机十代酷睿 标配I5-10400T 16G 2T+512G固态 GTX1650-4G独显 27英寸 灰色,8999.00,联想同诚台式机授权专卖店,500+条评价
31,71683358627,戴尔（DELL）灵越5300燃5000十代酷睿i5/i7女大学生游戏办公轻薄设计师粉色手提笔记本电脑 72%高色域屏 | 四边窄边框 | 13.3英寸 i5-10210U/8G/512G/MX330银,5688.00,戴尔佳富惠呈专卖店,500+条评价
32,56241821272,惠普（HP）星14青春版 星系列 14英寸窄边框轻薄笔记本电脑AMD锐龙超极本女学生游戏商务 星空银：R3-3250U IPS 微边框 畅玩版：8G 256G SSD 纯固态,3499.00,惠普老熟人专卖店,1800+条评价
33,69814558493,联想小新15笔记本电脑 2020款十代酷睿i5独显15.6英寸全面屏学生设计商务办公游戏轻薄本 升级：I5-1035G1 8G 1T+256固态 全新MX350 2G独显,5699.00,联想华南授权专卖店,1.2万+条评价
34,53678386266,戴尔(DELL)成就3671商用办公家用网课财务炒股台式电脑 定制主机支持win7九代I5-9400 主机+23.8英寸显示器全套 定制:i5/16G/1T硬盘,4399.00,戴尔鼎新台式机专卖店,2200+条评价
35,12592739620,【王源代言】联想ThinkBook 轻薄商务办公笔记本电脑 十代酷睿i5/i7 ThinkBook 15-3QCD i7-1065G7 10nm架构 8G内存 512G固态硬盘 官方标配,5299.00,ThinkPad成都授权专卖店,1100+条评价
36,14108281440,华硕笔记本电脑 顽石M5050/Y4200/M4050超薄本商务学生办公游戏手提电脑轻薄便携电脑 15.6英寸丨荣耀银丨速龙3050U 定制 4G内存丨256G固态,3299.00,华硕金新荣专卖店,3400+条评价
37,10021240461859,联想ThinkPad T14 2020款 14英寸轻薄高性能商务办公笔记本电脑【自营同款】 i7/16G/512Gb/FHD/核显/0H升级 Office 指纹/人脸识别 Win10,8499.00,ThinkPad上海授权专卖店,1200+条评价
38,59390326417,联想ThinkPad E480 14英寸FHD高分屏轻薄笔记本电脑游戏本 酷睿i5-8250U 【银色】16G 512G@4LCD定制 WIN10系统,4399.00,ThinkPad华东授权专卖店,2800+条评价
39,13445046813,联想小新Pro 13.3英寸 2020锐龙版 超清全面屏高色域轻薄办公笔记本电脑 标配：六核R5-4600U 16G 512G固态,5669.00,联想华南授权专卖店,3000+条评价
40,69457750649,APPLE苹果 19款/20款 iMac一体机21.5英寸台式电脑主机 银色 【2020款】双核i5/8G/256G固态-K03,8288.00,圳豪数码专营店,1200+条评价
41,36944861358,联想（Lenovo）V340 2020十代酷睿i5 14英寸超轻薄高性能办公游戏学生手提笔记本电脑 i5-1035G1 16G内存 1T PCIe固态 2G独显 背光键盘 IPS屏 星空灰 精装升级,5399.00,联想佳运汇通专卖店,5700+条评价
42,71727020624,【2020款指纹解锁】全新十代笔记本电脑15.6英寸窄边框轻薄大学生游戏女生款便携办公商务手提超级本 十代5205U 8G内存 256G固态 轻薄商务游戏金属本,2599.00,爱尔游旗舰店,200+条评价
43,71179118061,戴尔（DELL）灵越5391燃5000笔记本13.3英寸紫色轻薄商务办公女大学生超薄超极本手提电脑 办公 | 十代处理器 星光银【72%高色域】13寸 【标配版】双核...,3599.00,戴尔佳富惠呈专卖店,1900+条评价
44,100007032199,戴尔（DELL）2020款 灵越G3 3500 15.6英寸高性能游戏本电竞设计师笔记本电脑 i5-10200H GTX1650Ti 4G独显 16G/256G+1T定制,6099.00,戴尔卓越专卖店,2200+条评价
45,62253921781,惠普（HP）战66 新品三代amd锐龙版笔记本电脑窄边框设计轻薄定制超极本商务学生游戏本 15.6” 高色域 R5-4500U 400尼特 8G内存/512G固态 配置一,4399.00,惠普远科专卖店,2300+条评价
46,71000696463,惠普（HP）ENVY13 X360笔记本电脑13.3英寸变形本平板二合一触控屏翻转 【360翻转触控/高清屏/高色域】 木纹黑R3-4300U/8G/256G/定制,5299.00,惠普蓝星专卖店,1500+条评价
47,67560576397,华为笔记本电脑 MateBook 14英寸 2020新款2K全面屏多屏协同超轻薄商务办公学生手提本 20款银｜R7-4800H/16G/512固态触屏,6599.00,华为新通路专卖店,6500+条评价
48,54845472082,华为荣耀笔记本MagicBook 14/15英寸薄窄边框级轻薄学生商务办公游戏手提笔记本电脑 D14 R5-4500U 16 512【14英寸】 官方标配,4899.00,金博盛笔记本专营店,2700+条评价
49,36944861359,华为笔记本MateBook 14 2020款超薄本全面屏超极本轻薄商务办公手提笔记本电脑 灰｜I7-10510U 16G 512G触屏【现货,7866.00,华为德信专卖店,4400+条评价
50,63123667998,微星(msi)冲锋坦克2 Pro GP65 15.6英寸游戏笔记本电脑(十代i7 16G 512G SSD RTX2070 144Hz 赛睿),9999.00,微星游戏本京东自营官方旗舰店,7300+条评价
51,62564554850,AOC【新上市】酷睿九代超薄一体机电脑商用办公家用游戏秒台式主机全套 21.5英寸+四核J3160+8G+512G,2249.00,AOC云信一体机专卖店,1000+条评价
52,100013811450,联想V340 2020十代酷睿i7 14英寸手提超轻薄学生笔记本电脑游戏办公超极本 i7-10510U 8G内存 1T+512G固态 2G独显 全高清屏 背光键盘 星空灰 精装升级,6399.00,联想佳运汇通专卖店,8800+条评价
