﻿,goods_id,goods_name,goods_price,goods_store,goods_commit
0,100001045582,宁美-魂-GD9 R9 3900X/RTX3080 10G/华硕 TUF X570/芝奇幻光戟16G/三星970 500G/游戏台式组装电脑主机UPC,15999.00,宁美国度京东自营旗舰店,9500+条评价
1,69531507819,戴尔（DELL）灵越5000 5593/5493 成就3401超极本学生办公女生轻薄本手提笔记本电脑 14.0英寸|银色|十代i3-1005G1|UHD 4G内存 128GPcie固态硬盘 定制版,2799.00,戴尔华宏创天专卖店,1.1万+条评价
2,10022843570977,2020新款正品十核14英寸平板电脑ipad安卓全网通5gwifi上网三星高清屏游戏mini2020 小米黑128g（免费试用+分期免息+13重豪礼） 14英寸全网通5g+wifi6旗舰至尊...,1088.00,博智星颍川世家专卖店,400+条评价
3,67701207724,"拍拍	
【二手9成新】联想电脑台式机i3i5商务办公网课学习工作室游戏dnf搬砖整套 5】I5-2400/8G/120G固+500G 送19寸显示器",1399.00,万佳二手电脑专营店,2.3万+条评价
4,69461490990,联想微型迷你电脑主机M720Q/M730Q九代十代酷睿i5六核商用办公家用娱乐迷你小主机客厅htpc 升级 十代i5-10500T 8G 256G固态  Win10 壁挂支架 3年全国联保,4199.00,联想ThinkCentre肇睿专卖店,200+条评价
5,70383393818,【领600元券】华硕天选15.6英寸游戏本笔记本电脑 锐龙8核R9 144Hz 100%sRGB 元气蓝 R9-4900H RTX2060 新锐龙 7nm 16G 512GSSD 144Hz,9499.00,华硕恩荣专卖店,1100+条评价
6,66666777993,2020新款华为笔记本MateBook 13轻薄本超极本2K触控全面屏商务办公学生手提超薄笔记本电脑 银|锐龙R7-4800H 16G+512G非触屏,5799.00,华为康特专卖店,6700+条评价
7,35609855268,"拍拍	
【二手9成新】联想（ThinkPad) T420/T430/T450s 14寸1G独显笔记本电脑 (2)T510 i5 8G 128G固态运行快",999.00,吉祥星二手商品专营店,1.5万+条评价
8,54513988720,一体机电脑i3i5i7高配曲面办公家用四核新款台式一体式电脑主机全套一体化整机独显吃鸡游戏 M2套餐19英寸酷睿i5【高性价比】,1298.00,十度一体机专营店,3300+条评价
9,11536201115,神舟战神ZX6/TX6-CU5DA 十代六核i5 GTX1650/1050独显手提游戏本笔记本电脑 TX6-CU5定制版/G6400/8G/512G,4399.00,神舟游戏本专卖店,1.7万+条评价
10,70957945899,"拍拍	
【二手95新】华硕二手笔记本电脑i7 14/15.6英寸学生上网课办公游戏本 9)i5-8G-256G固态 店长推荐 七天免费试用",1399.00,德玛西亚二手电脑专营店,500+条评价
11,1118843575,逆世界 新i5 10400/GTX1050Ti升1060吃鸡游戏台式电脑主机DIY组装机,2399.00,逆世界电脑DIY旗舰店,300+条评价
12,10020188323887,联想（Lenovo）V340 2020十代酷睿 15.6英寸大屏独显轻薄手提商务办公游戏笔记本电脑 i3-1005G1 8G内存 512G固态 2G独显 IPS全高清屏 星空灰 尊享升级,3599.00,联想佳运汇通专卖店,8000+条评价
13,59135040843,"拍拍	
【二手9成新】戴尔（DELL）14寸E6440笔记本电脑i5i7商务办公独显游戏本E6430 B7 E6430 三代i5 8G 240G固态独显",1388.00,荧轩二手电脑专营店,200+条评价
14,71877048939,"拍拍	
【二手99新】英特尔i7级游戏二手台式机电脑8G独显吃鸡电脑GTX1070家用办公主机设计渲染组装机 六：i9级八线加速/GTX960（畅玩吃鸡整机） 全套",2199.00,顺电二手商品专营店,2.4万+条评价
15,13345412426,乐事(Le')一体机电脑游戏独显台式机英特尔高音质5GWiFi蓝牙家用办公商务一体式电脑 E1 22英寸 i3 6100H 8G 128G,2099.00,乐事数码旗舰店,2800+条评价
16,100012172686,天虹 mini迷你主机电脑台式微型主机办公电脑商用 酷睿I3/8G/128G SSD,999.00,天虹电脑官方旗舰店,3300+条评价
17,1387464937,戴尔（DELL）笔记本灵越5000 5301 13.3英寸酷睿2020款轻薄学生办公笔记本电脑 5300 i5-10210U 8G内存 银 NVMe512G固态 官网标配,5299.00,戴尔金盛专卖店,4300+条评价
18,70031191580,方正（iFound）T229 21.5英寸窄边框办公一体机台式电脑(八代赛扬J4105 8G 240G固态 WIFI 蓝牙 三年服务),2099.00,iFound方正国际电脑京东自营旗舰店,4400+条评价
19,100009186338,御龙者橙派i7 10700/华硕RTX2060/16GDDR4吃鸡游戏台式电脑主机DIY组装机,5599.00,御龙者官方旗舰店,6500+条评价
20,10021390861391,联想拯救者R7000P15.6英寸学生娱乐吃鸡游戏笔记本电脑6G独显  标配R7-4800H/16G/512G固态  RTX2060 6G 144Hz100%sRGB,8979.00,联想昌盛授权专卖店,80+条评价
21,42899512877,微软Surface Pro 7 二合一平板 轻薄本 亮铂金 | 12.3英寸触屏 i7 16G+256G G7显卡 | 2.7K 3:2生产力 高色域 人脸识别 | 主动散热 高效办公,11888.00,微软京东自营官方旗舰店,"去看二手
							5.7万+条评价"
22,1075693234,战神盟主 十代i5 10400F六核 GTX1060 6G独显 电竞游戏台式机电脑主机组装整机 套餐二(十代i5/GTX1060 6G吃鸡独显),3799.00,战神盟主电脑旗舰店,300+条评价
23,100015986332,天虹 迷你电脑微型小主机 家用办公游戏DIY台式电脑 mini PC 酷睿i5/4G免费升8G/128G固态,1099.00,中盾工控一体机专营店,2300+条评价
24,10021297286701,御龙者橙派i7 10700/GTX1660S/RTX2060/16G吃鸡游戏台式机DIY组装电脑主机,4939.00,御龙者官方旗舰店,2.4万+条评价
25,48896020424,微软Surface Pro X 增强版 二合一平板 触控轻薄本 典雅黑 | 13英寸 微软SQ2 16G+256G | 2.8K 3:2 高色域 全面屏 | 4G LTE版,12178.00,微软京东自营官方旗舰店,2800+条评价
26,11285799428,【新品10代酷睿处理器】四核学生游戏笔记本电脑 高性能游戏本 快速者Z18商务办公便捷轻薄本 十代酷睿i5四核八线程 16G内存+512G固态,3738.00,快速者电脑旗舰店,800+条评价
27,65868847744,京芒i5 9400F/10400F/GTX1660 6G/16G吃鸡游戏台式组装电脑主机DIY组装机 配置一I5 9400F/8G/4G游戏独显,1788.00,京芒DIY电脑旗舰店,5700+条评价
28,69948279221,鑫彩影19英寸一体机电脑家用曲屏商用办公设计台式电脑i3i5i7四核整机 A4:19英寸/酷睿i5/8G/240G固态,998.00,鑫彩影一体机电脑旗舰店,500+条评价
29,10020007008260,新款华为荣耀笔记本MagicBook 15 学生游戏超轻薄便携电脑15.6英寸商务手提电脑 15.6|银|i5-10210U 8G 1TB固态,6499.00,荣耀方和专卖店,2300+条评价
30,64305047472,宏碁（Acer）72色域暗影骑士·擎15.6英寸 十代酷睿高色域威武骑士游戏1650Ti笔记本电脑 i510300H+GTX1650Ti 4G+16G 电竞版：PCIe 512G固态硬盘+1Tb机械,7249.00,宏碁瑞畅专卖店,400+条评价
31,28039587297,神舟战神ZX6/TX6-CU5DA 十代六核i5 GTX1650/1050独显手提游戏本笔记本电脑 ZX6-CU5定制 G6400/16G+144电竞,4488.00,神舟常青专卖店,1万+条评价
32,10020843460884,【2020款指纹解锁】15.6英寸轻薄IPS窄边框超薄手提金属笔记本电脑办公大学生女生游戏便携超级本 10代5205U 16G内存 256G固态 办公商务办公游戏娱乐轻薄...,2596.80,iru旗舰店,5800+条评价
33,33826093060,"京品电脑	
武极 十代酷睿i5 10400F/10600KF/GTX1650/240G 游戏台式吃鸡电脑主机/ DIY组装机",3488.00,武极电脑DIY旗舰店,3300+条评价
34,10021049364187,宏碁acer笔记本电脑宏基蜂鸟FUN S40商务版办公游戏学生网课墨舞EX214蓝光护盾支持双硬盘 十代i5/2G独显/指纹识别/14英寸/银色 套餐六 8G内存 512G pcie+1T ...,4268.00,宏碁宏广世纪专卖店,2000+条评价
35,67701207723,英酷达一体机电脑英特尔酷睿I3I5I7超薄四核企业商务办公家用游戏台式电脑整机AIO PC 套餐一/18.5寸/酷睿i3/2G/60G固态,799.00,英酷达电脑官方旗舰店,2300+条评价
36,100012920722,华硕（ASUS）顽石6代14/15.6英寸轻薄便携商务办公笔记本电脑学生游戏本VivoBook15s 【14英寸】银i5-1035G1/MX330 配置二 8G/512G固态,4399.00,华硕金硕专卖店,8400+条评价
37,32293923311,"拍拍	
【二手9成新】联想电脑台式机i3i5商务办公网课学习工作室游戏dnf搬砖整套 4】I3-3220/8G/120G固态 送19寸显示器",1099.00,万佳二手电脑专营店,2.3万+条评价
38,71403507063,AOC AIO大师926 23.8英寸高清办公一体机台式电脑(九代i3-9100 16G 512GSSD 旋转升降支架 支持壁挂 WiFi),3699.00,AOC电脑京东自营旗舰店,1.8万+条评价
39,10254852523,长城(Great Wall)办公游戏商用台式机电脑主机整机 主机+23.8英寸ADS显示器 四核 J1900 8G 128G  配置四,1699.00,长城电脑旗舰店,4400+条评价
40,52281100984,狄派 英特尔酷睿十代i5/i7-10700八核台式电脑主机整机全套6G独显办公游戏电竞组装电脑 主机+27英寸电竞显示器 配置一:(i5-9400F+1050独显 三年保),3799.00,狄派电脑旗舰店,3900+条评价
41,48558921612,七喜（HEDY) 迷你主机 家用办公台式电脑 i7-7500U/8G/256G固态,2299.00,七喜电脑旗舰店,500+条评价
42,10021030124818,联想ThinkPad X1 yoga 14英寸360度翻转手写触控轻薄商务办公出差便携笔记本电脑 02CD i7-10710U 16G 2TB 4K 超高清屏 360°翻转触摸 内置手写笔,17999.00,ThinkPad重庆授权专卖店,100+条评价
43,64974578579,阿玛塔 英特尔酷睿i7/独显/8G DDR4内存组装电脑主机吃鸡游戏台式机办公电脑diy 套餐三【高性能游戏型独显电脑】,2098.00,阿玛塔电脑旗舰店,9200+条评价
44,100009352207,戴尔笔记本电脑灵越5000 5493成就5402 14英寸超极本学生办公女生轻薄本手提商务本游戏本 i5-1035G1/8G/512G/1T/独显定制 （Intel）英特尔处理器,4299.00,戴尔华宏创天专卖店,700+条评价
45,11943085271,华为笔记本电脑MateBook D 14 14英寸全面屏轻薄本锐龙手提超薄本超级本 银｜i5-10210U+16G+512G+独显 标配【预装Office办公软件】,5599.00,华为千百回专卖店,4200+条评价
46,100015373928,华为笔记本MateBook D 14 15 轻薄商务办公超极本学生手提便携电脑锐龙r5游戏本全面屏 D14银六核R5-4500U 16+512G锐龙版 【预装Win 10系统+Office办公软件】,4699.00,华为航智专卖店,6500+条评价
47,61106385556,中柏（Jumper）10.1英寸6G+64G二合一win10平板电脑笔记本ezpad8 64G,999.00,中柏平板京东自营旗舰店,10条评价
48,53297716286,戴尔（DELL）灵越5493/5593 燃5000 手提轻薄超极本商务办公网课学生游戏笔记本电脑 酷炫银|14.0英寸|i5-1035G1|2G独显 16G内存 512GPCIE固态+1T机械 定制版,4699.00,戴尔华宏创天专卖店,3万+条评价
49,63064513397,"京品电脑	
联想ThinkBook 15p 英特尔酷睿i5 高性能 设计师笔记本电脑 15.6英寸(十代i5标压 16G 512G GTX1650 高色域)",6599.00,ThinkPad京东自营旗舰店,6700+条评价
50,35609855267,宏碁(Acer)宏基墨舞EX215 15.6英寸轻薄便携笔记本电脑 远程办公 网课本 十代i5-10210U 独显版MX230 全高清屏 【客户推荐】8G 512G固态硬盘,3756.00,宏碁沃美嘉专卖店,700+条评价
51,100012583446,"拍拍	
【二手99新】高配二手电脑组装机网吧吃鸡游戏主机直播家用电脑主机i5/i7八核1060台式机电脑全套 套餐8 天王版〔送27寸显示器〕",3699.00,飞的起二手电脑专营店,2.3万+条评价
52,100015460526,"拍拍	
【二手9成新】戴尔（DELL）i7笔记本电脑商务手提轻薄办公学生游戏 五代i5/8G/240G/2G独显",2088.00,聚惠二手电脑专营店,4800+条评价
53,20802186681,硕扬 intel八核十六线程/GTX1060独显/32G台式电脑主机DIY组装机吃鸡LOL游戏办公 电脑主机 +显示器 套餐四（i9级八核十六线程+32G+1060独显）,2579.00,硕扬DIY电脑旗舰店,8800+条评价
54,52623507798,"拍拍	
【二手9成新】联想（ThinkPad) T420/T430/T450s 14寸1G独显笔记本电脑 (3)T420 2代i5 8G 256G全新固态",1299.00,吉祥星二手商品专营店,1.5万+条评价
55,12719381636,惠普(HP)战99 G2 商用办公台式电脑主机（十代i3-10100 8G 1TB Win10 Office 注册五年上门）21.5英寸,2999.00,惠普京东自营官方旗舰店,1.8万+条评价
