﻿,goods_id,goods_name,goods_price,goods_store,goods_commit
0,54880905995,戴尔（DELL）笔记本灵越/成就5000 5402超极本轻薄家用学生网课商务办公游戏笔记本电脑 15.6英寸/11代i7/2G独显MX350 8G内存 1TBPCIE固态硬盘 大容量定制版,6199.00,戴尔崇云专卖店,1400+条评价
1,100009149676,ConceptD3九代标压英特尔酷睿i7 15.6英寸轻薄创意设计师本 笔记本电脑 (16G 512G SSD GTX1650 高色域屏 ),7499.00,宏碁京东自营旗舰店,2900+条评价
2,48125745396,壹号本（3Pro铂金版）8.4英寸2K屏十代酷睿i7-10510Y掌上迷你电脑超薄笔记本电脑商务轻薄 铂金色 16G+512G,8019.00,壹号本旗舰店,1300+条评价
3,12455550990,攀升IPASON AMD锐龙R3 3200G四核APU家用办公企采台式电脑主机/DIY组装机,1588.00,攀升DIY电脑旗舰店,3000+条评价
4,100006093447,京天（KOTIN）飞速商务家用办公台式电脑整机（i5 10400F 8G 2G独显 240G SSD 键鼠套装）23.8英寸整机,3199.00,京天京东自营官方旗舰店,800+条评价
5,66415702796,华为荣耀笔记本电脑MagicBook Pro 16.1英寸商务办公轻薄便携本超薄学生网课本超极本游戏 Pro款R5-3550H 16G 512G 标配 冰河银 WIN10系统 高色域 100%sRGB,4499.00,洁创数码专营店,1300+条评价
6,53831313327,奥珀特酷睿i5 9400f游戏电脑主机高配吃鸡独显组装台式机商用家用网吧英雄联盟LOL整机全套显示器 套餐二酷睿i5/960 4G独显/8G/256G,2599.00,奥珀电脑专营店,3300+条评价
7,33950552703,【高色域高配版】联想小新Air15 2021款 锐龙版 超轻薄笔记本电脑 全面屏 学生办公设计游戏本 八核R7-4800U 16G 1TB固态 定制 深空灰色,5988.00,联想华东授权专卖店,3.6万+条评价
8,52732210013,Apple苹果 2020新款MacBook Air 13.3英寸 17款超薄笔记本电脑 银色 20款 256G 官方标配,6888.00,APPLE翔合专卖店,4500+条评价
9,32673068321,惠普（hp）星14系列【11十一代酷睿新品】14英寸窄边框轻薄便携金属学生办公手提笔记本电脑 月光银【i5 1135g7 mx450/高清屏】 标配一：16g/512g固态【背...,5569.00,惠普蓝星专卖店,7000+条评价
10,23388780571,亚当贝尔 酷睿i5/i7/GTX1650 4G独显 办公游戏迷你家用组装吃鸡台式机电脑主机整机 主机+24英寸显示器整套全套 配置四（i7级六核+4G独显+16G 吃鸡）,2299.00,亚当贝尔电脑旗舰店,1.8万+条评价
11,100014982924,联想（Lenovo）扬天威6 2020款 英特尔酷睿i5 14英寸窄边框轻薄学生办公游戏笔记本电脑 套装丨i5 8G 512G 2G+无线鼠标+双肩包,4399.00,联想严选授权专卖店,4500+条评价
12,24209240790,联想商用ThinkCentre K70办公电脑小机箱I5-9400F/8G/128G+1T/2G独显/无光驱/win10H,3635.00,联想商用自营旗舰店,800+条评价
13,100013599182,华为荣耀笔记本电脑MagicBook 14/15英寸超薄本轻薄本学生商务办公手提笔记本电脑 商务款14英寸R5-3500U 8G 256G,4149.00,金博盛笔记本专营店,3.5万+条评价
14,21235096379,外星人(Alienware)R11 水冷游戏台式电脑主机(10900K 64G 2TSSD 2T RTX2080Ti 11G )白,40999.00,外星人京东自营旗舰店,1100+条评价
15,4820171,联想V14 2020款14英寸高性能十代酷睿i7窄边框超薄本轻薄学生超极本商务办公手提游戏笔记本电脑 定制 i7-1065G7 12G 512G+1T MX350 2G独显 全高清屏 星空灰,6899.00,联想扬天京东自营授权旗舰店,900+条评价
16,7377888,Apple苹果 新款MacBook Pro13.3英寸超薄笔记本电脑支持Air drop 20款 标配 256G 银色,9288.00,APPLE翔合专卖店,1万+条评价
17,49836308139,攀升 P42 升10代i7 10700F八核/RTX2060 6G/512G SSD/高频16G吃鸡游戏台式DIY组装电脑主机京东游戏UPC,6499.00,IPASON攀升电脑京东自营旗舰店,4700+条评价
18,61233151900,英特尔哈迪斯冥王峡谷 酷睿i7-8809G 独立显卡（NUC8i7HVK2）,5999.00,英特尔京东自营旗舰店,9300+条评价
19,100012060886,【定制Win7专业版系统】联想台式机 扬天M系列（M4900K升级版）商用办公台式电脑 税控电脑主机   主机+19.5英寸商用显示器 定制：i7-8700 8G 1T D 2G W7,5999.00,联想扬天华南授权专卖店,8900+条评价
20,55273379552,联想V340 2020款14英寸高端性能十代酷睿i7超薄本全面屏学生商务办公轻薄游戏手提笔记本电脑 定制i7-10510U 8G 512G+1T 2G独显 IPS全高清屏 星空灰,6799.00,联想扬天京东自营授权旗舰店,1200+条评价
21,65874058198,华为荣耀笔记本电脑MagicBook pro/14/15全面屏超薄本轻薄本便携学生商务办公本超极本 【14英寸】i5-8265U+16+512,5299.00,荣耀策山专卖店,1.4万+条评价
22,10021304189172,联想ThinkPad S3锋芒（03CD）英特尔酷睿i5 14英寸轻薄笔记本电脑（i5-8265U 8G 512GSSD FHD 2G独显）钛度灰,5499.00,ThinkPad京东自营旗舰店,4200+条评价
23,13760780684,戴尔（DELL）旗舰店 灵越7490/7400 14英寸全面屏超轻薄设计师固态笔记本电脑 7490-1725银 i7 16G MX250,7999.00,戴尔官方旗舰店,1800+条评价
24,10021049364188,华为荣耀笔记本电脑MagicBook 14 2020年超轻薄便携商务办公学生游戏本手提电脑 14|银|升级版 R5/16G/512G固态,4499.00,荣耀方和专卖店,3900+条评价
25,10022136364902,联想ThinkPad X1隐士Extreme 三代 2020 15.6英寸GTX设计ibm笔记本电脑 i7-10750H 16G 1T 4K@1LCD 【内存升级方案】：升级至32G内存,17999.00,ThinkPad福建授权专卖店,90+条评价
26,52768333959,戴尔（DELL）灵越5000燃5493轻薄本14英寸办公学生手提商用笔记本电脑 i5-1035G1 8GB 256G固态推荐定制 【十代酷睿】皓月银 高性能核显 高清屏,3999.00,戴尔速达专卖店,1.2万+条评价
27,100006910960,华硕（ASUS）顽石6代14/15.6英寸轻薄便携商务办公笔记本电脑学生游戏本VivoBook15s 【14英寸】银i5-1035G1/MX330 配置三 8G/256G固态+1TB机械,4599.00,华硕金硕专卖店,8400+条评价
28,100002716275,台电（TECLAST）F5轻薄笔记本电脑8+256GB11.6英寸360°翻转触控全高清全贴合屏 标配,2199.00,台电京东自营官方旗舰店,70+条评价
29,63831733611,联想ThinkPad E系列 15.6英寸大屏轻薄笔记本电脑 游戏本 E15 0PCD(i5-10210u 高清独显) 【定制】8G内存 512G固态 W10,4999.00,ThinkPad华东授权专卖店,4300+条评价
30,33183389057,"京品电脑	
戴尔(DELL)灵越AIO 5491 英特尔酷睿i5 微边框高色域一体机台式电脑 23.8英寸(十代i5-10210U 8G 1T 独显)银",4999.00,戴尔京东自营官方旗舰店,3.9万+条评价
31,10021927118792,Apple iPad mini 5 2019年新款平板电脑 7.9英寸（256G WLAN版/A12芯片/Retina显示屏/MUU32CH/A）深空灰色,4090.00,Apple产品京东自营旗舰店,"去看二手
							58万+条评价"
32,10021544339980,下单送包鼠！戴尔（DELL）成就Vostro3000十代4核i5/i7Pcle固盘轻薄便携笔记本电脑 官方标配 1509黑十代i5/8G/256G固态/集显,3728.00,戴尔官方旗舰店,1600+条评价
33,100008923062,惠普（HP）星15系列/星14青春版笔记本电脑畅游人i5窄边框超极本轻薄便携学生游戏本 静谧银11代 i5 1135G7高清背光MX450 推荐五：16G/512G高速固态,6058.00,惠普蓝星专卖店,1.2万+条评价
34,100007443441,长城(Great Wall)  INTEL十代处理器 商用办公台式机电脑整机 主机+23.8显示器 十代赛扬G5900/8G/256G固态,2149.00,长城昱辰专卖店,400+条评价
35,21583021024,15.6英寸轻薄酷睿笔记本电脑游戏学生全面屏 超级本  上网本办公十代高性能便携手提电脑笔记本免息 银灰色 十代标配 5205U-【8G运行+128G固态】,2156.00,格莱富电脑旗舰店,5200+条评价
36,21005681065,京天 飞速 商务家用办公台式电脑主机（i5 10400 8G高频内存 480G SSD 键鼠套装 三年上门）,2699.00,京天京东自营官方旗舰店,600+条评价
37,52623520101,联想ThinkPad T490(12CD)英特尔酷睿i5 14英寸轻薄笔记本电脑(i5-10210U 8G 512GSSD 2G独显 WVA屏 人脸识别),8199.00,ThinkPad京东自营旗舰店,1.8万+条评价
38,51731884930,宁美国度 i5 9400F/10400/GTX1650/华硕主板台式游戏组装电脑/DIY主机 高配版【10400F+16G+512G】 9400F,4099.00,宁美官方旗舰店,1万+条评价
39,1112025429,一品国度 I5 9400F/860K/GTX1060/16G组装电脑主机办公台式游戏/DIY组装机 配置三 高端六核i5 9400F+网游推荐,1899.00,一品国度DIY旗舰店,4.2万+条评价
40,27631654906,华硕电脑 i5 9400F/10400F/GTX1660S吃鸡LOL游戏设计台式电脑主机diy组装机 华硕定制主机：规格五,4269.00,超信达DIY电脑旗舰店,5200+条评价
41,100007557607,天虹 迷你主机家用办公台式机四核微型电脑mini小主机 DIY微型PC 【套餐一】i5 7300/DDR4 8G/256G,1938.00,天虹电脑官方旗舰店,1900+条评价
42,100009972456,极途 新i5 9400F 升 10400/GTX1650 吃鸡直播游戏电脑主机办公设计家用DIY电脑,2799.00,极途电脑DIY旗舰店,2.2万+条评价
43,61111756223,联想(Lenovo)扬天M4610d 2020款英特尔酷睿九代i3四核 网课家用商务办公台式电脑整机 21.5英寸全高清屏 标配 i3-9100/4G/1T+128G固态,3499.00,联想扬天京东自营授权旗舰店,800+条评价
44,54099396045,"京品电脑	
联想小新Air14/15 2020锐龙版(全新7nm)八核超轻薄笔记本电脑 学生本商务设计游戏轻薄本 定制【R5 4600U 16G内存 256固态】灰",4699.00,联想航电授权专卖店,1.9万+条评价
45,20065609590,戴尔DELL XPS15-9500 15.6英寸英特尔酷睿i5超轻薄防蓝光全面屏设计轻奢笔记本电脑(十代i5-10300H 8G 512G)银 送两年碎屏保,13999.00,戴尔京东自营官方旗舰店,1.1万+条评价
46,100013429972,微软 Surface Laptop 3 轻薄本 典雅黑 13.5英寸 | i5 8G+256G G7显卡 | 2.2K触屏 高色域 3:2生产力 | 金属掌托 | CNC铣削一体成型,9728.00,微软京东自营官方旗舰店,"去看二手
							1.4万+条评价"
47,57505430431,惠普（HP）星14青春版 笔记本超轻薄微窄边框游戏学生本便携商务办公手提电脑 星空银：R3-3250U【14寸 IPS高清屏】 升级版：8G内存 512G固态【6倍提速】,3599.00,惠普宇熙世纪专卖店,2100+条评价
48,62710753916,宏华 i7四核八线程/GTX1650S 4G独显英雄联盟吃鸡游戏台式组装电脑主机整机全套 显示器+主机 配置二 I7四核八线程+十万跑分独显,1898.00,宏华组装电脑旗舰店,8700+条评价
49,100010959372,【酷睿九代网吧性能】嘉莱宝24-27英寸游戏电竞一体机电脑酷睿i3i5i7秒超台式机主机全套 【LOL全特效】I7四核+2G独显+8G 256G固态,3199.00,嘉人好授权旗舰店,5400+条评价
50,64062602388,联想ThinkPad T15(3HCD)英特尔酷睿i7 15.6英寸轻薄笔记本电脑(i7-10510U 16G 512GSSD 2G独显 FHD背光键盘),11999.00,ThinkPad京东自营旗舰店,200+条评价
51,100011720480,联想（Lenovo）小新air14 2020款 锐龙版 14英寸笔记本电脑超薄本学生本办公商务本 定制:锐龙R5-4600U/16G+256G高色域 【指纹识别 背光键盘 灰色】,4599.00,联想亿维授权专卖店,9400+条评价
52,1611929056,华为笔记本MateBook D 14 15超薄全面屏锐龙版轻薄本超极本游戏学生商务办公笔记本电脑 银｜D14 i7 16G+512G独显【现货】,6788.00,华为兴汇聚专卖店,1万+条评价
53,51648971224,联想ThinkPad S2 2020（00CD）英特尔酷睿i7 13.3英寸轻薄笔记本电脑（i7-10510U 16G 512G傲腾增强型SSD）黑,7699.00,ThinkPad京东自营旗舰店,1.7万+条评价
54,100016391138,华为荣耀MagicBook Pro笔记本电脑16.1英寸全面屏超薄本轻薄便携学生商务办公超极本 【20款Pro】R7-4800H+16+512,6099.00,荣耀策山专卖店,4900+条评价
55,100014278614,宏碁(Acer)新蜂鸟3 英特尔移动超能版 3:2生产力2K高清屏 MX350独显轻薄本 笔记本电脑(i5/8G/512G/Win10)银,4499.00,宏碁京东自营旗舰店,6100+条评价
