﻿,goods_id,goods_name,goods_price,goods_store,goods_commit
0,68645844834,华为笔记本MateBook X Pro 13.9英寸3K触控全面屏轻薄本超极本商务办公笔记本电脑 2020款 i7 16G+512G 独显 触屏丨灰,9999.00,华为航智专卖店,1100+条评价
1,62123533863,联想ThinkBook 十代酷睿i5/i7轻薄游戏本 指纹解锁笔记本电脑ThinkPad 15-3QCD(10代i7/背光键盘/全高清屏 32G内存512G固态+1T双硬盘版）升配,7199.00,ThinkPad华北授权专卖店,4900+条评价
2,100006461109,华硕(ASUS) 猎鹰V4 21.5英寸商务办公一体机台机电脑(Intel 奔腾4417U 4G内存 256GSSD 全高清 上门售后)黑,2799.00,华硕京东自营官方旗舰店,7700+条评价
3,10020293425442,学生网上课堂电脑 远程办公本 得峰 超级本 轻薄女笔记本电脑 力荐爆款黑色-Intel-J4105 12G内存512G高速固态+高档蓝牙鼠标套餐,1897.00,得峰旗舰店,1.3万+条评价
4,61002383986,华为笔记本 MateBook 14 2020款 14英寸超薄本商务办公手提电脑轻薄本超极本 灰｜触屏R7-4800H/16G/512G/集显 标配,6699.00,华为肆玖专卖店,2600+条评价
5,69932716226,戴尔（DELL）灵越5000 5493/5593 14/15.6英寸十代学生商务办公笔记本电脑 5593:i5-1035G1 MX230 2G独显 8G/256G固态+1T 定制,4499.00,戴尔卓越专卖店,3600+条评价
6,25361143551,戴尔（DELL）灵越5493/5593/5000 2020新款学生游戏商务办公轻薄家用手提笔记本电脑 成就3501【i3/1005G1】15英寸淡金 推荐版 8G内存/512G 固态硬盘,3499.00,戴尔阳光雨尉专卖店,1.2万+条评价
7,55286544723,戴尔（DELL）灵越5493/5593燃5000学生游戏设计商务办公轻薄家用手提笔记本超极本女电脑 高配i5-1035G1/8G/1T+128G/2G,4599.00,戴尔佳富惠呈专卖店,4600+条评价
8,100016528442,京天(KOTIN)商机G640十代奔腾商务办公台式机电脑整机全套(G6400 8G 1T 三年上门 正版WIN10)23.8英寸显示器,2499.00,京天京东自营官方旗舰店,600+条评价
9,55597537693,联想ThinkPad P15V i5/i7轻薄移动图形工作站3D建模设计师15.6英寸绘图笔记本电脑 04CD】P620专业卡FHD屏i7-10750H 【定制升配】32G内存 1TB固态硬盘,10299.00,ThinkPad华南授权专卖店,2200+条评价
10,52370097115,【全新8核可选】雷神911me黑武士游戏本10代i7-10750H独显GTX1650/TI笔记本电脑 i7-10750/GTX1650Ti 8G/512,6599.00,Thunderobot雷神旗舰店,1.7万+条评价
11,25380478788,博仑帅（BOLUNSHUAI） 18.5-27英寸一体机电脑办公家用游戏台式主机整机 P2英雄联盟24 i7四核 8/240 750Ti,2799.00,博仑帅一体机电脑旗舰店,3.7万+条评价
12,40813356481,京天AMD 八核锐龙7 3700X/RTX2060独显吃鸡游戏台式电脑主机/DIY组装机,5599.00,京天DIY电脑旗舰店,200+条评价
13,10020187559122,11.6英寸新款超轻薄本 高速固态硬盘 学生网上课堂电脑 远程办公本 得峰 超级本 轻薄女笔记本电脑 力荐爆款黑色-Intel-J4105 12G内存SSD512G固态硬盘,1856.00,得峰旗舰店,1.3万+条评价
14,26215860364,AOC739 曲面屏一体机电脑高配企业办公家用游戏秒超台式电脑主机全套整机 23.6英寸 英特尔九代G4930 【16G内存】 512G固态硬盘,3599.00,AOC善与美电脑专卖店,4400+条评价
15,100008832378,宁美-魂-夜枭 i7 10700K/微星RTX3070/华硕Z490/海盗船16G/1T SSD/水冷游戏台式组装电脑吃鸡主机UPC,12999.00,宁美国度京东自营旗舰店,100+条评价
16,100006151425,雷霆世纪 觉醒X1C 酷睿九代品牌游戏台式机/电脑主机（i5 9400F GTX1650Super 8G 512G WIN10 三年上门）,3999.00,雷霆世纪（Raytine）京东自营旗舰店,300+条评价
17,56054727137,华为笔记本 MateBook 13 2020款13英寸轻薄笔记本电脑超薄本办公商务本 灰｜锐龙R5-4600H/16G/512G/集显 标配,5099.00,华为肆玖专卖店,1800+条评价
18,70751474797,联想ThinkBook 14s 酷睿版 王源同款14英寸时尚商务办公轻薄笔记本电脑 十代i5 8G 512G傲腾增强型固态 04CD,4899.00,ThinkPad京东官方自营旗舰店,8600+条评价
19,100012345010,【多仓发货】海尔（haier）窄边框 笔记本电脑轻薄 学生网课 办公手提电脑 【14英寸】S14Pro 8G内存 128G+240G存储【定制双硬盘】,2199.00,海尔电脑旗舰店,1万+条评价
20,66431427117,雷神(ThundeRobot) 911Air星战三代 15.6英寸游戏笔记本电脑(十代i7-10750H 8G 256GSSD+1T GTX1650Ti),6499.00,雷神京东自营官方旗舰店,1.1万+条评价
21,28210339345,联想ThinkPad E14 19CD 14英寸轻薄商务办公笔记本电脑十代酷睿六核i7-10710U 8G内存 256G+1T 双硬盘【定制】 FHD全高清 独显2G Win10+Office,6299.00,ThinkPad华中授权专卖店,7000+条评价
22,100013553740,DELL戴尔OptiPlex 7070SFF 7080SFF台式电脑小型主机商用办公迷你游戏台式机 单主机 i5-9500/16G/256G+1T/定制版,4399.00,戴尔商用千臣专卖店,400+条评价
23,70171686928,宏碁(Acer)新蜂鸟3 英特尔移动超能版 3:2生产力2K高清屏 MX350独显轻薄本 笔记本电脑(i7/16G/1TB/Win10)银,5999.00,宏碁京东自营旗舰店,6100+条评价
24,10020208950014,华硕(ASUS) 飞行堡垒8 英特尔酷睿i5 15.6英寸游戏笔记本电脑 i5-10200H丨GTX1650Ti丨144Hz 8G内存/512G固态,5789.00,华硕智凝专卖店,6200+条评价
25,57091573661,华为荣耀笔记本电脑MagicBook 14英寸/15英寸2020款轻薄本家用商务高清屏 【15英寸】R5-3500U 8G 256G,4299.00,荣耀京诚专卖店,5600+条评价
26,10023363434249,【新品现货】联想台式机电脑M920T全新九代i9高端商用办公绘图设计3D渲染建模电脑主机可定制 主机+21.5英寸高清显示器 定制：i7-9700丨16G丨2T+256G丨4G,8599.00,华杰通力办公专营店,1800+条评价
27,1182704748,联想(Lenovo) 扬天 威6 14英寸2020款酷睿十代I5窄边框轻薄商务办公学习游戏笔记本电脑 定制i7-10510U 16G内存 512G固态 2G独显 预装office 上门服务,5699.00,联想朗通金牌专营店,2800+条评价
28,72348767373,伟盛兴酷睿i5/16G内存/1060独显 24曲面显示器吃鸡游戏DIY台式电脑组装电脑主机电脑全套,2299.00,伟盛兴电脑DIY专营店,7700+条评价
29,50994130632,海尔（haier）11.6英寸笔记本电脑 触屏手写 轻薄便携二合一手提电脑 【定制大存储】8G内存 256G存储,1999.00,海尔电脑旗舰店,5200+条评价
30,29961635542,英特尔十代酷睿i5笔记本电脑 高性能独显游戏设计师商务办公学生超轻薄手提本 i5-1035G1 12G内存 1T+512G固态 MX330 2G独显 全高清屏 星空灰 精装升级,4888.00,联想佳运汇通专卖店,6600+条评价
31,68427853378,横远 i5 9400F/10400/1660S 6G高配水冷台式吃鸡直播游戏组装电脑主机全套网吧 配置三(9400F+16G+GTX1050ti ),3499.00,横远DIY电脑旗舰店,700+条评价
32,69927062106,名睿高配水冷I7/32G/GTX1660super吃鸡电竞游戏办公网吧DIY组装台式电脑主机全套 套餐二,2399.00,名睿组装电脑旗舰店,3400+条评价
33,100007971279,惠普（HP）星14青春版 小欧14S笔记本电脑星14英寸轻薄便携窄边框学生家用商务办公手提电脑 初恋粉【赛扬N4000】 顶配六：8G/512G纯固态,3599.00,惠普老熟人专卖店,4500+条评价
34,71067301890,华为笔记本MateBook 14 2020款超薄本全面屏超极本轻薄本学生商务办公手提笔记本电脑 银｜R5-4600H 16G+512G非触屏【现货 标配  预装Win10+Office软件,5499.00,笔吧官方旗舰店,2200+条评价
35,10021856580487,华为（HUAWEI）商用笔记本电脑MateBook B3-510 BBZ-WBH9(Intel UHD620 8GB+256GB) 深空灰,5499.00,,10+条评价
36,69342541445,惠普（HP）星15进阶版【十一代新品】笔记本电脑 15.6英寸轻薄窄边框高性能学生商务办公本 I5-1035G1 MX330 银色 高清屏 升级版：16G 512G Pcie固态硬盘,4969.00,惠普惠购专卖店,5600+条评价
37,10022660621669,【新品】联想台式机扬天P680升级款P780十代处理器i9高性能创意设计3D渲染建模绘图电脑主机 主机+23.8英寸IPS显示器 升级i9-10900 32G 4T+512G 6G,14399.00,ThinkCentre华北授权专卖店,2条评价
38,51703220294,第八代酷睿i7 8G16G内存独显MX250轻薄15.6英寸笔记本电脑全高清窄边框商务办公学生游戏本 【入门版N4100】8G+128G固态,1699.00,智能驼数码旗舰店,500+条评价
39,71277577290,【新品10代酷睿处理器】四核学生游戏笔记本电脑 高性能游戏本 快速者Z18商务办公便捷轻薄本 奔腾4405U双核四线程 8G内存+128G固态,2388.00,快速者电脑旗舰店,800+条评价
40,64274795984,联想2020新十代酷睿IdeaPad14s 小清新笔记本电脑超轻薄游戏本15大学生家用设计商务办公本 i3-10110U 8G内存  256G 固态    防眩光高清屏 升级版 亮银色,3299.00,联想德信专卖店,1万+条评价
41,67593265899,15.6英寸四核超薄本笔记本电脑轻薄本学生游戏手提商务办公超级本上网本分期免息电脑笔记本 太空银 套餐十三【8G内存+1000G机械硬盘】,1888.00,格莱富电脑旗舰店,5700+条评价
42,19644641477,联想扬天V340 2020款15.6英寸十代酷睿i3超薄本学生轻薄游戏超极本商务办公手提笔记本电脑 定制I3-1005G1/16G/512G固态+1T 2G独显 IPS全高清屏 星空灰,5099.00,联想扬天京东自营授权旗舰店,400+条评价
43,49836308253,联想ThinkPad E495 笔记本电脑窄边框14英寸轻薄商务办公锐龙 升级版：R5 8G 256G固态+1TB@03CD,3699.00,ThinkPad东南授权专卖店,3300+条评价
44,64062602389,华硕（ASUS）VivoBook14 2020笔记本电脑i5超薄轻薄本14英寸手提办公 冰晶银 十代i7-1065G7 8G 512GPCIE MX330-2G独显,5399.00,华硕恩荣专卖店,4900+条评价
45,31240776287,机械师T58-V 144Hz全面屏游戏本十代i7-10750H/GTX1650Ti独显轻薄笔记本电脑 旗舰版32G/512G PCIE高速固态+1TB,8399.00,MACHENIKE机械师旗舰店,8400+条评价
46,60594108487,【定制WIN7专业版】联想台式机 商用办公税控台式电脑主机开票电脑 WIN7系统电脑整机 大机箱主机+21.5英寸显示器 定制：i3 4G 128G+1T 无光驱  W7,3799.00,联想扬天华南授权专卖店,9100+条评价
47,10023112780247,2020十代酷睿i7笔记本电脑 15.6英寸全面屏高性能轻薄游戏办公设计学生超极本 i7-10510U 16G内存 1T+512G固态 2G独显 背光键盘 IPS全高清屏 精装升级 灰色,7099.00,联想佳运汇通专卖店,6300+条评价
48,56028502383,【定制Win7专业版系统】联想台式机 扬天M系列（M4900K升级版）商用办公台式电脑 税控电脑主机  主机+27英寸窄边框显示器IPS 定制：i7 16G 256G+1T D 2G W7,7899.00,联想扬天华南授权专卖店,8900+条评价
49,34894746563,华为荣耀MagicBook Pro笔记本电脑16.1英寸全面屏超薄本轻薄便携学生商务办公超极本 【20款14SE】R5-3500U+8+256,4099.00,荣耀策山专卖店,4900+条评价
50,10022989561791,长城(Great Wall)办公游戏商用台式机电脑主机整机 单主机 十代 i5-10400 8G 512G 配置二,2799.00,长城电脑旗舰店,4400+条评价
51,1237013689,华为荣耀笔记本电脑MagicBook 14英寸超轻薄本学生商务办公手提笔记本电脑 银｜R5-3500U/8G/256G 固态,3999.00,新通路数码专营店,500+条评价
52,10021073792579,惠普（HP）光影精灵6plus 暗影暗夜精灵5游戏手提笔记本电脑15.6英寸光影暗影精灵6pro升级 i5-10200H 1650-4G 高清屏 16G内存 512G PCIE纯固态 标配,6299.00,惠普华辉专卖店,1.6万+条评价
53,71863519027,15.6英寸轻薄便携超薄本 轻薄本 超极本 商务办公手提电脑 学生网上课堂 摩天酷笔记本电脑 升级版银色J4105 8G内存+128G固态硬盘,1498.00,摩天酷官方旗舰店,4900+条评价
