﻿,goods_id,goods_name,goods_price,goods_store,goods_commit
0,52621554188,博仑帅一体机电脑i3i5i7平面/曲面办公家用游戏台式一体式电脑主机全套一体化整机独显吃鸡 F2 抢升23.6 i5-240G 办公升级,1688.00,博仑帅一体机电脑旗舰店,1300+条评价
1,10021038617874,戴尔（DELL）Optiplex 7070MT 商用绘图设计主机3D渲染建模游戏台式机电脑整机 定制 i7/16G/1T+256G/1660 6G 全国联保 三年上门,7198.00,戴尔商用京东自营官方旗舰店,700+条评价
2,2147347,Apple Pencil 手写笔MK0C2CH(适用2018款9.7英寸iPad/2019款iPad Air/10.5英寸和2017款12.9英寸iPad Pro),728.00,Apple产品京东自营旗舰店,"去看二手
							94万+条评价"
3,68933420998,得峰 新款15.6英寸微边框键盘 镜面全面屏 超轻簿本游戏本 学生网上课堂电脑 办公笔记本电脑 全尺寸键盘Intel-J4105-12G内存 固态硬盘256G精选M2高速硬盘,1832.00,得峰旗舰店,1.4万+条评价
4,10359781083,武极 i5 10400F/GTX1650/120G/游戏台式吃鸡电脑主机DIY组装机,3399.00,武极电脑DIY旗舰店,4400+条评价
5,100013273470,清华同方(THTF)超扬A8500设计师商用办公台式电脑(十代i5-10400 16G 256G+1T RX550X 4G 五年质保)23.8英寸,4999.00,清华同方电脑京东自营官方旗舰店,1万+条评价
6,10020852879926,联想(lenovo)小新13 2020款超轻薄笔记本电脑 13.3英寸高色域全面屏手提电脑学生办公本 高色域丨旗舰版i7-10510U 8G 512G MX350-2G独显 高色域 轻奢灰,5599.00,联想电脑授权专卖店,7.1万+条评价
7,100012450700,戴尔（DELL）Optiplex 3060MT 台式机电脑主机 i3/i5/i7商用办公台式整机 定制i5-8500/8G/1T+256G/2G独显 全国联保 三年上门,3898.00,戴尔商用京东自营官方旗舰店,900+条评价
8,42607525546,联想(Lenovo)小新15 2020八核锐龙版 15.6英寸大屏高性能轻薄手提笔记本电脑办公游戏本 6核12线程R5-4600U 16G 1T固态定制 IPS全高清屏 W10 浩瀚银,5899.00,联想电脑授权专卖店,4.9万+条评价
9,10020852879925,七喜(HEDY) 悦祺H30 商用办公台式电脑整机(AMD A6 4G 1T 核显 商务键鼠)21.5英寸,1699.00,七喜京东自营旗舰店,1.3万+条评价
10,100013312608,15.6英寸四核超薄本笔记本电脑轻薄本学生游戏手提商务办公超级本上网本分期免息电脑笔记本 太空银 套餐四  四核【8G内存+256G高速固态】,1769.00,格莱富电脑旗舰店,5700+条评价
11,100015693086,戴尔（DELL）Optiplex 3060MT 台式机电脑主机 i3/i5/i7商用办公台式整机 定制 i5-8500/8G/1T+256G/集显 全国联保 三年上门,3598.00,戴尔商用京东自营官方旗舰店,900+条评价
12,72492963944,惠普（HP）战66三代AMD版15.6英寸轻薄笔记本电脑（锐龙7nm 八核R7-4700U 16G 512G 400尼特高色域一年上门）,4999.00,惠普京东自营官方旗舰店,19万+条评价
13,52623520102,惠普（HP）战66 四代 14英寸轻薄笔记本电脑（i7-1165G7 16G 1TB MX450 2G独显 高色域  一年上门+意外）,7099.00,惠普京东自营官方旗舰店,7.9万+条评价
14,100007800767,笔记本电脑轻薄超级本 学生网上课堂电脑 远程办公本 得峰电脑 全尺寸键盘Intel-J4105/12G内存 SSD512G高速固态+高档蓝牙鼠标套餐,2139.00,得峰旗舰店,6.7万+条评价
15,100007090645,威龙远航 i3 9100F/i5 9400F/GTX1060/16G 游戏台式电脑主机DIY组装机 i5 9400F+16G+GTX1060-5G,3469.00,威龙远航DIY电脑旗舰店,1500+条评价
16,23388780561,华硕电脑 i5 9400F/10400F/GTX1660S吃鸡LOL游戏设计台式电脑主机diy组装机 华硕定制主机：规格六,4769.00,超信达DIY电脑旗舰店,5200+条评价
17,100008640833,"京品电脑	
联想ThinkPad T14 2020款(04CD)14英寸 AMD 锐龙7纳米八核 高性能 笔记本电脑(R7 PRO-4750U 16G 512G 指纹)",6499.00,ThinkPad京东自营旗舰店,5200+条评价
18,36321670618,AOC AIO大师926 27英寸高清办公一体机台式电脑(九代i5-9400 16G 512GSSD 旋转升降支架 蓝牙WiFi 送键鼠),4799.00,AOC电脑京东自营旗舰店,11万+条评价
19,100008129507,亚当贝尔 酷睿i5/i7/GTX1650 4G独显 办公游戏迷你家用组装吃鸡台式机电脑主机整机 电脑主机 配置四（i7级六核+4G独显+16G 吃鸡）,1699.00,亚当贝尔电脑旗舰店,1.8万+条评价
20,10020926079727,"京品电脑	
联想ThinkBook 15p 英特尔酷睿i7 高性能 设计师笔记本电脑 15.6英寸(十代i7标压 16G 512G GTX1650Ti 4K屏)",8999.00,ThinkPad京东自营旗舰店,6700+条评价
21,71403507056,鑫彩影 一体机电脑23.6英寸曲面一体机电脑 高端四核 酷睿i3 i5 i7 商务办公游戏一体机 A2:23.6曲面/酷睿i5/4G/120固态 23.6英寸,1158.00,鑫彩影一体机电脑旗舰店,500+条评价
22,100010137696,联想小新Air14 全新性能版 酷睿i5/i7全面屏超轻薄笔记本电脑学生直播视频剪辑办公本 高色域丨旗舰版i5-1035G1 16G 512G 2G独显 14英寸IPS全高清屏 银,5899.00,联想电脑授权专卖店,4.9万+条评价
23,31552688403,Apple iMac 【2020新款 】27 英寸5K屏 3.1GHz 六核十代 i5/8GB/256GB固态/RP5300 一体式电脑主机 MXWT2CH/A,13499.00,Apple产品京东自营旗舰店,1800+条评价
24,10313546491,宏硕 酷睿i5四核/i5 9400F六核/台式机电脑主机家用游戏办公组装电脑整机全套 i5九代/4G显卡 主机+24曲面显示器,4198.00,宏硕电脑旗舰店,6200+条评价
25,18904492380,狄派 英特尔酷睿十代i5/i7-10700八核台式电脑主机整机全套6G独显办公游戏电竞组装电脑 单主机 配置二:(i5-9400F+1050ti 三年保),3199.00,狄派电脑旗舰店,3900+条评价
26,42607525548,华为平板MatePad Pro 10.8英寸麒麟990影音娱乐游戏办公学习全面屏平板电脑8GB+256GB WIFI（夜阑灰）,3999.00,华为京东自营官方旗舰店,"去看二手
							28万+条评价"
27,100013263238,联想(Lenovo)商用办公台式机电脑整机 支持win7系统 精装定制 DVD光驱 英特尔J3355 8G内存 256G固态 win7 主机+商用21.5英寸显示器,3199.00,联想扬天授权旗舰店,900+条评价
28,30646311744,一品国度 I5 9400F/860K/GTX1060/16G组装电脑主机办公台式游戏/DIY组装机 配置二i3 9100F+1050独显+LOL推荐,1499.00,一品国度DIY旗舰店,4.2万+条评价
29,100014639622,联想ThinkPad E490 酷睿i5 14英寸轻薄商务办公笔记本电脑 FHD i5-8265U 【独显】8G内存 512G固态@2DCD定制银,4199.00,ThinkPad华东授权专卖店,9800+条评价
30,14441923667,15.6英寸四核超薄本笔记本电脑轻薄本学生游戏手提商务办公超级本上网本分期免息电脑笔记本 玫瑰红 套餐四  四核【8G内存+256G高速固态】,1769.00,格莱富电脑旗舰店,5700+条评价
31,10021392694016,联想ThinkPad X13(02CD)酷睿版 英特尔酷睿i5 13.3英寸高性能轻薄笔记本电脑(i5-10210U 8G 512G 100%sRGB),5999.00,ThinkPad京东自营旗舰店,3.5万+条评价
32,34029344425,联想拯救者Y7000 15.6英寸2020十代酷睿i5/i7高色域游戏本p 学生设计师吃鸡笔记本电脑 竞速【i5-10200H 8G 512G固态】 GTX1650 4G电竞显卡,6799.00,联想航电授权专卖店,4.6万+条评价
33,23261958820,"京品电脑	
惠普（HP）战X锐龙版15.6英寸高性能轻薄笔记本电脑（锐龙8核 16线程 R7PRO-4750U 16G 512G 400尼特高色域）",5799.00,惠普京东自营官方旗舰店,7700+条评价
34,49463437546,联想拯救者Y7000-15.6英寸高色域吃鸡游戏笔记本电脑酷睿 升级:【10代i5/8G/512G 固态】 新GTX1650 4G电竞独显,6899.00,联想昌盛授权专卖店,1.6万+条评价
35,10021816740138,联想ThinkPad T14 14英寸T系列超薄本 程序员工程师编程商务办公手提轻薄IBM笔记本电脑 4JCD丨i7-10510U 8G 512G 独显 【定制升级】24GB内存 1TB SSD固态硬,11099.00,ThinkPad福建授权专卖店,100+条评价
36,69189405889,佐瀚（zuohan）酷睿i5四核/E5系列八核/6G独显台式电脑主机家用商务办公组装电竞游戏电脑整机 套餐三 4G独显吃鸡主机+24英寸显示器全套,2699.00,淘森电脑专营店,1.3万+条评价
37,58650393656,戴尔（DELL）灵越5000 5593/5493 成就3401超极本学生办公女生轻薄本手提笔记本电脑 14英寸|银色|十代i3-1005G1|UHD 16G内存 256GPcie固态+1T机械 定制版,3699.00,戴尔华宏创天专卖店,1.1万+条评价
38,46011914417,联想(lenovo)M5900d丨E76A丨M2300商用办公台式电脑整机带串口并口支持win7系统 标配丨英特尔J3060 4G 1T大硬盘 W10 主机+21.5英寸显示器,2499.00,联想扬天华东授权专卖店,600+条评价
39,22148657168,14英寸超轻薄轻薄电脑笔记本设计办公游戏学生本 i5-1035G1 8G内存 512G固态丨标配 2G独显 指纹识别 IPS屏 星空灰 精装升级,4299.00,联想佳运汇通专卖店,90+条评价
40,100002716279,攀升 商睿2代 企业采购/办公商用/家用游戏娱乐学习 台式机电脑整机 十代i5 10400F/16G/512G/2G独显 |,3299.00,攀升官方旗舰店,500+条评价
41,100007909875,华硕（ASUS）VivoBook15s 酷睿十代i7笔记本电脑学习商务办公窄边框轻薄本 银色 i7-1065G7 MX330 2G独显 套餐四：16G/512G高速固态+1T机械,6699.00,华硕亿维专卖店,700+条评价
42,47229255714,阿玛塔 i5 9400f六核/GTX1060组装电脑主机台式机办公吃鸡游戏整机英雄联盟 套餐二(9400F六核/1050Ti D5)16G,2399.00,阿玛塔电脑旗舰店,2100+条评价
43,63638699395,"拍拍	
【二手99新】英特尔i7级六核GTX1060独显流畅吃鸡直播游戏整机DIY二手台式电脑组装DIY主机 套餐六：至高性能发烧款(大型游戏通杀水冷) 高端主机+显示器",3188.00,火星人二手商品专营店,2900+条评价
44,27956254520,航向者 870K升六核/GTX1050Ti独显/16G内存/LOL游戏台式组装电脑主机/DIY组装机 套二(i9级+16G内存+GTX1050Ti),1899.00,航向者组装电脑旗舰店,2.9万+条评价
45,53450626033,联想ThinkBook 酷睿十代i5/i7 游戏本 指纹解锁轻薄设计师ThinkPad笔记本电脑 14-09CD 10代i5/14英寸/全高清屏 16GB内存 512GB固态傲腾增强版 定制,4799.00,ThinkPad华东授权专卖店,2400+条评价
46,48912768899,Apple iPad mini 5 2019年新款平板电脑 7.9英寸（64G WLAN版/A12芯片/MUQW2CH/A）深空灰色,2921.00,Apple产品京东自营旗舰店,"去看二手
							58万+条评价"
47,29224927883,攀升G1设计师游戏台式机电脑主机（十代i3-10100 GTX1650-D6升级版 8G 240GSSD 3年上门）电竞独显,2999.00,攀升京东自营官方旗舰店,9300+条评价
48,100007204769,"惠普（HP）小欧星系列72%高色域一体机电脑23.8英寸 陶瓷白 窄边框办公学习娱乐商用公司台式主机 23.8""办公丨intel双核 8G 512G",3788.00,惠普授权旗舰店,1400+条评价
49,53297716285,联想拯救者y7000 2020高端款英特尔十代酷睿i5电竞游戏本pr 100%高色域设计笔记本电脑 i5-10200H 16G内存 512G固态 GTX1650 4G独显 精装升级版 黑色,7199.00,联想德信专卖店,1.3万+条评价
50,10245545069,"拍拍	
【二手9成新】联想电脑台式机酷睿i5/i7固态512G商务办公家用网课学习二手电脑主机 套餐八【酷睿i5标配8G 240G固态送22寸 】",1599.00,淘正二手电脑专营店,2800+条评价
51,71844630390,惠普（hp）旗舰店 星14进阶版 11代新品 星13系列轻薄超薄商用手提学生女游戏笔记本电脑超极本 静谧银：【背光键盘版-11代进阶丨稀缺货源】 进阶版...,6499.00,惠普授权旗舰店,3.9万+条评价
52,64128050224,联想(Lenovo) 来酷 Lecoo一体台式机电脑23英寸 四核微边框全高清屏一体台式机电脑 J4105 8G 512G固态 内置无线 定制白色,2899.00,联想昂德台式机授权专卖店,5100+条评价
