﻿,goods_id,goods_name,goods_price,goods_store,goods_commit
0,66370110212,华硕（ASUS）顽石6代14/15.6英寸轻薄便携商务办公笔记本电脑学生游戏本VivoBook15s 【14英寸】银i5-1035G1丨MX330 配置二 8G/512G固态,4299.00,华硕金硕专卖店,8400+条评价
1,53502660549,武极商智V25 教学家用办公台式机电脑主机组装电脑整机(英特尔J3160四核 240G 8G),999.00,武极电脑京东自营官方旗舰店,800+条评价
2,100016049442,联想(Lenovo)小新Air14 2021款高性能轻薄本 英特尔酷睿i5 14英寸全面屏笔记本电脑(i5-1135G7 16G 512G 100%sRGB高色域 MX450独显)银,5699.00,联想京东自营旗舰店,33万+条评价
3,100013054330,"京品电脑	
惠普(HP)暗影精灵6 Air 15.6英寸游戏笔记本电脑(i7-10750H 16G 1TSSD RTX2060 6G独显 144Hz)",9999.00,惠普（HP）OMEN暗影精灵京东自营旗舰店,7.8万+条评价
4,100014132868,RedmiBook 14 二代(第十代英特尔酷睿i7-1065G7 16G 512G MX350 2G 100%sRGB)银 手提 笔记本电脑 小米 红米,5699.00,小米京东自营旗舰店,17万+条评价
5,100007092695,惠普(HP)星系列青春版高清一体机电脑23.8英寸(十代i5-1035G1 8G 512SSD 无线蓝牙 三年上门)独显 FHD高色域,4999.00,惠普京东自营官方旗舰店,3.9万+条评价
6,12784327471,威龙远航 intel六核十二线程/16G/GTX1050-2G 游戏台式组装电脑主机DIY组装机 配置一（四核+8G+240G）,1199.00,威龙远航DIY电脑旗舰店,8700+条评价
7,100016086106,联想(Lenovo)YOGA 13s 2021款超轻薄商务办公本英特尔Evo平台13.3英寸全面屏薄笔记本电脑(i5-1135G7 16G 512G 高色域 2.5K高色域屏)灰,5999.00,联想京东自营旗舰店,33万+条评价
8,100013497554,联想(Lenovo)扬天M6610D 九代英特尔酷睿i5六核商用办公台式电脑整机 23英寸全高清屏 定制 i5-9400 16G 1T+256G双硬盘,5599.00,联想扬天京东自营授权旗舰店,1500+条评价
9,50994130629,联想 (Lenovo) 扬天M4000o英特尔酷睿i3台式电脑整机(i3-10100 8G 1T 键鼠 3年上门 )21.5英寸,3299.00,联想扬天京东自营旗舰店,1.1万+条评价
10,100014039290,横远 i5 9400F/10400/1660S 6G高配水冷台式吃鸡直播游戏组装电脑主机全套网吧 配置二(9400F+16G+RX550 4G),2999.00,横远DIY电脑旗舰店,700+条评价
11,67515660187,戴尔(DELL)XPS8940英特尔酷睿i7设计/游戏台式机电脑主机(i7-10700K 16G 1TSSD 2T RTX2070SUPER 8G独显)白,15999.00,戴尔京东自营官方旗舰店,6700+条评价
12,100010267514,华为荣耀笔记本电脑MagicBook Pro 16.1英寸全面屏轻薄本高清屏win10版 【SE锐龙版】R5-3550H 16G512G,5088.00,荣耀京诚专卖店,1100+条评价
13,43670738453,联想(Lenovo)刃7000P 3代锐龙7nm 设计师游戏电脑主机（RYZEN 5_3600 16G 512G SSD RTX2060 三年上门),5999.00,联想京东自营旗舰店,1.7万+条评价
14,100012816148,惠普（HP） 星14 笔记本电脑 14英寸轻薄本微边框学生办公商务游戏惠普笔记本 i5-1035G1 MX330-2G 高清屏 16G内存 512GPCI-E 指纹背光 标配版,5489.00,惠普华辉专卖店,6500+条评价
15,100012038796,机械师（MACHENIKE）未来战舰 游戏台式机电脑电竞主机 （十代i5-10400 16G 256G PCIE+1T GTX1660 Super）,5399.00,机械师京东自营旗舰店,1.2万+条评价
16,47412921615,"京品电脑	
华为笔记本电脑 MateBook X Pro 2020款 13.9英寸 十代酷睿i7 16G+512G 独显 3K触控全面屏/轻薄本 深空灰",9999.00,华为京东自营官方旗舰店,"去看二手
							4.3万+条评价"
17,100008001933,15.6英寸轻薄笔记本电脑商务办公上网课大学生女生款游戏本超薄便携超级本手提 新品十代四核J4115 16G内存 1024G M.2固态  微边框全面屏,3599.00,iru旗舰店,1900+条评价
18,71266270098,联想(Lenovo)扬天M4000q英特尔酷睿i5 商用办公台式电脑整机(i5-10400 8G 1T+256G 2G独显 4年上门)23英寸,4999.00,联想扬天京东自营旗舰店,4400+条评价
19,21055546954,联想V340 2020十代酷睿i7 14英寸手提超轻薄学生笔记本电脑游戏办公超极本 i7-10510U 24G内存 1T+512G固态 2G独显 全高清屏 背光键盘 星空灰 精装升级,7099.00,联想佳运汇通专卖店,8800+条评价
20,64775315908,华硕（ASUS）VivoBook14 十代酷睿 2020新品14英寸轻薄本笔记本电脑预装office i7-10510U 8G 512G固态 独显 黑,5489.00,华硕电脑京东自营官方旗舰店,1600+条评价
21,70127731915,狄派酷睿i5-9400F六核/游戏独显/吃鸡台式电脑主机/电竞高配组装电脑游戏整机全套 电脑主机+显示器 套餐五【吃鸡】16G/480G/1050Ti独显,3799.00,狄派电脑旗舰店,3.3万+条评价
22,100008818679,联想ThinkBook 十代酷睿i5/i7轻薄商务办公手提学生游戏笔记本电脑ThinkBook 14-09CD i5-1035G1 2G独显 16G内存 512G固态 指纹解锁 升配,4699.00,ThinkPad广东授权专卖店,1600+条评价
23,100014632782,世纪之星 i5升I7级八核/1650 4GD6/16G内存商务吃鸡办公游戏组装台式电脑主机整机全套 单主机 配置一：i9级八核/RX350显卡/8G/256G,1099.00,世纪之星电脑整机旗舰店,300+条评价
24,47412921616,AOC AIO大师926 27英寸高清办公一体机台式电脑(十代i5-10400 16G 512GSSD 旋转升降支架 支持壁挂 WiFi),5099.00,AOC电脑京东自营旗舰店,11万+条评价
25,70359039009,"京品电脑	
惠普（HP）战X 锐龙版 14英寸高性能轻薄笔记本电脑（锐龙8核16线程 R7 PRO-4750U 16G 512G 400尼特高色域）",5599.00,惠普京东自营官方旗舰店,7600+条评价
26,69211484058,15.6英寸轻薄笔记本电脑商务办公上网课大学生女生款游戏本超薄便携超级本手提 新品十代四核J4115 8G内存 256G M.2固态  微边框全面屏,2599.00,iru旗舰店,1900+条评价
27,67464585605,联想（Lenovo）小新Pro13 2020锐龙版 全面屏金属超轻薄笔记本电脑 8核R7-4800U 16G 512G,5546.00,联想京东自营官方旗舰店,2.2万+条评价
28,100011649358,戴尔(DELL)新品游匣G5 15.6英寸酷睿十代标压固态电竞游戏笔记本电脑 2546十代i5 16G 512G 1650 4G 官方标配,5899.00,戴尔官方旗舰店,4800+条评价
29,100015839608,小米笔记本电脑RedmiBook 14英寸锐龙高性能超轻薄游戏办公红米学生网课手提荣耀银手机互传 【现货】R5-3500U 16G 512G高速固态 预装office办公软件,3499.00,小米官方授权专卖店,4600+条评价
30,100014470738,AOC AIO美人鱼2250 21.5英寸超薄办公一体机台式电脑（赛扬J4105 4G 128G 双频WiFi 3年上门 送正版win10）,1999.00,AOC电脑京东自营旗舰店,11万+条评价
31,100010935788,戴尔笔记本电脑dell灵越15-5509 英特尔酷睿i5 15.6英寸高色域全面屏超轻薄本(十一代i5 16G 512GSSD)星空灰,4899.00,戴尔京东自营官方旗舰店,5.4万+条评价
32,63966949353,联想ThinkPad S2 2020 英特尔酷睿i5 13.3英寸轻薄办公笔记本电脑(i5-10210U 16G 512GSSD 100%sRGB触控屏)黑,5599.00,ThinkPad京东自营旗舰店,1.7万+条评价
33,10020352819058,华硕(ASUS) PN61 商用办公教育 MINI电脑主机( i7-8565U 256G SSD 8G Wifi蓝牙 Win10 三年上门) 迷你台式,3699.00,华硕京东自营旗舰店,3200+条评价
34,10022886433299,【2020款指纹解锁】15.6英寸轻薄IPS窄边框超薄手提金属笔记本电脑办公大学生女生游戏便携超级本 10代5205U 8G内存 256G固态 办公商务办公游戏娱乐轻薄本,2368.50,iru旗舰店,5900+条评价
35,10023474137803,小米RedmiBook 14英寸二代锐龙版高性能超薄办公游戏红米学生上网手提笔记本电脑荣耀银手机互传 一代【四核】R5-3500U 8G 512G固态,3298.00,小米瑞通专卖店,600+条评价
36,17355053604,佐瀚(zuohan)i5升i7/八核/8G独显台式机电脑主机整机全套家用办公组装游戏电竞 主机+24英寸曲屏显示器 套餐一：i7级六核/8G/120G/游戏独显,1699.00,淘森电脑专营店,40+条评价
37,100007413706,酷耶 十代i5i7/技嘉主板/16G DDR4 吃鸡电竞游戏台式机电脑主机组装整机全套 主机+27英寸曲面显示器 套餐三(i5-9400F/GTX1060独显6G),4498.00,酷耶电脑旗舰店,2700+条评价
38,10023022979139,宁美 i5 10400F/GTX1660 台式游戏组装电脑吃鸡电竞主机/DIY组装机 i5-9400F 标准版【10400F+1660】,4099.00,宁美官方旗舰店,1.1万+条评价
39,100007784089,惠普（HP）战99-25 15.6英寸 工作站 设计本 笔记本 英特尔酷睿i7标压/16GB/256GB PCIe+2TB/W10 Home/4G独显,7999.00,惠普京东自营官方旗舰店,1.6万+条评价
40,100007751189,联想（Lenovo）小新Air15 2021款15.6英寸 全面屏超轻薄笔记本电脑 i5-1135G7 16G 512G 高色域 银色 鼠标套装,6046.00,联想京东自营官方旗舰店,300+条评价
41,100012207776,RedmiBook 14 二代 超轻薄全金属(第十代英特尔酷睿i5-1035G1 16G 512G MX350 100%sRGB高色域)银 笔记本电脑,4899.00,小米京东自营旗舰店,17万+条评价
42,25705393059,戴尔(DELL)XPS8940 设计师/游戏 高性能台式机电脑主机(十代i7-10700 16G 1TSSD GTX1660Ti 6G 三年上门)白,11999.00,戴尔京东自营官方旗舰店,6700+条评价
43,100014902216,机械师（MACHENIKE）逐空T58竞技版 15.6英寸游戏本笔记本电脑（十代酷睿i7 8G 512G GTX1650Ti 4G）,6299.00,机械师京东自营旗舰店,1万+条评价
44,66491015314,【新品11代酷睿】惠普（HP）旗舰店 星14 青春版14/13英寸超轻薄学生游戏笔记本电脑 【i7-1165G7】11代酷睿--13.3进阶版 8G 512G SSD【学生办公】,6299.00,惠普授权旗舰店,8800+条评价
45,100016277972,AOC 的卢916 十代英特尔酷睿游戏台式电脑主机（i5-10400F 8G 512G GTX1650 4G D6独显 三年上门 背光键鼠）,4099.00,AOC电脑京东自营旗舰店,3000+条评价
46,100013320628,苹果（Apple）2020新款MacBook Air 13.3英寸超轻薄学生办公手提笔记本电脑 国行 Macbook air 13.3英寸【金属银】 【17推荐款】i5/8G/128G/高清显示屏,5388.00,苹果百桔专卖店,3200+条评价
47,65186345104,RedmiBook 14 二代 超轻薄全金属全面屏（第十代英特尔酷睿i3-1005G1 8G 256G 新一代WIFI6 小米智能互联) 银 笔记本电脑 小米 红米,3399.00,小米京东自营旗舰店,17万+条评价
48,10022231071819,"京品电脑	
惠普（HP）战66 三代AMD版14英寸轻薄笔记本电脑（锐龙7nm 八核R7-4700U 16G 512G 400尼特高色域 一年上门）",4999.00,惠普京东自营官方旗舰店,19万+条评价
49,10020502841610,华为平板MatePad Pro平板电脑二合一安卓10.8英寸全面屏学生学习网课办公 8G+256GB WIFI 夜阑灰（原装键盘套装） 官方标配,4659.00,千百回数码旗舰店,5800+条评价
50,100008326511,【2020款指纹解锁+10代酷睿处理器】15.6英寸轻薄笔记本电脑 快速者Z18商务办公学生游戏本 8G内存+128G固态硬盘+1000G机械硬盘 10代酷睿10110U主频2.1G 睿频4...,3288.00,快速者电脑旗舰店,200+条评价
51,100011606000,华为笔记本MateBook 14 2020款锐龙超薄本全面屏超极本轻薄本学生商务办公手提笔记本电脑 灰｜R5-4600H 16G+512G触屏版【现货,5888.00,华为兴汇聚专卖店,1.6万+条评价
52,100013404744,攀升 商睿P23 23.8英寸一体机电脑（十代i3-10100 16G 256GSSD WiFi 键鼠 3年上门）设计师办公商用台式主机,2999.00,攀升京东自营官方旗舰店,2万+条评价
53,55728186144,"京品电脑	
机械革命（MECHREVO）S2 14英寸(英特尔酷睿i5-10210U 8G 512G MX350 摄像头) 银 网课 办公轻薄笔记本电脑",4699.00,机械革命京东自营官方旗舰店,5万+条评价
54,10023320173599,联想(Lenovo)GeekPro 2020十代英特尔酷睿i5设计师游戏台式电脑主机(i5-10400F 8G 1T+256G SSD GTX1650 ),4899.00,联想京东自营旗舰店,4.1万+条评价
55,100013797970,自带wifi i7 10700F台式电脑主机GTX1650 吃鸡直播电竞组装电脑/DIY组装机 鑫锐 配置二:intel i7/16G-进阶电竞,4299.00,鑫锐电脑旗舰店,1300+条评价
56,10020600839322,攀升战神二代 十代i7 10700K/RTX3080-10G设计师水冷游戏台式电脑主机整机 【新品】i7 10700F | RTX3070,8999.00,攀升官方旗舰店,60+条评价
