﻿,goods_id,goods_name,goods_price,goods_store,goods_commit
0,69247330583,雷神（ThundeRobot）911黑武士Ⅱ 十代酷睿水冷吃鸡游戏台式电脑主机高端设计制图编程台式机 水冷十代i5-10400/GTX1650-4G 8GB内存 256GB NVMe+1TB机械,5199.00,雷神汇智云端专卖店,2200+条评价
1,100003947649,联想小新air14 14英寸2021酷睿11代i5超轻薄笔记本电脑学生青春超极本商务办公游戏本网课本 标配|11代i5 16G 512G固态 MX450 2G独显 金属机身,5999.00,联想育新授权专卖店,1.5万+条评价
2,47090668890,联想(Lenovo)Yoga A940英特尔酷睿i7 创意设计一体机台式电脑27英寸(i7-9700 16G 2T+1TB SSD 4G独显 )灰,14999.00,联想京东自营旗舰店,9100+条评价
3,12422667591,戴尔（DELL） OptiPlex7070MT商用办公绘图设计3D渲染建模主机酷睿游戏台式机电脑 7080MT I5-10500 4G 1T机械 集显,3499.00,戴尔商用瑞华专卖店,6500+条评价
4,100008858805,联想小新Air14 2020新款锐龙 超轻薄笔记本电脑游戏办公设计手提学生本 定制四核 R3-4300U 8G 512G固态 IPS全高清屏 精装升级 多档模式调节 深灰色,4299.00,联想德信专卖店,1万+条评价
5,100015164868,戴尔（DELL）OptiPlex 7050MT升级7070MT i7八核商用台式电脑主机 定制款 23.8英寸显示器 -E2417H i7-9700 8G 2T R5430-2G独显,5799.00,戴尔商用恒实专卖店,1100+条评价
6,10023415180997,戴尔dell灵越5401微边框高色域台式机一体机电脑家用办公23.8英寸（十一代i5-1135G7 8G 256GSSD）黑,5099.00,戴尔京东自营官方旗舰店,3.9万+条评价
7,100013951934,联想(Lenovo)扬天M6610d 英特尔酷睿九代i5六核商务家用网课办公台式电脑整机 单主机 定制 i5-9400/16G/1T+256G固态,4899.00,联想扬天京东自营授权旗舰店,200+条评价
8,100015646056,AOC AIO大师734 23.8英寸高清办公一体机台式电脑(十代i5-10400 8G 512GSSD 双频WiFi 3年上门 商务键鼠),4199.00,AOC电脑京东自营旗舰店,11万+条评价
9,100007266829,华硕 (ASUS) M4050/M5600新锐龙R7八核处理器轻薄便携笔记本电脑学习办公设计本手提 【14英寸】耀夜黑 R7-4700 配置一 16G 512G固态,4599.00,华硕金硕专卖店,400+条评价
10,100014278598,联想（Lenovo）商用台式电脑  M920T I9-9900/32G(16G*2)/2T+512/RX550X 4G/内置喇叭/400W/27英寸显示器,13999.00,,100+条评价
11,62764268651,京天(KOTIN)征服者7307十代酷睿i7设计师游戏台式电脑主机(i7 10700F 16G 500G SSD+1T RTX3070 8G独显),9999.00,京天京东自营官方旗舰店,800+条评价
12,55529527814,联想ThinkBook Plus(0ACD)英特尔酷睿i7 13.3英寸E-ink墨水屏 轻薄笔记本电脑(十代i7-10510U 16G 512GSSD),9999.00,ThinkPad京东自营旗舰店,6600+条评价
13,27307261434,和谐号 XS-6100办公商用台式电脑主机组装整机(AMD九代八核A9-9820/8g/256g 无线WiFi)27英寸,1880.00,和谐号电脑京东自营官方旗舰店,5000+条评价
14,10023120757745,【王源代言】联想ThinkBook 15商务办公15.6英寸女生轻薄游戏本ThinkPad笔记本电脑 十代i7 16G内存 512G固态@3QCD定制 FHD高清屏 2G独显 背光键盘 指纹Win10,5999.00,ThinkPad福建授权专卖店,2200+条评价
15,1262736103,戴尔(DELL)高性能商用 办公台式电脑 游戏吃鸡 设计师3D建模渲染  成就5090 单主机（1050ti-4G独显）  i5-9400 16G 1T+256GSSD 定,4999.00,戴尔优显台式机专卖店,1500+条评价
16,72332439090,戴尔（DELL）灵越5000 5593/5493 成就3401超极本学生办公女生轻薄本手提笔记本电脑 14英寸|银色|十代i5-1035G1|2G独显 16G内存 256GPcie固态+1T机械 定制,4399.00,戴尔华宏创天专卖店,1.1万+条评价
17,68056206883,华硕(ASUS)  灵耀14 十代酷睿 13.5mm超轻薄14英寸商务办公笔记本电脑100%sRGB 十代i5 16G 512G 轻约1.1kg 松木青,5999.00,华硕电脑官方旗舰店,900+条评价
18,58756438422,联想(Lenovo)扬天M7200d 锐龙四核高性能商务家用网课办公台式电脑整机 23英寸全高清屏 定制R3-2200G/8G/1T+256G双硬盘,3999.00,联想扬天京东自营授权旗舰店,900+条评价
19,100008348522,雷诺塔 十代i5 10400F/B460/GTX1660S SUPER吃鸡游戏台式电脑主机DIY组装,3999.00,雷诺塔组装电脑旗舰店,4.5万+条评价
20,11308142908,惠普（HP）惠普星15青春版 2020款超薄本笔记本电脑15.6英寸轻薄女生学生商务办公游戏超级本 星光银 i3-1005G1 升级版：8GB 512G SSD 纯固态,3499.00,惠普宇熙世纪专卖店,700+条评价
21,14541812601,长城（Great Wall）台式电脑主机商用家用台式机办公电脑吃鸡游戏电脑 主机+23.8显示器 酷睿 i5  8G 512GG固态 内置无线+蓝牙,2399.00,长城电脑梦之缘专卖店,4100+条评价
22,10020428752798,惠普（HP）星14青春版 十代酷睿14英寸窄边框商务办公学生轻薄游戏笔记本电脑 旗舰版【2021星空银-11代i5】 配置二：8G内存/512G固态,4599.00,惠普中成德胜专卖店,1.1万+条评价
23,10023460953243,宏碁(Acer)墨舞EX215 15.6英寸轻薄笔记本(i5-10210U 8G 128G+1TB MX230 DDR5独显 FHD 支持双硬盘 Win10),4099.00,宏碁商用京东自营旗舰店,9900+条评价
24,26925907913,联想ThinkPad E490（23CD）笔记本电脑14英寸FHD高清商务办公超薄2G独显 升级版：i5-8265U 16G 512G固态,4699.00,ThinkPad东南授权专卖店,3000+条评价
25,100016022324,联想新品IdeaPad14s 2020款 十代英特尔酷睿i3/i5 14英寸 高性能轻薄笔记本电脑 Intel i3 10110U银 双盘丨8G 1T机械+512G固态,3749.00,联想航电授权专卖店,5.8万+条评价
26,41910115119,联想(Lenovo) 扬天 威6 14英寸2020款酷睿十代I5窄边框轻薄商务办公学习游戏笔记本电脑 定制i5-1035G1 16G内存 1T+512G 2G独显 预装office 上门服务,4799.00,联想朗通金牌专营店,2800+条评价
27,100005417281,联想ThinkBook 2021款 11代酷睿i5/i7 高色域游戏本 超轻薄商务办公学生笔记本电脑 15-03CD i7-1165G7 MX450独显 16G内存 512G固态 官方标配,6399.00,ThinkPad成都授权专卖店,200+条评价
28,100010338574,神舟战神ZX6/TX6-CU5DA 十代六核i5 GTX1650/1050独显手提游戏本笔记本电脑 TX6升级版/十代i5/16G/512/72%色域,5499.00,神舟游戏本专卖店,1.7万+条评价
29,64212299747,联想(Lenovo)扬天M4610d 2020款英特尔酷睿九代i3四核 网课家用商务办公台式电脑整机 23英寸全高清屏 定制 i3-9100/8G/1T+128G固态,4099.00,联想扬天京东自营授权旗舰店,800+条评价
30,53190485905,戴尔笔记本电脑dell灵越14-7400 高色域斩蓝屏超轻薄本(十一代 i7-1165G7 16G 512G MX350 2GB独显)铝合金,9499.00,戴尔京东自营官方旗舰店,1.5万+条评价
31,100013068442,戴尔（DELL）灵越5000 5593/5493 十代酷睿四核家用轻薄游戏商务办公学生手提笔记本电脑 银色|15.6英寸|i5-1035G1|2G独显 8G内存 512GPCIE固态硬盘 标配版,4499.00,戴尔华宏创天专卖店,2.3万+条评价
32,100005667913,华硕(ASUS) 猎鹰V4 23.8英寸商用办公一体机电脑(酷睿i5 8G 256GSSD+1T  MX130 2G 全高清 上门售后)黑,5199.00,华硕京东自营官方旗舰店,7700+条评价
33,43822926269,AOC AIO大师926 23.8英寸高清办公一体机台式电脑 (九代i3-9100 8G 256G+1T双硬盘 升降旋转支架 支持壁挂),3599.00,AOC电脑京东自营旗舰店,1.8万+条评价
34,10023300612679,华为MateBook D 14/15 超薄笔记本电脑办公学生游戏商务本手提电脑 D14｜银i5/16G/512G/独显+有线耳机  带Win10系统/office办公软件,5799.00,华为肆玖专卖店,7600+条评价
35,100005417283,联想（Lenovo）AIO520C 23.8英寸 一体机台式电脑 商务办公家用电脑 i5-10400T 8G 256G  独显 黑色,4799.00,联想京东自营官方旗舰店,5000+条评价
36,49311167949,惠普(HP)ENVY 13-ba0016TU 13.3英寸超轻薄笔记本电脑(i7-1065G7 8G 512G SSD UMA FHD IPS),6699.00,惠普京东自营官方旗舰店,6600+条评价
37,100002019559,华为平板MatePad Pro 10.8英寸麒麟990影音娱乐游戏办公学习全面屏平板电脑6GB+128GB LTE全网通（贝母白）,3799.00,华为京东自营官方旗舰店,"去看二手
							28万+条评价"
38,65361032770,戴尔（DELL）成就3671 商用办公台式机电脑 设计制图游戏主机 主机+23.8英寸高清显示器 i5-9400 8G 1T 128G固态 定制,4198.00,戴尔百诚台式机专卖店,1.6万+条评价
39,47029824367,【王源代言】联想ThinkBook 十代酷睿i5/i7 商务办公游戏本ThinkPad笔记本电脑新款 15P-03CD(十代i7 GTX1650吃鸡显卡 16G内存512GB PCIE高速固态）定制,7999.00,ThinkPad重庆授权专卖店,1800+条评价
40,57567412808,华硕(ASUS) 猎鹰V4 23.8英寸商用办公一体机电脑(酷睿i5 8G 256GSSD+1T  MX130 2G 全高清 上门售后)白,5199.00,华硕京东自营官方旗舰店,7700+条评价
41,6724837,变异者商祺A3PRO  i3 9100F/8G/120G+1TB/独显2G/华硕主板组装电脑台式主机,2599.00,变异者组装电脑京东自营旗舰店,200+条评价
42,100013315036,京天 Duel D68 i5 10400F/RTX2060/华硕B460/240G/8G DDR4内存/台式组装电脑/游戏主机UPC,5299.00,京天（KOTIN）电脑京东自营旗舰店,1.2万+条评价
43,10021947376800,酷睿i5/i7/1650 4GD6独显/办公游戏台式组装电脑主机DIY组装机整机 主机+32英寸曲面显示器 I9级八核/1650 4GD6/32G,3499.00,鑫石电脑专营店,1200+条评价
44,59072685354,邪手水冷 i7 10700F/RTX2060/吃鸡游戏设计师 台式电脑主机 DIY组装机 高配电竞迷你mini,5888.00,邪手MOD水冷电脑旗舰店,1100+条评价
45,10021713150896,华为荣耀笔记本电脑MagicBook pro/14/15全面屏超薄本轻薄本便携学生商务办公本超极本 【20款14灰色】R5-4500U+16+512,4988.00,荣耀策山专卖店,1.4万+条评价
46,58988195462,宁美-魂-白骑士 升十代i5 10400/GTX1660/16G内存/256G SSD/游戏台式电脑主机DIY组装机/三年上门,4099.00,宁美国度京东自营旗舰店,9500+条评价
47,100004404041,联想(Lenovo)扬天M6610D 九代英特尔酷睿i5六核商用办公台式电脑整机 单主机 定制 i5-9400 16G 1T+512G双硬盘,5199.00,联想扬天京东自营授权旗舰店,1500+条评价
48,100016057908,华为平板MatePad Pro 5G 10.8英寸麒麟990游戏影音娱乐办公学习全面屏平板电脑8G+256G全网通(丹霞橙),5299.00,华为京东自营官方旗舰店,28万+条评价
49,10021465336647,联想ThinkPad T14 2020款十代酷睿i5/i7 14英寸T系列轻薄便携商务办公笔记本电脑  i7-10510U 8G 512G |4JCD 【定制】16GB内存512G固态硬盘,9799.00,ThinkPad重庆授权专卖店,300+条评价
50,10023474971425,15.6英寸轻薄酷睿笔记本电脑游戏学生全面屏 超级本  上网本办公十代高性能便携手提电脑笔记本免息 银灰色 官方标配-四核【8G运行+128G固态】,1858.00,格莱富电脑旗舰店,5200+条评价
51,100015705614,苹果（Apple）ipad2019/2020新款第8代10.2英寸air2更新版平板电脑 WiFi版 2020款 深空灰色 128G 原厂笔+ 壳膜,3839.00,APPLE翔合专卖店,18万+条评价
52,10022142874739,华为荣耀MagicBook Pro 16.1英寸全面屏超薄本轻薄本笔记本电脑超极本学生游戏办公手提 灰丨锐龙R5-4600H 16G 512G,5299.00,金博盛笔记本专营店,9200+条评价
