﻿,goods_id,goods_name,goods_price,goods_store,goods_commit
0,100010137712,华为平板MatePad Pro 10.8英寸麒麟990影音娱乐办公游戏学习全面屏平板电脑8GB+256GB LTE全网通（夜阑灰）,4499.00,华为京东自营官方旗舰店,"去看二手
							28万+条评价"
1,100003345351,小米Air 12.5英寸 网课 学习 全金属超轻薄(i5 4G 256G 全高清屏) 游戏 银色 笔记本电脑,4299.00,小米京东自营旗舰店,6.1万+条评价
2,100007456875,外星人(Alienware)R11 英特尔酷睿i7 水冷游戏台式电脑主机(十代i7 16G 512G 1T RTX2060S 8G)白,17999.00,外星人京东自营旗舰店,1100+条评价
3,71403507060,狄派 英特尔酷睿十代i5/i7-10700八核台式电脑主机整机全套6G独显办公游戏电竞组装电脑 主机+24英寸曲面显示器 配置二:(i5-9400F+1050ti 三年保),3899.00,狄派电脑旗舰店,3900+条评价
4,100007188675,"京品电脑	
戴尔(DELL)成就3681商用办公台式机电脑整机(十代i3-10100 8G 256GSSD 1T 三年上门售后)23.8英寸",3399.00,戴尔京东自营官方旗舰店,1.5万+条评价
5,36528671366,AOC六核一体机电脑9代I5/酷睿I3I7高配游戏家用办公台式一体式整机 23.8英寸八代J4105四核8G/256G大固态,2349.00,AOC云信一体机专卖店,2.8万+条评价
6,16244478403,狄派 Intel四核i3-9100F/AMD八核战机/电竞台式机电脑主机/办公吃鸡游戏组装电脑整机 电脑主机+24英寸显示器 套餐二（G5400/240G固态/游戏独显）,2499.00,狄派电脑旗舰店,2.7万+条评价
7,100008947759,戴尔笔记本电脑dell灵越15-5509 15.6英寸高色域全面屏超轻薄商务本(十一代i7-1165G7 16G 512GSSD)薄荷银,5799.00,戴尔京东自营官方旗舰店,5.4万+条评价
8,100016367012,【教育优惠版】Apple iPad Air 10.9英寸 平板电脑（ 2020年新64G WLAN版/A14芯片/触控ID/MYFQ2CH/A）天蓝色,4399.00,Apple产品京东自营旗舰店,1300+条评价
9,100015328748,雷神(ThundeRobot)GeekBox 设计师游戏台式电脑主机(十代酷睿i5-10400 16G GTX1650S 512GSSD 三年上门）,4899.00,雷神京东自营官方旗舰店,2.5万+条评价
10,43365608089,"拍拍	
【二手99新】英特尔i9级八核独显GTX1070独显直播吃鸡游戏电脑办公整机DIY组装二手台式机全套 套餐六：i9级V2加强/1060 6G【店长热推】 全套",2999.00,火星人二手商品专营店,2.9万+条评价
11,58875980175,戴尔（DELL）旗舰店 灵越5391 13.3英寸轻薄独显性能网课办公固态笔记本电脑 1625银i5 8G 512G MX250独显,4699.00,戴尔官方旗舰店,4900+条评价
12,34423561065,联想拯救者R7000P 2020电竞游戏笔记本电脑 RTX2060独显6G 锐龙R7-4800H八核 16G内存 1TB固态 钛晶灰 定制 144Hz高色域专业电竞屏,9288.00,联想华东授权专卖店,4.5万+条评价
13,54755850201,华硕（ASUS）VivoBook15s轻薄笔记本电脑十代酷睿商务办公便携全面屏窄边框独显轻薄本 冰钻银/i7-1065G7/MX330-2G独显 16G内存丨512G固态套餐七,5699.00,华硕智凝专卖店,2.3万+条评价
14,72264808073,联想ThinkBook 十代酷睿i5/i7轻薄商务办公手提学生游戏笔记本电脑ThinkBook 15-3QCD i7-1065G7 2G独显 16G内存 512G固态+1T双硬盘  升配,6399.00,ThinkPad广东授权专卖店,1600+条评价
15,100006893837,惠普(HP)战99 G2 商用办公台式电脑主机（十代i3-10100 8G 256GSSD  Win10 Office 注册五年上门）21.5英寸,3099.00,惠普京东自营官方旗舰店,1.8万+条评价
16,100012038814,华为笔记本电脑 MateBook X Pro 2020款 13.9英寸 十代酷睿i5 16G+512G 独显 3K触控全面屏/轻薄本 深空灰,8999.00,华为京东自营官方旗舰店,"去看二手
							4.3万+条评价"
17,10022106902257,2020新款 酷睿i7轻薄本 锐龙R5R7游戏本可选15.6英寸笔记本电脑 商务办公超薄本 昂福镭仕 办公/游戏: 酷睿i5 8G内存+512G固态,2988.00,昂福镭仕电脑专营店,2000+条评价
18,100015470504,Apple iPad Air 10.9英寸 平板电脑（ 2020年新款 256G WLAN版/A14芯片/触控ID/全面屏MYFT2CH/A）深空灰色,5999.00,Apple产品京东自营旗舰店,1.7万+条评价
19,69532542393,toposh 【酷睿i5金属指纹款】15.6英寸笔记本电脑轻薄商务办公便携式本学生上网本商务大屏本 酷睿i5/16G内存/512G固态,3488.00,toposh笔记本旗舰店,70+条评价
20,34494613271,英酷达24英寸一体机电脑曲面屏八代英特尔酷睿I5I7超薄四核独显游戏组装吃鸡办公家用台式电脑主机整套 游戏办公-四核A6/8G/120G固态2G显存,1288.00,英酷达电脑官方旗舰店,1600+条评价
21,11943085278,戴尔（DELL）灵越5493/5593 燃5000 手提轻薄超极本商务办公网课学生游戏笔记本电脑 酷炫银|15.6英寸|i5-1035G1|2G独显 16G内存 512GPCIE固态+1T机械 定制版,4799.00,戴尔华宏创天专卖店,3万+条评价
22,37127778918,联想（Lenovo）天逸510S 新款商用家用办公个人学习台式机电脑迷你主机 十代酷睿 i3-10100 8G 1T 核显丨标配 主机+21.5LED屏,2999.00,联想同诚台式机授权专卖店,300+条评价
23,100013173300,"京品电脑	
戴尔(DELL)成就3681商用办公台式机电脑整机(十代i5-10400 8G 1T 三年上门售后)23.8英寸",3899.00,戴尔京东自营官方旗舰店,1.2万+条评价
24,64488009828,15.6英寸超轻薄本 高速固态硬盘 笔记本电脑轻薄超级本 学生网上课堂电脑 远程办公本 得峰电脑 全尺寸键盘Intel-J4105/12G内存 力荐SSD256G高速固态硬盘,1940.00,得峰旗舰店,6.7万+条评价
25,40609854092,联想小新Air14 2020新款7nm锐龙版金属超轻薄笔记本电脑 学生本商务设计游戏轻薄本 R3-4300U 8G 512G 定制 灰色 深空灰,4399.00,联想西南授权专卖店,3500+条评价
26,10020856762512,"拍拍	
【准新品】铭速双核至强四核六核i3i5i7集成吃鸡独显电脑老人炒股办公学生游戏电脑主机台式机电脑 套六i3双核8G 120G固态核显送22寸屏 特价送显示器",1138.00,铭速二手电脑专营店,3100+条评价
27,100015491460,戴尔（DELL）OptiPlex 3070MFF 微型台式电脑迷你小主机 台式机商用办公客厅HTPC 定制 i5-9500T/8G/1T+256G 内置WiFi+蓝牙 全国联保 三年上门,3798.00,戴尔商用京东自营官方旗舰店,300+条评价
28,100008363219,宁美国度 卓 商用办公台式机电脑主机（十代i3 10100 8G 512G 送键鼠 三年上门）迷你电脑,2159.00,宁美国度一体机京东自营旗舰店,1500+条评价
29,65529057424,攀升VGAME设计师游戏台式机电脑主机（十代i7-10700F GTX1660-6G 16G 256GSSD 3年上门）电竞独显,5699.00,攀升京东自营官方旗舰店,9300+条评价
30,32421759217,戴尔(DELL)旗舰店成就5000系列14英寸 5490轻薄微边框办公性能全固态笔记本电脑 1625银 i5 8G 512G MX250 2G,4269.00,戴尔官方旗舰店,6600+条评价
31,100014039240,惠普（hp）旗舰店 星14进阶版 11代新品 星13系列轻薄超薄商用手提学生女游戏笔记本电脑超极本 香槟色：【背光键盘版-11代进阶丨稀缺货源】 吃鸡版...,6199.00,惠普授权旗舰店,3.9万+条评价
32,100016057870,戴尔(DELL)XPS8940英特尔酷睿i9设计游戏台式机电脑主机(十代i9-10900K 16G 1T RTX2060 6G独显 三年上门)白,14499.00,戴尔京东自营官方旗舰店,6700+条评价
33,10020099041787,联想(Lenovo)AIO逸 微边框网课一体台式机电脑23.8英寸(AMD 锐龙3_4300U 8G 256G SSD 无线键鼠)黑,3099.00,联想京东自营旗舰店,5.5万+条评价
34,100013333232,联想ThinkPad T14 2020 14英寸程序员工程师系列 超薄本轻薄商务IBM手提笔记本电脑 4JCD丨十代i7 8G 512G FHD屏 独显 【配置升级】16G内存 512G固态硬盘,9799.00,ThinkPad福建授权专卖店,80+条评价
35,60659491887,联想ThinkPad P15s 2020款(00CD)英特尔酷睿i715.6英寸轻薄图站游戏笔记本i7-10510U 16G 512GSSD P520独显2G,10499.00,ThinkPad京东自营旗舰店,1900+条评价
36,100007617142,华为荣耀笔记本电脑MagicBook14/15 超薄本轻薄本男女学生商务办公猎人游戏本手提电脑pro 14SE锐龙R5-3500U-8G-256G,4288.00,集洋数码专营店,3300+条评价
37,67470768497,华为平板M6 8.4英寸高能版影音娱乐游戏学习平板电脑6GB+128GB LTE全网通（幻影蓝）,2799.00,华为京东自营官方旗舰店,"去看二手
							34万+条评价"
38,72161763231,华为荣耀笔记本电脑MagicBook14 14英寸超薄本商务办公超级本学生轻薄本 预装WIN10系统 R5-3500U 8GB 256G 标配版预订,4088.00,洁创数码专营店,100+条评价
39,36286149775,2020新款华为MateBook D14/15轻薄本全面屏商务办公学生设计手提超薄笔记本电脑 D15银独显i5-10210U 16G 512标配,5588.00,华为康特专卖店,4700+条评价
40,10023880807264,联想aio520/520c 致美一体机电脑企业采购商用办公家用个人游戏娱乐学习台式电脑 aio520-24高清显示屏 黑色丨银色可选 推荐性能：9系处理器丨8g丨256g丨w...,2999.00,联想华辉台式机授权专卖店,1200+条评价
41,28712276705,戴睿2020指纹解锁超轻薄笔记本电脑15.6英寸窄边框全新四核便携手提学生商务办公游戏上网本背光键盘 贵雅红 【套餐1】8G内存+128G固态硬盘,1648.00,戴睿旗舰店,2.1万+条评价
42,62138278686,联想(Lenovo)旗舰店小新Air 14英寸 全新11代轻薄独显便携笔记本电脑 定制i5-1135G7/8G/512G 固态   MX350 2G 轻奢灰,5399.00,联想授权旗舰店,2.1万+条评价
43,100013068438,狄派 商务办公电竞电脑主机i5-9400F六核/1650 4G独显/吃鸡游戏台式机组装电脑整机 单主机 套餐一办公/家用(G4900/8G内存）,998.00,狄派电脑专营店,6000+条评价
44,25123997382,Apple 2020新款 MacBook Pro 13.3【带触控栏】十代i5 16G 1T 2.0GHz 银色 笔记本电脑 轻薄本 MWP82CH/A,15999.00,Apple产品京东自营旗舰店,2.8万+条评价
45,10020884591233,联想ThinkPad E14 Slim 14英寸轻薄便携游戏娱乐商务办公学生家用高分屏笔记本电脑 十代i5 8G 128G固态+1T【01CD定制】,4499.00,ThinkPad重庆授权专卖店,4800+条评价
46,100012038798,戴尔（DELL）Optiplex 3060MT 台式机电脑主机 i3/i5/i7商用办公台式整机 定制 i7-8700/16G/1T+256G/2G 全国联保 三年上门,5098.00,戴尔商用京东自营官方旗舰店,900+条评价
47,19209975643,华为笔记本电脑 MateBook X Pro 2020款 13.9英寸 十代酷睿i5 16G+512G 独显 3K触控全面屏/轻薄本 皓月银,9499.00,华为京东自营官方旗舰店,4.3万+条评价
48,32114127147,宁美 i3 9100F四核/GT710 2G独显企业办公台式电脑主机家用网课娱乐游戏整机DIY组装机 高配版 i3 9100F/8G/512G 爆款办公,1999.00,宁美官方旗舰店,6900+条评价
49,35374530423,神舟战神Z7M/G8系列酷睿标压处理器RTX2060/GTX1650独显全面屏游戏本笔记本电脑 Z7M-CU7升级/i7/16/512G/4G独显,6399.00,神舟游戏本专卖店,5.7万+条评价
50,68573603291,联想（Lenovo)旗舰店拯救者R7000 15.6英寸吃鸡游戏笔记本电脑锐龙R5 定制R5-4600H/16G/512G固态  GTX1650 4G 100%sRGB,7099.00,联想授权旗舰店,1.4万+条评价
51,100015833934,联想E76A台式机电脑速龙300GE双核8G内存1TB硬盘家用娱乐办公税控台式主机 速龙300GE双核 8G 1TB硬盘 集显  Win10系统 3年全国联保,1999.00,联想ThinkCentre肇睿专卖店,300+条评价
52,100016188034,七彩虹（Colorful）iGame M380设计师游戏台式电脑主机（十代i7-10700 16G 500G RTX2060 3年免费上门）,6599.00,七彩虹京东自营旗舰店,1100+条评价
53,100015332968,戴尔(DELL)成就5880商用办公高性能台式机电脑整机(十代i7-10700F 16G 256GSSD 2T RX640 4G独显 ),6599.00,戴尔京东自营官方旗舰店,50+条评价
54,100009107697,雷神(ThundeRobot)GeekBox 设计师游戏台式电脑主机(十代酷睿i7-10700 16G GTX1650S 512GSSD 三年上门）,5599.00,雷神京东自营官方旗舰店,2.5万+条评价
55,44723784730,戴尔(DELL)成就5880商用办公高性能台式机电脑整机(十代i7-10700F 16G 256GSSD 2T RX640 4G独显 )23.8英寸,7299.00,戴尔京东自营官方旗舰店,2.3万+条评价
56,52732210011,戴尔（DELL）OptiPlex 7060升级款7070MT 商用办公做图设计3D建模台式机电脑主机 i7-9700 16G 256固态+1T GT710-2G独立显卡 定制版,5479.00,戴尔商用润弘专卖店,1000+条评价
57,100013372188,Apple苹果 2020新款MacBook Air 13.3英寸 17款超薄笔记本电脑 金色 20款 256G 鼠标套餐,7388.00,APPLE翔合专卖店,4500+条评价
58,10021899179183,和谐号 办公商用游戏台式电脑主机组装整机(九代酷睿i3-9100/8G/128G+1TB双硬盘 无线WiFi 3年上门),2099.00,和谐号电脑京东自营官方旗舰店,5000+条评价
