﻿,goods_id,goods_name,goods_price,goods_store,goods_commit
0,100007062967,"京品电脑	
戴尔(DELL)灵越3881游戏设计师台式电脑整机(十代i7-10700F 8G 512GSSD GTX1650 SUPER 4G独显)23.8英寸",6799.00,戴尔京东自营官方旗舰店,6700+条评价
1,58138538487,亚当贝尔 英特尔i7升八核/1050Ti 4G/16G 独显/办公游戏家用吃鸡迷你组装台式机电脑主机 主机+21.5英寸显示器 酷睿i3/4G/128G,1299.00,亚当贝尔电脑旗舰店,100+条评价
2,65425073569,华硕（ASUS）顽石6代14/15.6英寸轻薄便携商务办公笔记本电脑学生游戏本VivoBook15s 【14英寸】灰i5-8265U/MX110 配置一 8G/256G固态,3599.00,华硕金硕专卖店,8400+条评价
3,100006392089,宏碁(Acer)商祺SQX4270 666C办公台式电脑整机 家用网课电脑(酷睿i5 8G 512GSSD GT730 2G独显)21.5英寸,3899.00,宏碁京东自营旗舰店,2.8万+条评价
4,100007773441,"京品电脑	
联想(Lenovo)天逸510S 英特尔酷睿十代i3 台式机电脑整机(i3-10100  8G 1T wifi win10 三年上门)单主机",2399.00,联想京东自营旗舰店,3.1万+条评价
5,68652501996,"京东超市	
[2020新款]酷比魔方 iplay20 10.1英寸1080P全贴合高清8核4G全网通通话平板电脑 前黑后黑 4G+64G",699.00,酷比魔方京东自营官方旗舰店,1.2万+条评价
6,33941210218,宁美国度 i5 9400F/10400/GTX1650/华硕主板台式游戏组装电脑/DIY主机 套装版【16G+256G+键鼠+显示器】 9400F,4299.00,宁美官方旗舰店,1万+条评价
7,100013967784,"京品电脑	
惠普(HP)暗影精灵6 15.6英寸游戏笔记本电脑(i7-10750H 16G 512GSSD GTX1650Ti 4G独显 144Hz电竞屏)",7999.00,惠普（HP）OMEN暗影精灵京东自营旗舰店,7.8万+条评价
8,100007824339,"京品电脑	
华硕(ASUS)灵耀14锐龙版 7nm8核 13.5mm超轻薄14英寸商务办公手提笔记本电脑(R7 16G 512G 高色域)丁香银",5799.00,华硕京东自营官方旗舰店,5800+条评价
9,24998468455,联想笔记本V340 15.6英寸2020新款十代酷睿i3学习游戏商务办公女生娱乐轻薄便携笔记本电脑 标配:i3-1005G1 8G内存 256G固态 2G独显 1080P高清屏 指纹识别,3599.00,联想朗通金牌专营店,2.1万+条评价
10,100014670726,神舟(HASEE)战神Z7-CU5NB 英特尔酷睿i5-10200H GTX1650TI 4G 15.6英寸144Hz游戏笔记本(8G 512G SSD IPS),4799.00,神舟电脑京东自营旗舰店,2.1万+条评价
11,10020301412662,联想(Lenovo)小新15 2020八核锐龙版 15.6英寸大屏高性能轻薄手提笔记本电脑办公游戏本 高色域丨定制R7-4800U 16G 1T固态 IPS全高清屏 W10 浩瀚银,6399.00,联想电脑授权专卖店,4.9万+条评价
12,100014072688,苹果（Apple）MacBook Air 13.3英寸笔记本电脑 【2020款商务灰】双核i3/8G/256G 19点前付款当天发货,7568.00,疆界旗舰店,1400+条评价
13,100009594194,"京品电脑	
联想(Lenovo)天逸510S 英特尔酷睿十代i5 台式机电脑整机(i5-10400  8G 1T wifi win10 三年上门)23英寸",3899.00,联想京东自营旗舰店,1.5万+条评价
14,10021516289832,宁美国度 魂 吃鸡游戏台式机电脑主机（九代i5 9400F GTX1050Ti 4G独显 8G 120G 三年质保）,2999.00,宁美国度一体机京东自营旗舰店,300+条评价
15,10020348450991,联想ThinkPad E14 19CD 14英寸轻薄商务办公笔记本电脑十代酷睿六核i7-10710U 32G 512G固态+1T机械【定制】 FHD全高清 独显2G Win10+Office,8299.00,ThinkPad华中授权专卖店,7000+条评价
16,25132479368,【指纹解锁】笔记本电脑游戏本酷睿i7轻便手提窄边框15.6英寸澳典大学生超薄本学习商务办公轻薄本 酷睿i7  8G内存  256G固态,3198.00,澳典笔记本旗舰店,3.3万+条评价
17,100012920626,华为荣耀笔记本电脑MagicBook 14/15英寸超薄本轻薄本学生商务办公手提笔记本电脑 主推款SE R5-3500U 16G 512G,4488.00,金博盛笔记本专营店,3.5万+条评价
18,100015522624,戴尔(DELL)灵越3880商用办公高性能台式机电脑整机(十代i5-10400F 8G 256GSSD 1T 2G 独显 三年服务)23.8英寸,5099.00,戴尔京东自营官方旗舰店,1.1万+条评价
19,10021793198699,戴尔(DELL)G5 英特尔酷睿i7电竞游戏本笔记本电脑(16G内存 512G固态硬盘 1650Ti显卡 外星人智控中心),6669.00,戴尔京东自营官方旗舰店,4.6万+条评价
20,32264117830,戴尔(DELL)新品游匣G5 15.6英寸酷睿十代标压固态电竞游戏笔记本电脑 2846十代i7 16G 512G 1650Ti 官方标配,6669.00,戴尔官方旗舰店,4800+条评价
21,10022319995209,戴尔台式机 OptiPlex7070MT i7 i9 商用绘图设计3D渲染建模台式机电脑7060升 带23.8英寸窄边IPS低蓝光显示器 i7丨16G丨1T+256丨GTX1650-4G,6999.00,戴尔商用华东专卖店,4300+条评价
22,53928848439,15.6英寸2020款大屏高色域六核R5办公娱乐游戏女生轻薄便携笔记本电脑 标配R5-4600U 8G内存 512G固态 金属机身 指纹识别 上门服务 预装office,4599.00,联想朗通金牌专营店,1600+条评价
23,25214031955,学生网上课堂电脑 远程办公本 得峰 超级本 轻薄女笔记本电脑 亮黑色--Intel-J4105 8G内存128G高速固态+高档蓝牙鼠标套餐,1588.00,得峰旗舰店,1.3万+条评价
24,59641930112,中柏（Jumper）超轻薄笔记本电脑 14英寸便携商务办公学生上网本超极本 N3350 6+64G固态,999.00,中柏电脑旗舰店,1200+条评价
25,100015833896,战翔酷睿i5 9400F/高配独显吃鸡游戏电竞台式机电脑主机LOL组装家用办公全套整机送24英寸曲屏 套餐四酷睿i7/512G/1650 4G独显,3899.00,战翔电脑旗舰店,4400+条评价
26,5386292,宁美国度 魂 设计游戏台式机电脑主机 （i5 10400F/GTX1650/8G/512G）游戏电脑主机,3299.00,宁美国度一体机京东自营旗舰店,2100+条评价
27,62191309786,攀升（IPASON）E09 G5420奔腾双核/华硕H310/高频8G/240G/商务键鼠/家用办公企业采购台式主机DIY组装电脑UPC,1699.00,IPASON攀升电脑京东自营旗舰店,1.2万+条评价
28,100015470348,ThinkPad E14 i3/i5/i7 联想14英寸E系列家用商务办公轻薄便携商务游戏笔记本电脑 【2TCD】锐龙版 四核R3-4300U 8GB内存256GB固态硬盘【定制】,3399.00,ThinkPad重庆授权专卖店,3200+条评价
29,100015489312,Apple iPad Air 10.9英寸 平板电脑（ 2020年新款 64G WLAN版/A14芯片/触控ID/全面屏MYFM2CH/A）深空灰色,4799.00,Apple产品京东自营旗舰店,1.7万+条评价
30,58574152783,雷神(ThundeRobot)911黑武士三水冷游戏台式电脑电竞主机(十代i7-10700K 32G RTX3080 10G 512G+2T 三年上门),16999.00,雷神京东自营官方旗舰店,2.1万+条评价
31,100007010711,华为荣耀MagicBook Pro笔记本电脑16.1英寸全面屏超薄本轻薄便携学生商务办公超极本 【20款ProSE】R5-3550H+16+512,4588.00,荣耀策山专卖店,4900+条评价
32,36941099548,机械师（MACHENIKE）未来战舰 十代游戏台式机电脑电竞主机 （i7-10700 16G 256G PCIE+1T GTX1660 Ti 6G）,6999.00,机械师京东自营旗舰店,1.2万+条评价
33,100013041112,英酷达一体机电脑四核酷睿I3I5I7超薄商务办公家用娱乐游戏设计触摸屏台式整机AIO PC 套餐四：23.8微边/四核A6/8G/360G固态,1398.00,英酷达电脑官方旗舰店,5900+条评价
34,43904697176,攀升商睿2代办公商用台式机电脑主机（AMD锐龙5-3400GE 16G 480GSSD 商务键鼠 3年上门）,2699.00,攀升京东自营官方旗舰店,4.6万+条评价
35,32114127144,【新品11代酷睿】惠普（HP）旗舰店 星14 青春版14/13英寸超轻薄学生游戏笔记本电脑 【i7-1165G7】11代酷睿--13.3进阶版 16G 512G SSD【热款规格】,6299.00,惠普授权旗舰店,8800+条评价
36,10020764355838,神舟战神Z7M/G8系列酷睿标压处理器RTX2060/GTX1650独显全面屏游戏本笔记本电脑 Z7-CU5加强版/i5/16G/512G+1TB,5888.00,神舟游戏本专卖店,5.7万+条评价
37,10020348450992,阿玛塔 i5 9400f六核/GTX1060组装电脑主机台式机办公吃鸡游戏整机英雄联盟 套餐四(9400F/GTX1060 5G)16G,3399.00,阿玛塔电脑旗舰店,2100+条评价
38,100014072656,【指纹解锁】笔记本电脑游戏本酷睿i7轻便手提窄边框15.6英寸澳典大学生超薄本学习商务办公轻薄本 酷睿i7  8G内存  512G固态,3198.00,澳典笔记本旗舰店,3.3万+条评价
39,100013408656,联想(lenovo)小新Air15 2021锐龙款 15.6英寸全金属大屏办公全面屏超轻薄笔记本电脑 5系精英版丨6核R5-4600U 16G 512G 100%sRGB高色域 IPS全面屏 深空灰,5599.00,联想电脑授权专卖店,4万+条评价
40,1588382996,"京品电脑	
联想(Lenovo)天逸510S 英特尔酷睿十代i5 台式机电脑整机(i5-10400  16G 1T+256G SSD wifi win10 )单主机",3799.00,联想京东自营旗舰店,1.1万+条评价
41,100006842479,"京品电脑	
惠普(HP)暗影精灵6 英特尔酷睿i7游戏台式电脑主机(十代i7-10700F 8G 256GBSSD+1TB GTX1660Super 6G独显)",6299.00,惠普京东自营官方旗舰店,5.8万+条评价
42,100013068424,联想小新Pro13 2020锐龙版2.5K高清全面屏13.3英寸金属超薄本六核轻薄手提笔记本电脑 深空灰｜六核R5-4600U 16G 512G标配,5899.00,联想众信授权专卖店,3800+条评价
43,100001421612,宏碁(Acer)蜂鸟Fun 14英寸轻薄本 学生商务办公wifi6笔记本电脑(英特尔酷睿i7-10510U 8G 512G MX350独显)银,4499.00,宏碁京东自营旗舰店,2.2万+条评价
44,100007456855,"京品电脑	
戴尔(DELL)G5 英特尔酷睿i7电竞游戏本笔记本电脑(十代标压i7 8G内存 512G GTX 1660Ti 6G独显 高色域 )144Hz",7499.00,戴尔京东自营官方旗舰店,4.6万+条评价
45,100015705642,英特尔（Intel）深红峡谷 NUC迷你电脑主机 i3-8121U+独立显卡+8G内存+1T硬盘+正版win10（BOXNUC8i3CYSM3）,1999.00,英特尔京东自营旗舰店,9300+条评价
46,100012038784,外星人(Alienware)R11英特尔酷睿i7水冷游戏台式电脑主机(10700K 16G 512G 2T RTX2070SUPER 8G）白,19999.00,外星人京东自营旗舰店,1100+条评价
47,100013758450,戴尔(DELL)灵越AIO 7700 全高清IPS 防眩光 一体机台式电脑 27英寸(十一代i7-1165G7 16G 256G 1T 2G独显)银,9699.00,戴尔京东自营官方旗舰店,3.9万+条评价
48,69182877979,"京品电脑	
华为笔记本电脑 MateBook X Pro 2020款 13.9英寸 十代酷睿i7 16G+1T SSD 独显 3K触控全面屏/轻薄本 深空灰",13499.00,华为京东自营官方旗舰店,4.3万+条评价
49,100013068436,神舟(HASEE)战神G8-CU7NS 英特尔酷睿i7-10750H RTX2060 6G  17.3英寸144Hz游戏笔记本电脑(16G 512G SSD),7599.00,神舟电脑京东自营旗舰店,2.1万+条评价
50,71846341564,惠普（HP）光影精灵6 新十代酷睿标压 暗夜暗影电竞游戏笔记本电脑 旗舰店官网【2020热款】 i7-10750H GTX1650Ti-4G 点杀 16G 512G PCIE【热款规格】 15.6英寸,6699.00,惠普授权旗舰店,8200+条评价
51,100014748814,Apple 2020新款 MacBook Pro 13.3【带触控栏】十代i5 16G 1T 2.0GHz 深空灰 笔记本电脑 轻薄本 MWP52CH/A,15999.00,Apple产品京东自营旗舰店,2.8万+条评价
52,31240776284,动力远航 一体机电脑 酷睿I3 I5商务办公 超薄高清家用台式整机 23.8英寸 酷睿I3+8G+256G,1699.00,红马台式电脑专营店,100+条评价
53,1668441450,微星(msi)侠客GF63 15.6英寸轻薄窄边框游戏笔记本电脑(十代i5 8G 512G SSD GTX1650Ti MQ 144Hz电竞屏),5599.00,微星游戏本京东自营官方旗舰店,1万+条评价
54,64305047471,长城(Great Wall)办公游戏商用台式机电脑主机整机 主机+23.8英寸ADS显示器 十代 i5-10400 8G 512G 配置二,3299.00,长城电脑旗舰店,4400+条评价
55,100008947783,武极 i9 9900K升10850K/RTX3070/水冷吃鸡游戏台式电脑主机DIY组装机,10589.00,武极电脑DIY旗舰店,1400+条评价
56,10021767359703,【2020款指纹解锁】15.6英寸轻薄IPS窄边框超薄手提金属笔记本电脑办公大学生女生游戏便携超级本 10代5205U 16G内存 512G固态 办公商务办公游戏娱乐轻薄...,2958.90,iru旗舰店,5800+条评价
57,100014000524,戴尔Dell灵越15-5509 英特尔酷睿i5 15.6英寸高色域全面屏超轻薄商务本(十一代i5-1135G7 16G 512GSSD)薄荷银,4899.00,戴尔京东自营官方旗舰店,5.4万+条评价
