﻿,goods_id,goods_name,goods_price,goods_store,goods_commit
0,100008695021,2020锐龙新款联想小新15 高性能便携超轻薄办公大学生游戏本大屏15.6英寸笔记本电脑6核12线程 R5-4600U 16G 512G |推荐高色域 IPS超高清屏 带背光键盘 银色,5299.00,联想德信专卖店,1.3万+条评价
1,16244478402,"京品电脑	
华硕(ASUS)灵耀X纵横 英特尔Evo平台认证11代酷睿i7 13.9英寸商务轻薄笔记本电脑(i7-1165G7 16G 1TB)墨玉黑",10999.00,华硕京东自营官方旗舰店,3200+条评价
2,100012976116,狄派 Intel四核i3-9100F/AMD八核战机/电竞台式机电脑主机/办公吃鸡游戏组装电脑整机 电脑主机 套餐三 （i3-9100F/16G/4G独显）,2799.00,狄派电脑旗舰店,2.7万+条评价
3,100008943931,宏碁(Acer)蜂鸟C24 超轻薄一体机电脑 网课电脑 娱乐办公 23.8英寸(十代i5-1035G1 8G 512GSSD MX130 2G独显),4499.00,宏碁京东自营旗舰店,6300+条评价
4,100013207500,神舟（HASEE）新瑞X20-10481S2W 商用办公台式电脑主机 (i5-10400 8G 256GSSD+1T 内置wifi win10),2988.00,神舟电脑京东自营旗舰店,8000+条评价
5,100016024140,"京品电脑	
戴尔(DELL)成就3881商用办公高性能台式机电脑整机(十代i5-10400 8G 256GSSD 1T 三年上门售后)21.5英寸",4599.00,戴尔京东自营官方旗舰店,4600+条评价
6,10023354473563,微软Surface Laptop Go 超轻薄触控笔记本 冰晶蓝 | 12.4英寸 英特尔酷睿i5 8G 128G SSD 金属键盘 网课办公,5488.00,微软京东自营官方旗舰店,1.4万+条评价
7,64562004160,华硕a豆 adolbook14s 增强版 11代酷睿 14英寸金属轻薄笔记本电脑 腾讯怪奇鹅版套装 i5-1135G7 16G MX350 512固态,5689.00,华硕电脑京东自营官方旗舰店,100+条评价
8,100006392085,华硕(ASUS)灵耀X2 Duo英特尔酷睿十代 14英寸智慧双屏创意设计轻薄笔记本电脑 翡翠玉 i7-10510U 16G 1T固态 2G独显,9999.00,华硕电脑官方旗舰店,1600+条评价
9,10020873273070,联想ThinkPad X395（0WCD）13.3英寸轻薄笔记本电脑（锐龙5 PRO 3500U 8G 512GSSD FHD 指纹识别 高色域）,4799.00,ThinkPad京东自营旗舰店,4.7万+条评价
10,24350743428,戴尔（DELL）OptiPlex 7070MFF 微型台式电脑迷你小主机 台式机商用办公客厅HTPC 标配 i7-9700T/8G/256G 内置WiFi+蓝牙 全国联保 三年上门,4598.00,戴尔商用京东自营官方旗舰店,200+条评价
11,10020805925960,苹果（Apple） MacBook Air 13.3英寸轻薄办公笔记本电脑 17款 128G- 官方标配,5228.00,APPLE翔合专卖店,2.3万+条评价
12,65477532049,戴尔（DELL）智锐3510（Latitude）15.6英寸超轻薄商用办公笔记本电脑 Cel5205 集显 定制 8G内存 256G固态 1T机械,3398.00,戴尔商用京东自营官方旗舰店,400+条评价
13,100006306743,微星 十代酷睿i5 10400企业家用办公游戏台式电脑主机设计师电脑DIY组装机,2199.00,华橙电脑旗舰店,300+条评价
14,14543766896,华为笔记本 MateBook 14 2020款 14英寸超薄本商务办公手提电脑轻薄本超极本 灰｜触屏i5-10210U/16G/512G/独显 标配,6699.00,华为肆玖专卖店,2600+条评价
15,100014639664,联想ThinkPad S2 2020（01CD）英特尔酷睿i5 13.3英寸轻薄笔记本电脑（i5-10210U 8G 512G傲腾增强型SSD）黑,5299.00,ThinkPad京东自营旗舰店,1.7万+条评价
16,100011260232,联想（Lenovo）小新Air14 2021款11代酷睿i5超轻薄笔记本电脑 高性能办公设计手提电脑 金属机身 银色 标配i5-1135G7 8G 256G丨MX450,5299.00,联想航电授权专卖店,6900+条评价
17,47166385878,"京品电脑	
惠普（HP）战X 锐龙版15.6英寸高性能轻薄笔记本电脑（锐龙6核12线程 R5Pro-4650U 16G 512G 400尼特高色域）",5499.00,惠普京东自营官方旗舰店,7600+条评价
18,14672477499,三星（SAMSUNG）15.6英寸Galaxy Book Flex 2020款触屏超轻薄二合一笔记本电脑(十代i7/16G/1T SSD)蓝,13699.00,三星笔记本京东自营官方旗舰店,1800+条评价
19,100009016965,联想(Lenovo)扬天V330 14英寸独显超薄本轻薄超级本学生商务办公手提笔记本电脑 标配A4-9125/4G/128G固态 2G独显 星空灰 两年上门,3199.00,联想扬天京东自营授权旗舰店,4500+条评价
20,100015989986,联想小新15笔记本电脑 2020款十代酷睿i5独显15.6英寸全面屏学生设计商务办公游戏轻薄本 升级：I5-1035G1 8G 512G固态  全新MX350 2G独显,5599.00,联想华南授权专卖店,1.2万+条评价
21,69193745693,戴尔（DELL）燃7000 灵越5493/5490/5590 轻薄超极本商务办公学生手提笔记本电脑 14英寸|i5-10210U|MX250-2G独显 8G内存 512GPCIE固态硬盘 疾速推荐版,4199.00,戴尔华宏创天专卖店,2万+条评价
22,100009318685,戴尔笔记本电脑dell灵越14-5409 14英寸高色域全面屏超轻薄商务本( 十一代i7-1165G7 16G 512GSSD)马卡龙粉,5899.00,戴尔京东自营官方旗舰店,15万+条评价
23,71592452194,戴尔（DELL）智锐 3510（Latitude） 15.6英寸商用大屏移动笔记本i3-10110U/8G/256G SSD/win10h/一年质保,3249.00,戴尔商用京东自营旗舰店,500+条评价
24,66373391654,华硕（ASUS）飞行堡垒8 新十代酷睿标压 15.6英寸电竞游戏本笔记本电脑 i7-10750H GTX 1650Ti-4G 8G 512G固态 144Hz 刷新率,6589.00,华硕电脑官方旗舰店,6500+条评价
25,100008883873,华硕(ASUS)灵耀13s 大明宫版 11代英特尔酷睿i7 13.3英寸13.5mm超轻薄笔记本电脑(i7 16G 1T 高色域)松木青,8199.00,华硕京东自营官方旗舰店,1.1万+条评价
26,100007278655,华为笔记本MateBook 13/14 2020锐龙版轻薄本2K全面屏商务办公学生超薄手提笔记本电脑 13六核银R5-4600H 16G 512G,5088.00,华为康特专卖店,700+条评价
27,53491263491,【现货】华为笔记本MateBook D14/15英寸IPS全面屏笔记本电脑轻薄本超薄本超级本电脑锐龙 【现货】14银｜R5-4500U 16G+512G,5099.00,华为桑核专卖店,3200+条评价
28,10023021455143,宏碁(Acer)新蜂鸟Fun 14英寸轻薄本 学生办公笔记本电脑(11代英特尔酷睿i5-1135G7 8G 512G MX350独显)银,4299.00,宏碁京东自营旗舰店,1万+条评价
29,54832243932,联想ThinkPad T14 酷睿版 英特尔酷睿i5 2020款(07CD) 14英寸轻薄笔记本电脑(i5-10210U 16G 512GSSD 2G独显 广视角屏),8999.00,ThinkPad京东自营旗舰店,5400+条评价
30,100012234376,华为荣耀笔记本电脑MagicBook 14新款 预装WIN10系统 14英寸轻薄本商务办公超极本 20款SE R5-3500U/16+512G/现货,4399.00,华为比特专卖店,3600+条评价
31,54009415119,联想（Lenovo）YOGA 13s 2021款 13.3英寸 全面屏超轻薄笔记本电脑 i5-1135G7 16G 512G 2.5K屏 高色域 深空灰 鼠标套装,6046.00,联想京东自营官方旗舰店,40+条评价
32,63701560996,战神盟主 intel/GTX1060独显6G 吃鸡游戏台式机电脑主机全套整机 主机+27英寸电竞显示器 套餐二：16G/GTX1060独显6G,3999.00,战神盟主电脑旗舰店,3900+条评价
33,100013797972,宏碁(Acer)蜂鸟C22 超轻薄一体机电脑 网课电脑 娱乐办公 21.5英寸(四核J4125 4G 256GSSD 键鼠),2299.00,宏碁京东自营旗舰店,6300+条评价
34,36528671359,"京品电脑	
武极 AMD三代锐龙R5 3600/华硕RX 5600XT/直播游戏台式吃鸡电脑主机DIY组装机 三代锐龙R5 3600",4988.00,武极电脑DIY旗舰店,1100+条评价
35,10023963588206,华为笔记本 MateBook 13 2020款13英寸轻薄笔记本电脑超薄本办公商务本 银｜锐龙R5-4600H/16G/512G/集显 标配,5099.00,华为肆玖专卖店,1800+条评价
36,46245157052,"京品电脑	
雷神（ThundeRobot）雷神Master N5S 游戏台式电脑主机 ( i7-10700 16G GTX1650S 512G+1T Win10)",6299.00,雷神京东自营官方旗舰店,2.5万+条评价
37,10020852879920,AOC六核一体机电脑9代I5/酷睿I3I7高配游戏家用办公台式一体式整机 21.5英寸赛扬3160四核4G/升256G大固态,2099.00,AOC云信一体机专卖店,2.8万+条评价
38,10021687338911,惠普HP星14英寸轻薄笔记本电脑 第11代英特尔酷睿/16G/512G SSD/FHD IPS屏 i5-1135G7/MX450 2G独显/初恋粉,5299.00,惠普中国京东自营官方旗舰店,300+条评价
39,71403507064,戴尔（DELL） OptiPlex7070MT商用办公台式电脑主机酷睿i7游戏台式机主机3D建模设计 单主机不含显示器 设计I7 16G 1T+256G/1050Ti4G,6299.00,戴尔商用瑞华专卖店,4900+条评价
40,100016226950,戴尔（DELL）Optiplex 3060MT 台式机电脑主机 i3/i5/i7商用办公台式整机 标配 G4900/4G/500G/集显 全国联保 三年上门,1948.00,戴尔商用京东自营官方旗舰店,900+条评价
41,100014113426,华硕（ASUS）飞行堡垒8 新十代酷睿标压 15.6英寸电竞游戏本笔记本电脑 i7-10870H 16G 512G固态+1T GTX 1660Ti-6G 144Hz,8199.00,华硕电脑官方旗舰店,1800+条评价
42,10022236636996,狄派 英特尔酷睿十代i5/i7-10700八核台式电脑主机整机全套6G独显办公游戏电竞组装电脑 主机+27英寸电竞显示器 配置二:(i5-9400F+1050ti 三年保),4299.00,狄派电脑旗舰店,3900+条评价
43,28754881732,联想拯救者r7000 2020锐龙版 15.6英寸全面屏电竞游戏笔记本电脑Ps设计师办公本 R5-4600H 16G内存 512G固态丨旗舰 GTX1650-4G独显 精装升级版 碳金灰,6999.00,联想电脑授权专卖店,4万+条评价
44,40060971526,惠普(HP)星14 14英寸轻薄窄边框笔记本电脑(i5-1135G7 16G 512GSSD FHD IPS 72% NTSC)月光银,5599.00,惠普京东自营官方旗舰店,1.3万+条评价
45,100012515196,联想ThinkPad T14 2020款(03CD)14英寸 7纳米 高性能 全面屏 笔记本电脑(R5 PRO-4650U 16G 512G FHD 指纹),5999.00,ThinkPad京东自营旗舰店,1300+条评价
46,100014322210,联想小新Pro13 2020款锐龙R7轻薄笔记本电脑2.5K高色域R5全面屏超极本女生办公笔记本电脑 8核R7-4800U 16G 512G固态|标配 全金属机身 支持人脸识别,5699.00,联想育新授权专卖店,2.6万+条评价
47,100010425256,联想拯救者Y7000P 2020款十代酷睿i7 144Hz专业电竞游戏笔记本电脑 RTX2060独显 八核i7-10875H 16G 512双肩包鼠套装,9999.00,联想华东授权专卖店,2.4万+条评价
48,62563234537,战神盟主 intel/16G/GTX1050TI独显4G游戏台式机吃鸡电脑主机DIY组装,2179.00,战神盟主电脑旗舰店,4700+条评价
49,100009083144,"京品电脑	
联想(Lenovo)AIO逸 微边框网课一体台式机电脑23.8英寸(10代i5-10210u 8G 512G SSD 无线键鼠 )黑",4799.00,联想京东自营旗舰店,5.5万+条评价
50,100005653633,LG gram20款15.6英寸 雷电3 80Wh长续航 十代酷睿i5-1035G7 16G 512GB 轻薄本 笔记本电脑银色15Z90N-V.AR65C,9199.00,LG笔记本电脑京东自营旗舰店,1万+条评价
51,31201366336,AOC 的卢916 水冷游戏台式电脑主机 (九代酷睿 i7-9700F 16G 512GSSD RTX2060 6G独显 三年上门)电竞直播,6899.00,AOC电脑京东自营旗舰店,3000+条评价
52,10610271809,联想ThinkPad X395 13.3英寸轻薄商务笔记本电脑 100%全色域 锐龙PRO R5-3500U 8G 512G（0TCD）升级 FHD/指纹识别/Office/Win10,4288.00,ThinkPad上海授权专卖店,900+条评价
53,10877262934,联想(Lenovo)拯救者设计师本 Y9000X 15.6英寸高性能标压轻薄笔记本电脑(i9-9880H 32G 2TSSD 4K UHD)深空灰,15999.00,联想京东自营旗舰店,4.7万+条评价
54,71711091370,联想ThinkPad X1 Carbon（01CD）英特尔酷睿i5 14英寸商务高端笔记本电脑(十代i5 8G 512GSSD FHD)黑,10999.00,ThinkPad京东自营旗舰店,"去看二手
							1.5万+条评价"
55,10265477086,戴尔（DELL） OptiPlex7070MT商用办公台式电脑主机酷睿i7游戏台式机主机3D建模设计 单主机不含显示器 店长推荐I7 16G 1T+128G固态 2G独显,5339.00,戴尔商用瑞华专卖店,4900+条评价
