﻿,goods_id,goods_name,goods_price,goods_store,goods_commit
0,100002147823,华硕(ASUS) 傲世V4000 21.5英寸商用办公一体机台式电脑(Intel J4005 4G内存 1T 全高清 上门售后)白,3599.00,华硕京东自营官方旗舰店,7700+条评价
1,42405005606,戴尔（DELL）灵越5000 5593/5493 十代酷睿四核家用轻薄游戏商务办公学生手提笔记本电脑 银色|14.0英寸|i5-1035G1|2G独显 8G内存 512GPCIE固态硬盘 标配版,4299.00,戴尔华宏创天专卖店,2.3万+条评价
2,48983900203,变异者 商祺A4PRO i5 9400F/8G/120G+1TB/独显2G/华硕主板台式组装电脑主机,3349.00,变异者组装电脑京东自营旗舰店,200+条评价
3,100008835780,宁美-魂-启航者 十代i5 10400F/RTX 2060/华硕B460M/芝奇16G内存/游戏台式DIY组装电脑/三年上门/UPC,5099.00,宁美国度京东自营旗舰店,8200+条评价
4,100009166731,宏碁(Acer)ConceptD3 Ezel转轴 14英寸高色域触控屏 手写笔 设计师笔记本电脑(i7-10750H 16G 1T GTX1650Ti),10999.00,宏碁京东自营旗舰店,2900+条评价
5,59079277611,横远i5 10400/GTX1660S 6G/32G内存高配水冷台式吃鸡直播游戏组装电脑主机全套网吧 配置二,3599.00,横远DIY电脑旗舰店,3300+条评价
6,65810893284,华硕（ASUS）VivoBook14 2020笔记本电脑i5超薄轻薄本14英寸手提办公 冰晶银 十代i5-1035G1 12G 512GPCIE MX330-2G独显,4599.00,华硕恩荣专卖店,4900+条评价
7,29256786316,"拍拍	
【二手99新】英特尔i7级 六核处理器 独立显卡【送大牌21.5显示器】台式机组装机 全套网吧电脑 8G内存 240固态 GTX650显卡 LOL游戏",1299.00,晶瑞二手电脑专营店,500+条评价
8,57940829880,华为笔记本电脑MateBook13 超轻薄13英寸商务性能手提本2K全面屏 皓月银｜I5-10210U 16G 512win版,6277.00,华为新通路专卖店,7100+条评价
9,57246868574,戴尔(DELL)台式机电脑 酷睿十代i5-10400家用商用办公吃鸡游戏设计炒股网课整机灵越3880 单主机 无显示器 8G 512G高速固态 核显 定制,3549.00,戴尔华行台式机专卖店,4600+条评价
10,100005741342,炫龙（Shinelon）T3Ti 英特尔酷睿i5-9300H GTX1660Ti 6G 15.6英寸游戏笔记本电脑(8G 512G SSD IPS）,4849.00,炫龙京东自营旗舰店,1600+条评价
11,68523579450,华为笔记本电脑MateBook D 14 15 全面屏超轻薄商务办公手提学生本 D15银｜i5-10210U 16G+512 固态,5677.00,华为新通路专卖店,1万+条评价
12,64965128419,联想ThinkPad E14 14英寸 轻薄商务办公手提学生游戏笔记本电脑 酷睿i3-10110U 【定制银】8G内存 256G+1T硬盘 39CD,3699.00,ThinkPad广东授权专卖店,2700+条评价
13,45197023954,华为笔记本电脑 MateBook 14英寸 2020新款2K全面屏多屏协同超轻薄商务办公学生手提本 皓月银｜I5-10210U 16G 512独显触屏,6577.00,华为新通路专卖店,6500+条评价
14,100007557611,戴尔DELL XPS15-9500 15.6英寸英特尔酷睿i7设计笔记本电脑(十代i7-10750H 16G 512G GTX1650Ti 4G独显)银,20999.00,戴尔京东自营官方旗舰店,1.1万+条评价
15,100015896746,京天 猎龙者R98 R9 3900X/RTX3080 10G/X570/32G DDR4/1T固态台式组装电脑水冷游戏主机UPC,14999.00,京天（KOTIN）电脑京东自营旗舰店,2500+条评价
16,31807151805,戴尔台式机 OptiPlex7070MT i7 i9 商用绘图设计3D渲染建模台式机电脑7060升 单主机(不含显示器) i9丨32G丨2T+512丨GTX1660S-6G,9899.00,戴尔商用华东专卖店,4300+条评价
17,10022754650537,联想（Lenovo）AIO520C 23.8英寸 一体机台式电脑 商务办公家用电脑 i5-10400T 8G 256G 独显 白色,4799.00,联想京东自营官方旗舰店,5000+条评价
18,10020540303428,狄派 英特尔酷睿十代i5/i7-10700八核台式电脑主机整机全套6G独显办公游戏电竞组装电脑 主机+27英寸电竞显示器 配置五(i7-10700F+1060 6G三年保),6999.00,狄派电脑旗舰店,3900+条评价
19,14207477481,戴尔（DELL）成就5000 14/15.6英寸十代酷睿金属商务办公超极本轻薄本手提笔记本电脑 十代i5 MX250 2G 银（1.66kg） 定制版 8G 512GPCI高速固态硬盘,4399.00,戴尔阳光雨尉专卖店,1300+条评价
20,10022976407797,戴尔（DELL）灵越5493燃5000轻薄本酷睿十代i5/i7窄边框商务办公学生笔记本电脑 MX230独显2G银色 四核十代i5-1035G1 16G内存+512G固态 定制,4449.00,戴尔康特专卖店,2500+条评价
21,10021661040156,新品指纹解锁14英寸轻薄金属笔记本电脑办公大学生女生款便携本超薄超级本手提 英特尔十代四核J4115 8G内存 512G固态 微边框IPS全面屏,2599.00,爱尔游旗舰店,100+条评价
22,69932716228,戴尔（DELL）灵越5000 5493/5593 14/15.6英寸十代学生商务办公笔记本电脑 5593:i5-1035G1 MX230 2G独显 16G/256G固态+1T 定制,4799.00,戴尔卓越专卖店,3600+条评价
23,31807151925,戴尔台式机 OptiPlex7070MT i7 i9 商用绘图设计3D渲染建模台式机电脑7060升 带27英寸IPS窄边升降旋转显示器(设计) i7丨32G丨2T+512丨WX5100 8G建模,11059.00,戴尔商用华东专卖店,4300+条评价
24,64634850855,戴尔（DELL）灵越5000 5493/5593 14/15.6英寸十代学生商务办公笔记本电脑 5493:i7-1065G7 MX230 2G独显 16G/512G固态 定制,5579.00,戴尔卓越专卖店,3600+条评价
25,10021073792577,戴睿2020指纹解锁超轻薄笔记本电脑15.6英寸窄边框全新四核便携手提学生商务办公游戏上网本背光键盘 幻夜黑 【套餐3】【限量升级】8存+256G固态+500G,2058.00,戴睿旗舰店,2.1万+条评价
26,10022277965498,紫金侠15.6英寸 超簿本 轻薄本 笔记本电脑轻薄 超级本 学生网上课堂 办公游戏本 2020新款 四核J4105 8G内存+64G固态,1698.00,锦杰电脑专营店,200+条评价
27,10022784926123,联想小新Air15锐龙版2021款笔记本电脑超薄本15.6英寸R7超级本轻薄学生商务办公游戏超极本 标配丨8核R7-4800U 16G 512G固态 深空灰,5689.00,联想率秀图新授权专卖店,100+条评价
28,100008501857,联想ThinkPad E490（2JCD）商用 14英寸轻薄笔记本电脑（i5-8265U 8G 128GSSD+1T 2G独显 FHD）K 黑 福田,4749.00,,30+条评价
29,100016079720,京天(KOTIN)毁灭者7308十代酷睿i7设计师游戏台式电脑主机i7 10700K 32G 1TB SSD RTX3080 10G独显240水冷),13999.00,京天京东自营官方旗舰店,10+条评价
30,100014766200,华硕ProArt PA90创意设计电脑主机(i9-9900K 64G 512GSSD 1T Quadro RTX4000 正版Win10 三年上门),26999.00,华硕京东自营旗舰店,100+条评价
31,100010821014,三星（SAMSUNG）13.3英寸 Galaxy Book Ion 2020款QLED超轻薄笔记本电脑商务办公(十代i5/16G/512G SSD)银,9399.00,三星笔记本京东自营官方旗舰店,1600+条评价
32,100008806613,华为荣耀笔记本电脑MagicBook 14英寸/15英寸2020款轻薄本家用商务高清屏 【14经典款】R5-8G+256G+原装包鼠,4599.00,荣耀京诚专卖店,5600+条评价
33,100009898502,VAIO FH14 侍14 11代酷睿 14英寸 1.4Kg 4G独显 高性能轻薄笔记本电脑(i7 16G 1T SSD GTX1650 FHD)斑斓黑,8299.00,VAIO京东自营旗舰店,600+条评价
34,11523867160,戴尔DELL灵越5000fit 15.6英寸英特尔酷睿i7轻薄笔记本电脑(十代i7-10510U 8G 1TSSD MX250  2年上门)紫,6599.00,戴尔京东自营官方旗舰店,5.4万+条评价
35,100014086400,联想小新Air14 2021/2020款 14英寸全面屏 超轻薄笔记本电脑 学生办公设计游戏本 11代i5-1135G7+MX450游戏级独显 16G 512G固态【高色域高配版】月光银,6299.00,联想华东授权专卖店,900+条评价
36,48892077466,联想ThinkStation K十代酷睿i7处理器 商用台式电脑主机10700/8G/1T/RW/300W/W10h/3年上门/改配,5149.00,联想商用自营旗舰店,100+条评价
37,10021647730349,联想V340 2020款高性能十代酷睿i3双核窄边框超薄本轻薄学生超极本商务办公游戏笔记本手提电脑 标配 i3-1005G1 8G 256G固态 2G独显 FHD全高清屏 星空灰,3869.00,联想扬天京东自营授权旗舰店,100+条评价
38,46140264307,博仑帅（BOLUNSHUAI） 18.5-27英寸一体机电脑办公家用游戏台式主机整机 A2教育培训 24英寸 i5 4G/120,1588.00,博仑帅一体机电脑旗舰店,3.7万+条评价
39,10021667362550,【高性能酷睿I7】 品纯 全面屏轻薄笔记本电脑商务办公手提电脑游戏本超极本超薄本 标压酷睿I7 16G内存 256G固态硬盘,3899.00,品纯官方旗舰店,500+条评价
40,12033709128,联想拯救者Y7000P 2020专业电竞游戏笔记本电脑r 独显1650Ti 十代i7-10750H 32G内存 1TB固态 钛晶灰 定制 144Hz高色域专业电竞屏,9399.00,联想华东授权专卖店,3.3万+条评价
41,72245250550,戴尔（DELL）智锐3510（Latitude）15.6英寸超轻薄商用办公笔记本电脑 Cel5205 集显 定制 8G内存 256G固态,3299.00,戴尔商用京东自营官方旗舰店,400+条评价
42,10022572352866,联想平板小新Pad 安卓平板电脑 学习学生办公 莱茵低蓝光 护眼模式 小新Pad 11英寸 6G+128GB WIFI 官方标配,1499.00,千百回数码旗舰店,4900+条评价
43,68629944929,华为笔记本电脑MateBook D 14 15 全面屏超轻薄商务办公手提学生本 D15银｜i5-10210U 16G+512G固态,5699.00,华为新通路专卖店,1万+条评价
44,44767713809,联想小新AIR15 2021新款锐龙版 15.6英寸窄边大屏高性能轻薄商务办公游戏学生笔记本电脑 八核R7-4800U 16G 1T固态丨高色域 IPS全高清屏 精装升级,5999.00,联想华南授权专卖店,5600+条评价
45,54630165129,华为笔记本MateBook 14 2020款超薄本全面屏超极本轻薄本学生商务办公手提笔记本电脑 灰｜十代i7 16G 512G 独显触屏版【现货】 标配  预装Win10+Office软件,7699.00,笔吧官方旗舰店,2200+条评价
46,52732210017,惠普（HP）星14青春版 14英寸轻薄便携 超轻薄金属商务办公学生游戏手提笔记本电脑 星14青春版【优雅银-高清屏】 升级版一16G/PCI-E 256G 【推荐】,3699.00,惠普赞晓专卖店,1.3万+条评价
47,10021297286700,联想笔记本电脑 IdeaPad15s 2020新款 15.6英寸 十代酷睿小键盘新款轻薄大屏笔记本 标配：i5-1035G1 8G内存+512G固态 MX330 2G独显,4799.00,联想亿维授权专卖店,4600+条评价
48,100001627975,Apple苹果 2020新款MacBook Air 13.3英寸 17款超薄笔记本电脑 深空灰色 20款 256G 官方标配,6988.00,APPLE翔合专卖店,4500+条评价
49,10020659401858,【新品10代酷睿处理器】四核学生游戏笔记本电脑 高性能游戏本 快速者Z18商务办公便捷轻薄本 十代酷睿i5四核八线程 16G内存+256G固态+1000G机械,3988.00,快速者电脑旗舰店,800+条评价
50,100014930658,京天 Victory V79 i9 10900K/RTX3080/Z490/16G DDR4/1T固态台式组装电脑水冷游戏主机UPC,14999.00,京天（KOTIN）电脑京东自营旗舰店,2500+条评价
51,100010798670,攀升影刃 十代酷睿i5 10400F吃鸡电竞游戏台式电脑主机整机 【十代i5 GTX1050Ti 8G 256G】,3099.00,攀升官方旗舰店,80+条评价
52,53060957477,联想ThinkPad E14 Slim(1YCD)英特尔酷睿i7 14英寸轻薄笔记本电脑(i7-10510U 8G 256GSSD+1T RX640 2G独显)黑,6899.00,ThinkPad京东自营旗舰店,4.8万+条评价
53,10023954245666,Apple 2019款 Mac Pro 32G 256G 八核 Intel Xeon W（3.5GHz）+AMD RP580X 塔式电脑主机/工作站 Z0W300056,47999.00,Apple产品京东自营旗舰店,4条评价
54,55729095908,联想小新15性能版Plus 2020款15.6英寸设计师大屏窄边框四核超轻薄游戏本办公手提笔记本电脑 银色 i7-1065G7 16G 1TB｜升级 100%高色域屏 附带office,7899.00,联想众信授权专卖店,1.1万+条评价
55,100006240797,惠普（HP）星14/青春版 11代酷睿20款新品 14英寸轻薄本 窄边框游戏笔记本手提电脑 少女粉:i5-1135G7 MX450 14英寸 16G内存 512G固态硬盘 标配版,6099.00,惠普易企营专卖店,20+条评价
56,65361032764,联想小新15 2020锐龙版轻薄本 全面屏大学生办公游戏娱乐笔记本电脑 高色域丨标配R7-4800U 16G 512G固态,5249.00,联想有点授权专卖店,3.9万+条评价
57,100014005834,联想ThinkPad S2 2020（07CD）英特尔酷睿i7 13.3英寸轻薄笔记本电脑（i7-10510U 8G 512G傲腾增强型SSD）银,6899.00,ThinkPad京东自营旗舰店,1.7万+条评价
