﻿,goods_id,goods_name,goods_price,goods_store,goods_commit
0,49765552206,戴尔(DELL)成就3670/3671 商用办公电脑 游戏台式机 设计制图整机 可改Win7 集成显卡含27英寸显示器 i5-9400 8G 128G固态+1T 定制,4299.00,戴尔优显台式机专卖店,3700+条评价
1,69669333662,世纪之星 酷睿九代i5-9400F/1650/8G/双硬盘办公游戏台式吃鸡电脑主机/DIY组装机整 单主机,2999.00,世纪之星电脑整机旗舰店,60+条评价
2,28985354882,惠普（HP）光影精灵6plus 暗影暗夜精灵5游戏手提笔记本电脑15.6英寸光影暗影精灵6pro升级 十代i5/8G/512G/GTX1650/高清屏 IPS高清屏 可选17.3英寸/16.1英寸,5499.00,惠普老熟人专卖店,800+条评价
3,70828376262,亿锦 AMD四核跑分16万四核/8G内存企业办公家用炒股设计绘图台式组装电脑主机游戏DIY组装机整机 套一(16W跑分)7480/8G/120G固态,999.00,亿锦电脑办公专营店,100+条评价
4,72229052889,15.6英寸 笔记本电脑 超薄本 锐龙R7可选金属轻薄本 全面屏 吃鸡LOL游戏本昂福镭仕办公学习 四核J4105 8G+256G固态,2088.00,昂福镭仕电脑专营店,700+条评价
5,60935523462,华为荣耀笔记本电脑MagicBook14/15 超薄本轻薄本男女学生商务办公猎人游戏本手提电脑pro 14SE 锐龙R5-3500U 16G 512G,4488.00,集洋数码专营店,3300+条评价
6,57142996786,华硕a豆 adolbook14 十代酷睿i5 14英寸金属渐变轻薄笔记本电脑超薄女生  梦境粉  i5-10210U/8G/256G+16G傲腾,4299.00,华硕恩荣专卖店,400+条评价
7,16592642052,惠普（HP）小欧达人版 14英寸轻薄笔记本学生本 商务办公电脑 支持win7系统 酷睿i5 16G 256G固态 2G独显 定制 win10 office 银色,4199.00,惠普峻峰专卖店,2700+条评价
8,48237948921,戴尔（DELL） Optiplex3060/3070MT台式电脑 办公商用台式机主机 办公电脑 整机含19.5英寸显示器 i5-8500 4G 1T 集显 可装WIN7,3599.00,戴尔商用瑞华专卖店,2100+条评价
9,10023115424787,戴尔（DELL）成就5090 酷睿i7商用办公电脑设计编程制图游戏台式主机3D建模渲染 单主机（含键鼠） i7-9700 32G 1T+256G 定制,5099.00,戴尔奥莱台式机专卖店,20+条评价
10,36987793640,【2020新品】小米(MI)笔记本RedmiBook16全面屏高色域轻薄学生学习设计商务办公游戏电脑 【六核】R5-4500U 8G内存 512G固态,4099.00,小米阳光专卖店,1800+条评价
11,64318609681,联想ThinkPad E495 笔记本电脑窄边框14英寸轻薄商务办公锐龙 升级E：R5 16+256G+1T商用本@03CD,3899.00,ThinkPad东南授权专卖店,3300+条评价
12,44723784738,戴尔（DELL）OptiPlex 7060升级款7070MT 商用办公做图设计3D建模台式机电脑主机 i7-9700 16G 512G固态+1T P620-2G专业显卡 定制版,6699.00,戴尔商用润弘专卖店,1000+条评价
13,10022106902253,2020新款 酷睿i7轻薄本 锐龙R5R7游戏本可选15.6英寸笔记本电脑 商务办公超薄本 昂福镭仕 办公/LOL: J4105四核 8G+128G固态,1988.00,昂福镭仕电脑专营店,2000+条评价
14,10023592099996,联想（Lenovo） 天逸510s 商用办公台式机电脑迷你主机 小机箱内置wifi 蓝牙 单主机（不带显示器） 定制i5 16G 1T+256G固态2G独显,4399.00,联想源睿台式机授权专卖店,2800+条评价
15,22223895624,戴尔（DELL）灵越游匣 新G3/G5 5500 15.6英寸窄边框轻薄标压游戏本手提笔记本电脑 新G3 |十代i5/GTX1650Ti/120Hz 畅玩版 8G内存 512GPCI-E固态,5799.00,戴尔华宏创天专卖店,2.9万+条评价
16,10021843686908,【十代新品】微星（MSI）海皇戟X Trident X Plus台式机电脑主机 电竞游戏VR电脑 【i9-10900K+RTX3090】850W 定制五：64G内存+2T固态硬盘+2T机械硬盘,33388.00,微星圣元授权专卖店,100+条评价
17,33522249082,攀升 i5 10400F /i7 10700F/P620/P1000专业图形设计电脑主机3D渲染绘图 配置二i5 10400F+P620+16G+双硬盘,3999.00,攀升DIY电脑旗舰店,1000+条评价
18,69580531994,戴尔(DELL)新品游匣G5 15.6英寸酷睿十代标压固态电竞游戏笔记本电脑 1866十代i7 16G 2060 144hz +99元加购戴尔原厂包鼠套装,8098.00,戴尔官方旗舰店,4800+条评价
19,100007206701,外星人Alienware m17 2020版 17.3英寸游戏本(十代i7-10750H 16G 512GSSD GTX1660Ti 6G独显 144Hz)5725黑,14989.00,外星人京东自营旗舰店,3000+条评价
20,44560289340,戴尔DELL笔记本电脑灵越燃5000 5493/5593 2020款学生商务办公家用手提轻薄超极本 14.0英寸|十代酷睿i5-1035G1|2G独显 8G内存 256GPCEI高速固态 畅玩版,3799.00,戴尔华宏创天专卖店,200+条评价
21,56524658924,小米(MI)RedmiBook 14 Ⅱ十代酷睿红米笔记本MX350金属超轻薄学生商务办公游戏电脑 【十代升级】银  i7 8G+512G固态 独显,4299.00,小米阳光专卖店,3800+条评价
22,44490991974,联想笔记本电脑 ideapad15S 2020款 锐龙R5 超轻薄本学生设计师商务办公笔记本游戏本  标配版R5-4600U 8G 256G固态  15.6英寸 皓月银,3699.00,联想电脑授权专卖店,2900+条评价
23,12104009117,华为笔记本Matebook 13  13英寸 2020款 全面屏超薄本超极本触控屏办公商务笔记本电脑 皓月银触控屏 i5-10210U/16G/512G/独显,6199.00,华为康特专卖店,3100+条评价
24,70786371037,(可装win7笔记本)联想ThinkPad E490 14英寸酷睿i5轻薄手提电脑i5-8265u  【独显】16G 128G+1T双硬盘定制2JCD office FHD全高清屏 支持win7,5299.00,ThinkPad华北授权专卖店,2100+条评价
25,68418513687,华为笔记本MateBook 14 2020款 轻薄本2K触控全面屏商务办公学生超薄笔记本电脑 灰｜R7-4800H 16G 512G 触控屏,6588.00,华为康特专卖店,3100+条评价
26,100007505787,【王源代言】联想ThinkBook 15商务办公15.6英寸女生轻薄游戏本ThinkPad笔记本电脑 十代i7 32G 1T固态+1T@3QCD定制 FHD高清屏 2G独显 背光键盘 指纹Win10,8199.00,ThinkPad福建授权专卖店,2200+条评价
27,10020497820993,外星人ALIENWARE AREA-51m 17.3英寸300Hz电竞屏游戏笔记本电脑(十代英特尔酷睿i9 64G 4TSSD RTX2080 SUPER 8G)2968白 戴尔DELL,56989.00,外星人京东自营旗舰店,500+条评价
28,11943343635,华为笔记本电脑 MateBook 13 2020 锐龙版 13英寸全面屏轻薄本办公商务本 银｜R5-4600H/16G/512G固态 官方标配,5199.00,华为肆玖专卖店,40+条评价
29,69827746717,戴尔（DELL）灵越5493/5593 燃5000系列学生游戏商务办公轻薄家用手提笔记本超极本电脑 14英寸|i5-1035G1|8G|512G|独显,3999.00,戴尔华宏创天专卖店,1100+条评价
30,10020598957681,15.6英寸 酷睿i5i7 笔记本电脑 游戏本 轻薄本 超薄本 办公商务上网本 lol 昂福镭仕 酷睿i5 8G内存+512G固态硬盘,2988.00,昂福镭仕电脑专营店,1300+条评价
31,65492729135,华为荣耀笔记本电脑MagicBook 14 笔记本电脑全面屏14英寸超轻薄便携学生商务办公超极本 16款R5-3550H 8GB 512G 标配版 冰河银 win10系统,4388.00,洁创数码专营店,2400+条评价
32,69061755277,华为荣耀笔记本MagicBook 14/15英寸 轻薄本学生商务办公笔记本电脑 2020新款 15款R5-4500U 16G 512G固态 标配,4799.00,洁创数码专营店,700+条评价
33,66087228430,苹果（Apple）2020新款MacBook Air 13.3英寸超轻薄学生办公手提笔记本电脑 国行 Macbook air 13.3英寸【香槟金】 【2020款】i3/8GB/256G/视网膜显示屏,7688.00,苹果百桔专卖店,3200+条评价
34,41700983504,【独显/可装Win7】台式机联想扬天T4900V酷睿i5-9400家用网课商用办公税控制图电脑 主机+23.0英寸液晶 定制：8G 1T+128G 独显2G,4999.00,联想天佑专卖店,2000+条评价
35,14672477498,联想拯救者Y7000 2020款15.6英寸高色域游戏笔记本电脑p酷睿十代i7i5标压处理器 酷睿十代i7 16G 512G+1T 1650定制 GDDR6 4G电竞显卡,7999.00,联想西南授权专卖店,1.4万+条评价
36,10743693832,戴尔（DELL）燃7000 灵越5493/5490/5590 轻薄超极本商务办公学生手提笔记本电脑 14英寸|i5-10210U|MX250-2G独显 16G内存 256GPCI-E固态+1T机械 定,4679.00,戴尔华宏创天专卖店,2万+条评价
37,65999665114,戴尔（DELL）灵越5493 燃5000 14英寸网课办公学习十代酷睿固态轻薄笔记本电脑 十代i3-1005G1 核显 静谧银 8GB内存 512G固态硬盘 升级定制,3499.00,戴尔速达专卖店,1200+条评价
38,10021485395564,联想ThinkBook 酷睿十代i5/i7 游戏本 指纹解锁轻薄设计师ThinkPad笔记本电脑 15-06CD 10代i5/15英寸/全高清屏 8GB内存 512GB固态傲腾增强版 标配,4499.00,ThinkPad华东授权专卖店,2400+条评价
39,71987001572,惠普(HP) 星14 2021新款11代酷睿14英寸全面屏四核超轻薄网课本办公手提笔记本电脑 月光银11代i5-1135G7|MX450独显2G 16G 512G PCI-E高速固态,5899.00,惠普艮乾九州专卖店,500+条评价
40,59852955574,华为荣耀笔记本电脑MagicBook Pro 16.1英寸轻薄本手提商务办公超极本 2020款 银|R7-4800H 16G 512G 标配,5999.00,千百回电脑专营店,4500+条评价
41,10020598083556,戴尔（DELL）灵越5000 5493/5593 14/15.6英寸十代学生商务办公笔记本电脑 5493:i5-1035G1 MX230 2G独显 8G内存256G固态 定制,3999.00,戴尔卓越专卖店,3600+条评价
42,69243838785,华为荣耀笔记本电脑MagicBook 14 笔记本电脑全面屏14英寸超轻薄便携学生商务办公超极本 15款R5-4500U/16G/512G 标配版 冰河银 win10系统,4899.00,洁创数码专营店,2400+条评价
43,59823646070,联想高性能台式机ThinkCentre M920T酷睿i7-8700六核2G独显商用办公台式电脑 主机+23英寸高清显示器 i7-8700 8G 1T硬盘 2G独显 标配,6399.00,联想ThinkCentre肇睿专卖店,10+条评价
44,10021730190930,i7轻薄学生商务办公设计制图笔记本手提电脑 i7-10510u 16G 1T机械+256G固态 R620 2G独立显卡 全高清屏 典雅黑 精装,5699.00,联想商用西安佳运授权专营店,2000+条评价
45,10021979452619,惠普（HP）ENVY13 X360笔记本电脑13.3英寸变形本平板二合一触控屏翻转 【360翻转触控/高清屏/高色域】 木纹黑R3-4300U/8G/512G/标配,5499.00,惠普蓝星专卖店,1500+条评价
46,16501034026,雷神911ST金属游戏笔记本电脑10代8核心i7-10870H处理器 512G固态 15.6英寸 旗舰版银灰-16G RTX2060 144HZ屏,8599.00,雷神京东官方自营旗舰店,1800+条评价
47,10021545467821,联想小新Air14 荣耀银 轻薄笔记本电脑全面屏学生pr office办公游戏手提笔记本 【i5-1035G1 16G内存+256固态】定制 MX350独显 银色全面屏背光键盘指纹解锁,5249.00,联想有点授权专卖店,9900+条评价
48,61833631822,联想(Lenovo)拯救者R7000P 2020新品 15.6英寸游戏笔记本电脑 高色域电竞屏设计本 RTX2060 144Hz100%sRGB钛晶灰 标配丨R7-4800H 16G内存 512G固态,8699.00,联想航电授权专卖店,5300+条评价
49,40555593760,联想（Lenovo）小新13/14 酷睿i5/i7高性能轻薄本 学生商务办公手提电脑女 高配丨i7-10510U 8G 512G丨小新13,5399.00,联想卓电授权专卖店,1100+条评价
50,65688181694,苹果Apple  2019新款MacBook Pro16英寸 /15.4英寸笔记本电脑 新款 16英寸 1 T B 灰色,20488.00,APPLE翔合专卖店,2700+条评价
51,25361143519,AOC六核一体机电脑9代I5/酷睿I3I7高配游戏家用办公台式一体式整机 23.8  i7-9700八核 16G 512G,6699.00,AOC云信一体机专卖店,2.8万+条评价
52,53120081224,联想(Lenovo)小新Air14 2021款14英寸11代酷睿全面屏金属超薄本轻薄手提笔记本电脑 11代 i5-1135G7 8G 256G｜标配 附带office,5499.00,联想众信授权专卖店,2800+条评价
53,69214593082,戴尔（DELL）灵越5493/5593/5000 2020新款学生游戏商务办公轻薄家用手提笔记本电脑 十代酷睿【i5/MX230】14英寸银 高配版 16G内存/512G PCI-e固态,4499.00,戴尔阳光雨尉专卖店,1.2万+条评价
54,11032598380,神舟战神K670E-G4G6A6K670T-G4G6A2K670D-G4E7独显游戏本笔记本电脑 K670E-G6A6 i5/1050/8/512固,4088.00,神舟丰成专卖店,400+条评价
55,65266213059,神舟战神K670T/K670E/ZX6吃鸡游戏本MX350/GTX1650独显15.6英寸笔记本电脑 K670D-G4E7:G5420 8G 256G,3499.00,神舟屹创专卖店,1500+条评价
56,53569389909,联想（Lenovo）E96X(E76A升级款) 商用办公台式机电脑主机支持更改win7 19.5英寸套机 G4930/4G/1T/集显/Win10标配,2599.00,联想严选授权专卖店,200+条评价
57,100007495643,【王源代言】联想ThinkPad轻薄本商务办公学生设计师游戏本ibm手提笔记本电脑ThinkBook 15-3QCD：15.6英寸高清屏/十代i7/指纹 16G内存/512G SSD固态丨升配,5999.00,ThinkPad福建授权专卖店,400+条评价
