﻿,goods_id,goods_name,goods_price,goods_store,goods_commit
0,100011316466,戴尔DELL XPS13-9300 13.4英寸新款4K全面屏超轻薄轻奢笔记本电脑( i7-1065G7 8G 512G)银 送两年碎屏保,14999.00,戴尔京东自营官方旗舰店,1.1万+条评价
1,10424123451,华为笔记本MateBook 13轻薄本商务手提笔记本电脑13英寸2020款  皓月银R5 4600H 16G 512G固态硬盘,5199.00,华为兰焜专卖店,1400+条评价
2,100013068426,纵横卓创 十代i7 10700/双硬盘2G独显专业平面设计师视频剪辑建模渲染美工修图组装台式电脑主机 配置一：i7 10700/2G独显专业设计/单主机,4299.00,纵横卓创组装电脑旗舰店,2500+条评价
3,100008518507,"京品电脑	
戴尔(DELL)G5 英特尔酷睿i7电竞游戏本笔记本电脑(十代标压i7 8G内存 512G固态硬盘 RTX 2060 6G独显)144Hz",8199.00,戴尔京东自营官方旗舰店,4.6万+条评价
4,59382814066,ROG幻14-ACRNM限定版14英寸2K屏轻薄高性能游戏本潮牌LED定制笔记本(锐龙R9-4900HS 8核 32G 1T RTX2060MaxQ),19999.00,玩家国度ROG京东自营官方旗舰店,9800+条评价
5,71830482450,戴尔（DELL）旗舰店【灵越13】十代酷睿超轻薄学生粉女办公手提笔记本电脑13.3英寸 11代cpu【恋爱粉】全金属+72%高色域 10代酷睿/8G/512G/FHD【hot版】,4599.00,卓品数码旗舰店,3.6万+条评价
6,10022979112469,【新品】联想ThinkPad X13 锐龙版13.3英寸高性能轻薄笔记本电脑 X13 锐龙版（ 0ACD）R7-4750U 16G 512G固态 100%sRGB 指纹识别 新升级WiFi6网卡,5899.00,ThinkPad华中授权专卖店,300+条评价
7,71201615255,联想(Lenovo)威6 2020新品锐龙版 15.6英寸大屏高性能游戏笔记本电脑设计办公手提轻薄本 6核R5-4600U 8G 512G固态丨标配 100%sRGB IPS全高清屏 背光键盘 皎洁银,4188.00,联想佳运汇通专卖店,2.3万+条评价
8,10022031304927,联想ThinkPad X395 13.3英寸 轻薄商务办公学生笔记本电脑 R5 3500U 8G 512G 0WCD,4286.00,ThinkPad京东官方自营旗舰店,20+条评价
9,10022772439825,"京品电脑	
惠普（HP）光影精灵6pro电竞版 新锐龙7nm 暗夜暗影电竞吃鸡游戏笔记本电脑旗舰店 R5-4600H六核芯 GTX1650-4G 电竞 16G 512G PCIE【热款规格】 15.6英寸",5899.00,惠普授权旗舰店,2600+条评价
10,100014469032,华为笔记本MateBook 13/14 2020锐龙版轻薄本2K全面屏商务办公学生超薄手提笔记本电脑 13八核粉色R7-4800H 16G 512G触屏,6299.00,华为康特专卖店,700+条评价
11,67836424584,小米红米笔记本电脑RedmiBook 16 16.1英寸轻薄本超薄手提超极本商务办公学生 灰|i5十代+16G+512G+MX350独显 官方标配,4599.00,千百回电脑专营店,1900+条评价
12,49828745600,宏碁（Acer）72色域暗影骑士·擎15.6英寸 十代酷睿高色域威武骑士游戏1650Ti笔记本电脑 轻刃i5 10200H+GTX1650Ti+16G 标准版：PCIe 512G固态硬盘,6599.00,宏碁瑞畅专卖店,400+条评价
13,100015951222,ROG幻15 十代8核英特尔酷睿i7 15.6英寸4K屏创意设计师商务本轻薄笔记本电脑(i7-10875H 16G 512G RTX2060)黑,12979.00,玩家国度ROG京东自营官方旗舰店,3000+条评价
14,30691510648,机械师F117-V 15.6英寸游戏本十代i7-10750H/GTX1650Ti独显学生笔记本电脑 10代i7/8G/512G PCIE高速固态,6989.00,机械师京东自营官方旗舰店,1700+条评价
15,30430683729,戴尔（DELL）Latitude 智锐3510 15.6英寸笔记本电脑 轻薄商务办公学生家用手提电脑 定制丨5205U丨16G丨1T+256G固态,3399.00,戴尔商用顺兴专卖店,2100+条评价
16,66770331093,联想V340 2020十代酷睿i7 14英寸手提超轻薄学生笔记本电脑游戏办公超极本 i7-10510U 16G内存 1T PCIe固态 2G独显 全高清屏 背光键盘 星空灰 精装升级,6799.00,联想佳运汇通专卖店,8800+条评价
17,62123533882,惠普（HP）战99-K2 15.6英寸 工作站 设计本 笔记本i7-10750H/32G/1T SSD/T1000 4G独显/UHD/Win10/3年保修,11999.00,惠普京东自营官方旗舰店,1.6万+条评价
18,67640813239,戴尔（DELL）灵越5000窄边框5300戴尔十代酷睿超轻薄女学生粉色办公手提笔记本电脑13.3英寸 【初恋粉】全金属+72%高色域 10代酷睿/8G/512G/FHD【学生版】,4499.00,戴尔佳富惠呈专卖店,1500+条评价
19,36287803082,ThinkPad笔记本 联想 E15（0PCD）2020款15.6英寸商务办公笔记本电脑十代酷睿i5 【定制升级】16G内存 512G固态硬盘 全高清屏 独立显卡 独立数字小键盘,5299.00,ThinkPad定制版专卖店,1000+条评价
20,69624058835,苹果（Apple）2020年新款 iPadPro 11英寸/12.9英寸轻薄办公学习 多合一平板电脑 11 灰色 + 官 方 标 配 256G WLAN版,6599.00,APPLE翔合专卖店,1.8万+条评价
21,38011702650,联想ThinkBook 十代酷睿i5/i7轻薄游戏本 指纹解锁笔记本电脑ThinkPad 14-05CD (10代i7/背光键盘/全高清屏  16G内存 512GBNVME高速固态）升配,5788.00,ThinkPad华北授权专卖店,4900+条评价
22,40566690350,小米RedmiBook 13英寸增强版红米笔记本电脑全面屏超轻薄金属机身游戏商务移动办公十代酷睿学生 i5-10210U 8G内存 512G固态】 MX250 2G独显 荣耀银 预装Office,3999.00,小米官方授权专卖店,1600+条评价
23,69383170246,【酷睿i7+独显2G游戏本】15.6英寸超轻薄窄边框笔记本电脑吃鸡金属商务办公大学生本便携超级本手提 酷睿i7 + GT940M 2G独显 8G内存 256G M.2固态,3599.00,iru旗舰店,1800+条评价
24,55032017047,新品华硕(ASUS) VivoBook15s 15.6英寸轻薄笔记本电脑 酷睿十代 商务办公学习电脑 15.6银 十代i5-1035G1 MX330  8G 512G  标配,4689.00,华硕汉腾专卖店,1100+条评价
25,10021232184999,宏碁acer【旗舰店官方】宏基十代酷睿i7 15.6英寸轻薄学生女手提游戏商务用办公笔记本电脑315 极夜黑丨十代i7/MX230-2G 力荐版:8G/512G SSD,5199.00,Acer宏碁旗舰店,7700+条评价
26,62567791206,联想拯救者Y7000P 2020款15.6英寸144hz游戏笔记本电脑酷睿i7-10875H八核 16G 512G RTX2060-6G 标配 新品 冰魂白,9938.00,联想西南授权专卖店,1.4万+条评价
27,71552207875,宁美 i5 10400F/GTX1660S华硕主板台式吃鸡主机发烧游戏组装电脑/DIY组装机 标准版,4199.00,宁美官方旗舰店,200+条评价
28,25421567244,联想ThinkPad X13 高性能超轻薄笔记本电脑2020新品 十代酷睿i5/i7商务办公手提电脑 06CD丨i7-10510U 16G 512G固态 13.3英寸高清屏 100%高色域 WiFi6,8999.00,ThinkPad定制版专卖店,3800+条评价
29,100006004091,航向者i5 9400F升10400/i7 10700/GTX1650吃鸡游戏台式电脑主机DIY组装机 套四/i7 10700F/8G/GTX1060,3899.00,航向者组装电脑旗舰店,1.6万+条评价
30,71685671028,小黄鱼 itx迷你 i5 9400f/微星GTX1660-6G/16G/游戏台式电脑主机 组装电脑 迷你主机,3999.00,小黄鱼旗舰店,90+条评价
31,10022231071823,华为平板MatePad Pro 10.8英寸4G 5G安卓平板电脑二合一麒麟990全面屏办公平板电脑 6G+128G WIFI版（夜阑灰） 官方标配,3499.00,昌族数码官方旗舰店,1.1万+条评价
32,11968246575,机械革命Z2Air-S蛟龙Z3全面屏轻薄游戏本十代i7独显学生商务设计笔记本高色域提电脑15.6英寸  【UMI明星系】i71650TI 100%高色域 【进阶版】8G|512GPCIE,6899.00,机械革命旗舰店,1.7万+条评价
33,13865278250,【2020新款】戴尔（DELL）灵越5000 14.0英寸酷睿i5超极轻薄学生商务办公游戏笔记本电脑 【十代新-灵越14/银】 主推款丨十代i5/16G/512G/MX230,4699.00,卓品数码旗舰店,1.1万+条评价
34,27674188725,联想( Lenovo ) TB-8705F平板电脑8英寸 全高清 4G+64GB 杜比全景声 支持学生模式 八核安卓 网课平板 WIFI,999.00,联想京东自营旗舰店,"去看二手
							4.9万+条评价"
35,69477753655,戴尔（DELL）成就3881 台式机电脑主机商用办公设计制图家用炒股网课 单主机（无显示器） i5-10400 8G 1T+256G 集显 定制,3749.00,戴尔新通路专卖店,800+条评价
36,47412921614,【2020款指纹解锁+10代酷睿处理器】15.6英寸轻薄笔记本电脑 快速者Z18商务办公学生游戏本 16G内存+256G固态硬盘 10代酷睿10110U主频2.1G 睿频4.1G,3288.00,快速者电脑旗舰店,200+条评价
37,100016199010,联想ThinkPad X395 13.3英寸高色域轻薄笔记本电脑自营同款 100%sRGB锐龙PRO R7-3700U 8G 512G固态@0YCD标配,4599.00,ThinkPad华东授权专卖店,1600+条评价
38,28891202726,联想（Lenovo）V340 2020十代酷睿i5 14英寸超轻薄高性能办公游戏学生手提笔记本电脑 i5-1035G1 16G内存 512G固态 2G独显 背光键盘 IPS屏 星空灰 精装升级,4966.00,联想佳运汇通专卖店,5700+条评价
39,10023780438562,戴尔（DELL） 灵越5391 5300 5301 13.3英寸轻薄便携商务办公手提笔记本电脑学生本 【不凡银】 i3-10110U/8G/512G固态 定制,3899.00,戴尔卓越专卖店,2.1万+条评价
40,100013408936,E5 2680 V2升e5 2678v3十二核游戏模拟器多开/台式吃鸡游戏组装电脑主机DIY组装机 E5 2680 V2/4G显卡/升32G,3399.00,速佳宜组装电脑旗舰店,1.3万+条评价
41,100009186368,华硕VivoBook15s 2020款笔记本电脑十代酷睿i515.6英寸轻薄商务办公学生本 冰晶银 v5200 i5-1035G1/MX330 8G/512G固态,4699.00,华硕亿维专卖店,400+条评价
42,68730236103,机械革命Z2Air-S蛟龙Z3全面屏轻薄游戏本十代i7独显学生商务设计笔记本高色域提电脑15.6英寸 【锐龙款】R5六核-1650 120HZ仅100台 【进阶版】8G|512GPCIE,6099.00,机械革命旗舰店,1.7万+条评价
43,69214593079,15.6英寸轻薄笔记本电脑商务办公上网课大学生女生款游戏本超薄便携超级本手提 新品十代四核J4115 8G内存 512G M.2固态  微边框全面屏,2799.00,iru旗舰店,1900+条评价
44,57046748094,机械革命(MECHREVO)X10Ti-S 十代酷睿i7 17.3英寸144Hz游戏笔记本电脑(i7-10875H 16G 512G PCIE RTX2070S),10499.00,机械革命京东自营官方旗舰店,6.6万+条评价
45,13374931741,神舟战神Z7/Z7M/GX8-NA十代i5/i7/GTX1650/RTX2060独显游戏笔记本电脑 Z7-CU5高配版：16G+512G/1650Ti,5588.00,神舟大本航专卖店,4900+条评价
46,58207088793,联想ThinkPad 翼14 Slim 酷睿版英特尔i5 14英寸轻薄商务便携办公笔记本电脑 十代i5 8G 512GSSD 2G独显 21CD,4999.00,ThinkPad京东官方自营旗舰店,10+条评价
47,45166519349,ROG魔霸4 十代8核英特尔酷睿i7 15.6英寸液金导热240Hz电竞高色域游戏笔记本电脑(i7-10875H 16G 1T RTX2070),13999.00,玩家国度ROG京东自营官方旗舰店,1.2万+条评价
48,100013459712,微软Surface Pro 7 二合一平板 轻薄本 典雅黑 | 12.3英寸触屏 i5 8G+256G G4显卡 | 2.7K 3:2生产力 高色域 人脸识别 | 网课学习 商务办公,8988.00,微软京东自营官方旗舰店,"去看二手
							5.7万+条评价"
49,12480798904,惠普（HP）星14 十一代酷睿14英寸学生女粉色笔记本电脑独显 窄边框办公手提轻薄便携本 i5-1035G1/MX330 静谧银 16G内存 512GB高速固态 标配版,5099.00,惠普诚启专卖店,600+条评价
50,27702461131,神舟战神K670T/K670E/ZX6吃鸡游戏本MX350/GTX1650独显15.6英寸笔记本电脑 K670T-G4A2:G6400 8G 512G版,3499.00,神舟屹创专卖店,1500+条评价
51,65626295816,戴尔（DELL）成就5490/5402 14英寸酷睿10代/11代窄边框轻薄学生办公手提笔记本电脑 银色 成就5490 i5-10210U 2G独显  16G 512GB固态+1T机械 定制,5199.00,戴尔宇熙世纪专卖店,1100+条评价
