﻿,goods_id,goods_name,goods_price,goods_store,goods_commit
0,10021069580642,小米RedmiBook 14英寸二代锐龙版高性能超薄办公游戏红米学生上网手提笔记本电脑荣耀银手机互传 二代【六核】R5-4500U 16G 512G固态,3798.00,小米瑞通专卖店,600+条评价
1,58988195461,华为荣耀MagicBook Pro 16.1英寸全面屏超薄本轻薄本笔记本电脑超极本学生游戏办公手提 20款银 十代 I5-16G 512G W版,6299.00,金博盛笔记本专营店,9200+条评价
2,100006209747,联想ThinkPad E15(6DCD)酷睿版 英特尔酷睿i7 15.6英寸轻薄笔记本电脑(i7-10710U 8G 512GSSD 2G独显 FHD)黑,6599.00,ThinkPad京东自营旗舰店,1.1万+条评价
3,52069177348,DELL戴尔P5820X台式机工作站可选i9-10980XE台式电脑吃鸡游主机深度学习计算三维设计 i9-10980XE/128G内存/1T固态+4T RTX3090-24G游戏卡/定制,43499.00,戴尔商用北纬专卖店,100+条评价
4,100008348514,联想扬天V340 2020款15.6英寸十代酷睿i3超薄本学生轻薄游戏超极本商务办公手提笔记本电脑 标配 I3-1005G1/8G/256G固态 2G独显 IPS全高清屏 星空灰,3999.00,联想扬天京东自营授权旗舰店,400+条评价
5,8770179,宏碁(Acer)墨舞EX215 15.6英寸轻薄笔记本(i5-10210U 4G 1TB HD LED背光防眩光屏 支持双硬盘 1.9Kg Win10),3089.00,宏碁商用京东自营旗舰店,1.2万+条评价
6,100012038816,攀升 P15 升i3 10100四核/GTX1650 4GD6独显/240G SSD/高频8G吃鸡游戏台式DIY组装电脑主机京东游戏UPC,3099.00,IPASON攀升电脑京东自营旗舰店,3.2万+条评价
7,57505430430,华硕a豆adolbook14 2020英特尔酷睿i5高颜值轻薄本学生笔记本电脑(i5-10210U 8G 512G+32G 2G独显 IPS)潮夜绿,4999.00,华硕京东自营官方旗舰店,1.2万+条评价
8,100009972498,联想（Lenovo）小新air14 2020款 锐龙版 14英寸笔记本电脑超薄本学生本办公商务本 定制3:锐龙R5-4600U/16G+1T高色域 【指纹识别 背光键盘 灰色】,5299.00,联想亿维授权专卖店,9500+条评价
9,69337243068,微软 Surface Laptop 3 轻薄本 亮铂金 13.5英寸 | i7 16G+256G G7显卡 | 2.2K触屏 高色域 3:2生产力 | Alcantara掌托 | CNC铣削一体成型,11988.00,微软京东自营官方旗舰店,1.4万+条评价
10,100008190273,戴尔(DELL)新品游匣G5 15.6英寸酷睿十代标压固态电竞游戏笔记本电脑 1866十代i7 16G 2060 144hz 官方标配,7999.00,戴尔官方旗舰店,4800+条评价
11,100007773465,华为笔记本电脑 MateBook X 2020款 13英寸 十代酷睿i5 16G+512G 3K触控全面屏/时尚轻薄本 冰霜银,9499.00,华为京东自营官方旗舰店,4200+条评价
12,100014448458,"京品电脑	
联想(Lenovo)天逸510S 英特尔酷睿十代i3 台式机电脑整机(i3-10100  8G 512G SSD wifi win10 )单主机",2699.00,联想京东自营旗舰店,1万+条评价
13,10021466875260,联想(Lenovo)扬天P780高性能创意设计台式电脑主机(i7-10700 16G 1T+256G GTX1660S 6G独显 四年上门,8499.00,联想扬天京东自营旗舰店,2800+条评价
14,66426249402,【英特尔十代】全新四核15.6英寸超薄笔记本电脑 轻薄便携游戏本商务办公大学生女生款上网课超级本手提 十代J4115 16G内存 512G固态 办公商务游戏娱...,3199.00,爱尔游旗舰店,300+条评价
15,100007773453,宏硕 酷睿i5四核/i5 9400F六核/台式机电脑主机家用游戏办公组装电脑整机全套 套餐四【i5-9400F六核 电脑主机】,3099.00,宏硕电脑旗舰店,6200+条评价
16,100005595993,"京品电脑	
联想(Lenovo)天逸510S 英特尔酷睿十代i5 台式机电脑整机(i5-10400  8G 1T wifi win10 三年上门)21.5英寸FHD",3799.00,联想京东自营旗舰店,1.5万+条评价
17,100014351912,微软 Surface Laptop 3 轻薄本 灰钴蓝 13.5英寸 | i5 8G+256G G7显卡 | 2.2K触屏 高色域 3:2生产力 | Alcantara掌托 | CNC铣削一体成型,9728.00,微软京东自营官方旗舰店,"去看二手
							1.4万+条评价"
18,69333105812,ROG玩家国度光刃G15CK电竞游戏玻璃侧透台式电脑主机(英特尔酷睿i7-10700KF 16G 1TSSD+1T RTX2070S 8G独显),12969.00,玩家国度ROG京东自营官方旗舰店,3600+条评价
19,53831313329,惠普(HP)星14青春版 小欧14S笔记本手提电脑女学生商务办公游戏超薄微窄边框轻薄本 定制 8G内存 | 256G固态 锐龙R3-3250U | 14英寸FHD,3199.00,惠普鑫强利达专卖店,400+条评价
20,69020846438,奥珀特酷睿i5 9400f游戏电脑主机高配吃鸡独显组装台式机商用家用网吧英雄联盟LOL整机全套显示器 套餐四酷睿i7/1050Ti独显/16G/512G,3699.00,奥珀电脑专营店,3300+条评价
21,30025607382,联想小新Air14 2021款全面屏轻薄笔记本电脑proffice大学生游戏商务办公设计超极本 十一代i5-1135G7 16G 512G固态标配 MX450窄边框全面屏背光键盘指纹解锁,5949.00,联想有点授权专卖店,1万+条评价
22,100013333230,逆世界 四核八核/6G独显吃鸡游戏组装电脑主机DIY独显LOL台式机办公整机/DIY组装机 套餐六：八核+GTX TITAN6G吃鸡电竞独显,2279.00,逆世界电脑DIY旗舰店,1800+条评价
23,64305047476,亚当贝尔 十代酷睿i5/i7-10700F八核/GTX2060电竞办公游戏吃鸡组装台式电脑主机整机 主机+27英寸曲面电竞显示器 配置三：i7-10700F+1060 6G+16G,5899.00,亚当贝尔电脑旗舰店,2.8万+条评价
24,17205310931,联想ThinkPad T14 酷睿版 英特尔酷睿i7 2020款(05CD) 14英寸轻薄笔记本电脑(i7-10510U 16G 1TSSD 2G独显 UHD 4K屏),14499.00,ThinkPad京东自营旗舰店,5400+条评价
25,55334840626,【2020款指纹解锁】15.6英寸轻薄IPS窄边框超薄手提金属笔记本电脑办公大学生女生游戏便携超级本 10代5205U 8G内存 128G固态 办公商务办公游戏娱乐轻薄本,2199.00,iru旗舰店,5900+条评价
26,69333105817,京天 酷睿i5 10400F/10600KF/GTX1660 SUPER游戏台式电脑主机DIY组装,4199.00,京天DIY电脑旗舰店,1000+条评价
27,100004681589,小黄鱼 十代i5 10400F 游戏台式电脑主机 16G内存 电竞直播组装全套整机 主机+AOC C27G2 165Hz电竞曲面显示器 套餐一 华硕5500XT 8G+512G SSD,5398.00,小黄鱼旗舰店,1300+条评价
28,100008476189,惠普(HP)星14青春版 小欧14S笔记本手提电脑女学生商务办公游戏超薄微窄边框轻薄本 定制 8G内存 | 512G固态 锐龙R3-3250U | 14英寸FHD,3499.00,惠普鑫强利达专卖店,400+条评价
29,68656183239,"京品电脑	
戴尔DELL XPS13-7390 13.3英寸移动超能版英特尔酷睿i5超轻薄商务轻奢笔记本电脑(i5-10210U 8G 512G)白",9499.00,戴尔京东自营官方旗舰店,1.1万+条评价
30,52623507800,"京品电脑	
联想(Lenovo)天逸510S 十代英特尔酷睿i3 台式机电脑整机(i3-10100  8G 1T wifi win10 三年上门)19.5英寸IPS",2799.00,联想京东自营旗舰店,3.1万+条评价
31,6879399,联想V14 2020款14英寸高性能十代酷睿i7窄边框超薄本轻薄学生超极本商务办公手提游戏笔记本电脑 标配 i7-1065G7 8G 512G 固态 MX350 2G独显 全高清屏 星空灰,6199.00,联想扬天京东自营授权旗舰店,900+条评价
32,48481941275,华硕（ASUS）VivoBook15s轻薄笔记本电脑十代酷睿商务办公便携全面屏窄边框独显轻薄本 冰钻银/i5-1035G1/MX330-2G独显 8G内存丨512G固态/套餐三,4399.00,华硕智凝专卖店,2.3万+条评价
33,10021125323283,联想ThinkPad E595 锐龙版R5-3500U 15.6英寸超薄办公游戏笔记本电脑 16G内存 256G+1T FHD@定制0MCD,3749.00,ThinkPad山东授权专卖店,2100+条评价
34,11454495487,华硕电脑 i5 9400F/10400F/GTX1660S吃鸡LOL游戏设计台式电脑主机diy组装机 华硕定制主机：规格四,3669.00,超信达DIY电脑旗舰店,5200+条评价
35,100015886762,雷霆世纪 复仇者064 十代i5-10400/技嘉B460M/8G内存/480G固态/WIFI/家用办公游戏组装电脑主机/京东游戏UPC,3299.00,雷霆世纪京东自营旗舰店,1.8万+条评价
36,100015522362,华硕（ASUS）2020年新品锐龙笔记本电脑轻薄商务办公学生游戏本16G内存 512G高速固态 15.6英寸耀夜黑 R5-4500U 升级1T固态,5089.00,茂双笔记本旗舰店,4.1万+条评价
37,65477532050,宏碁（Acer）十代酷睿i7笔记本 2020手提笔记本电脑商务轻薄便携15.6英寸pro小新游戏本 幻夜黑丨十代i7+MX230-2G 旗舰版:20G+512G SSD+1Tb,5299.00,宏碁瑞畅专卖店,100+条评价
38,100008379769,鑫彩影 21.5-27英寸四核一体机电脑办公家用独显游戏台式主机整机 B3：23.6英寸/酷睿i3/8G/120G固态,1158.00,鑫彩影一体机电脑旗舰店,2900+条评价
39,10021143159848,微星 MSI 海皇戟 迷你游戏台式电脑电竞主机星空黑（十代i5-10400F 16G GTX1660Super 256G SSD+1T)三年上门,6988.00,微星京东自营旗舰店,1600+条评价
40,54640048320,"京品电脑	
机械革命(MECHREVO)X3-S 8核 17.3英寸电竞游戏笔记本电脑(i7-10870H 16G 512G RTX2060 144HZ)",7799.00,机械革命京东自营官方旗舰店,6.6万+条评价
41,31201366333,华为笔记本 MateBook 14 2020款 14英寸超薄本商务办公手提电脑轻薄本超极本 银｜触屏i5-10210U/16G/512G/独显 标配,6999.00,华为肆玖专卖店,2600+条评价
42,38480130504,联想商用ThinkCentre K70办公电脑小机箱I5-9400F/16G/512G/2G独显/无光驱/win10H,4035.00,联想商用自营旗舰店,800+条评价
43,66367224703,联想（Lenovo）拯救者刃7000 2020 英特尔酷睿 设计师电竞游戏台机电脑主机 i7-10700F/16G/256G/2060,7399.00,联想京东自营官方旗舰店,100+条评价
44,13822378653,"惠普（HP） 星14青春版 十代酷睿 2020新品14英寸超薄笔记本 轻薄时尚学生电脑 i5-10210U 14.0""银 预装office 16G 512G PCIE 2G【编程推荐】",5099.00,惠普授权旗舰店,9500+条评价
45,27688810076,戴尔（DELL） OptiPlex7070MT商用办公台式电脑主机酷睿i7游戏台式机主机3D建模设计 单主机不含显示器 定制二 九代I7 16G 1T+256G固态 集显,5288.00,戴尔商用瑞华专卖店,4900+条评价
46,71185272115,"京品电脑	
武极 i3 9100/10100办公主机企业客服家用商用台式组装电脑主机兼容机/DIY组装机 配置三（i3 10100+8G+250G）",2088.00,武极电脑DIY旗舰店,1.9万+条评价
47,100013255292,机械师T58-V 全面屏游戏本十代i5-10200H/GTX1650Ti-4G独显游戏笔记本电脑 旗舰版16G/512G PCIE高速固态,6289.00,MACHENIKE机械师旗舰店,1.1万+条评价
48,100014278636,【定制WIN7专业版】联想台式机 商用办公税控台式电脑主机开票电脑 WIN7系统电脑整机 大机箱单主机 定制：G3930T 4G 500G DVD W7,2299.00,联想扬天华南授权专卖店,9100+条评价
49,19644641466,"惠普（HP） 星14青春版 十代酷睿 2020新品14英寸超薄笔记本 轻薄时尚学生电脑 i5-10210U 14.0""银 预装office 8G 512G PCIE 2G【办公推荐】",4799.00,惠普授权旗舰店,9500+条评价
50,100008164805,动力远航一体机电脑商务办公家用游戏酷睿I3/I5/I7台式整机 23.8英寸曲面 I3/8G/512G大容量固态,1999.00,红马台式电脑专营店,800+条评价
51,68162805250,联想ThinkPad X1 Carbon 2020(37CD)英特尔酷睿i5 14英寸高性能笔记本电脑(十代i5 8G 512GSSD)4G版 沉浸黑,10299.00,ThinkPad京东自营旗舰店,1.5万+条评价
52,100009321393,华为笔记本电脑MateBook D 14 15 全面屏超轻薄商务办公手提学生本 D15银｜R5-4500U 16G+512G固态,4999.00,华为新通路专卖店,1万+条评价
53,67692424579,和谐号XS-6100办公商用台式电脑主机组装整机(AMD九代八核A9-9820/8g/256g 无线WiFi)23.8英寸,1699.00,和谐号电脑京东自营官方旗舰店,5000+条评价
54,100007152007,【定制WIN7专业版】联想台式机 商用办公税控台式电脑主机开票电脑 WIN7系统电脑整机 大机箱单主机 定制：i3 4G 1T DVD Win7,2999.00,联想扬天华南授权专卖店,9100+条评价
