﻿,goods_id,goods_name,goods_price,goods_store,goods_commit
0,72075066467,华为笔记本电脑MateBook D14 14英寸锐龙版全新7nm全面护眼屏 商务办公学习轻薄本超极本 银｜R5-16GB-512GB  官方标配,4799.00,科族数码专营店,300+条评价
1,4560019,联想(Lenovo)扬天T4900v 英特尔酷睿i7六核 高端性能设计商务家用办公台式电脑整机带光驱 23英寸IPS全高清窄边框 2G独显 定制 i7-8700/16G/1T+512G固态,8299.00,联想扬天京东自营授权旗舰店,200+条评价
2,100001650007,京天 Victory V90 i9 10900K/RTX3090/Z490/32G DDR4/1T固态台式组装电脑水冷游戏主机UPC,23599.00,京天（KOTIN）电脑京东自营旗舰店,6800+条评价
3,100003519436,联想(Lenovo)扬天M5300d 高性能四核台式机商务家用网课办公电脑整机 21.5英寸全高清屏 定制A10-9700/8G/1T+128G双硬盘,3299.00,联想扬天京东自营授权旗舰店,100+条评价
4,100007427091,京天 Victory V66 i7 10700K/RTX3070 8G/Z490/16G DDR4/1T固态台式组装电脑水冷游戏主机UPC,10999.00,京天（KOTIN）电脑京东自营旗舰店,2500+条评价
5,49311209108,华擎（ASRock）DeskMini A300（AMD A300/AM4 Socket）,999.00,华擎京东自营旗舰店,6800+条评价
6,72328076787,"京品电脑	
ROG冰锐2 15.6英寸240Hz电竞屏高色域轻薄便携游戏本笔记本电脑（R9-4900HS 8核7nm 16G 1TSSD RTX2060MaxQ）",9979.00,玩家国度ROG京东自营官方旗舰店,4400+条评价
7,10023362284752,戴尔（DELL） OptiPlex7070MT商用办公台式电脑主机酷睿i7游戏台式机主机3D建模设计 单主机不含显示器 九代I7 32G 1T+512G RX550 4G,6199.00,戴尔商用瑞华专卖店,4900+条评价
8,37443961252,【现货速发】华硕（ASUS）顽石6代 14英寸轻薄本便携商务办公笔记本电脑学生上网游戏本Y4200 星空灰i5-8265U/MX110-2G独显 8G内存+512高速固态,4089.00,茂双笔记本旗舰店,1700+条评价
9,72180299091,机械革命2020新款白蛟龙P X3/X8Ti 新锐龙R7-4800H 独显吃鸡游戏学生电竞笔记本电脑 黑蛟龙16G/512GPCIE2060电竞屏,8199.00,机械革命旗舰店,1200+条评价
10,11532342935,机械革命Z2 Air-S/Z3 15.6英寸超薄电竞吃鸡游戏本学生商务办公设计师全面屏笔记本电脑 i5-10200H/GTX1650-4G/电竞屏 玩家推荐：8G/512G PCIe 高速固态,5899.00,机械革命授权专卖店,8000+条评价
11,10021517238560,攀升 钛度黑晶十代i5/i7设计师游戏台式机电脑主机 i7-10700 16G 512G 2060,6899.00,攀升官方旗舰店,60+条评价
12,59565348725,联想台式机拯救者刃7000 2020十代新品酷睿i5/i7 游戏台式机电竞电脑主机商用办公制图十代K i5-10400 8G 1T+256G固态 定制 GTX1650super-4G独显 无线蓝牙,4999.00,联想响得美授权专卖店,1700+条评价
13,10022073725900,华硕(ASUS) VivoBook14/15s 酷睿i5/i7 15.6英寸轻薄笔记本电脑商务办公 15.6英寸冰钻银 i7-1065G7 MX330 配置二 12G/512G PCIE固态,5599.00,华硕金硕专卖店,700+条评价
14,38022068089,酷耶 i7四核/GTX1080独显8G水冷吃鸡游戏台式机电脑主机组装整机 电脑主机 套餐二(16G/480G/GTX1080 8G),5099.00,酷耶电脑旗舰店,900+条评价
15,68177023812,联想小新Air15 2021高色域锐龙版R5全面屏金属轻薄笔记本电脑R7商务办公本学生办公设计游戏本 六核R5-4600U 16G 512G固态|标配 100%高色域,5499.00,联想育新授权专卖店,3400+条评价
16,100014897534,戴尔（DELL）灵越5000 5493 14英寸酷睿十代窄边框轻薄学生办公游戏笔记本电脑 10代U i3-1005G1 8G 256G 定制,3299.00,戴尔宇熙世纪专卖店,9400+条评价
17,10020830322415,联想ThinkPad T495  14英寸高性能商务办公轻薄便携手提IBM工程师笔记本电脑锐龙PRO R7 3700U  16G 512G@05CD定制,5299.00,ThinkPad山东授权专卖店,900+条评价
18,10022984998885,神舟(HASEE)战神TX8-CU5DA 英特尔酷睿i5-10400 RTX 2060 6G 16.1英寸144Hz游戏笔记本(8G512GSSD72%色域),6799.00,神舟电脑京东自营旗舰店,5100+条评价
19,10023452487766,联想V330（V110升级款） 14英寸超轻薄商务办公学生独显笔记本电脑 A4-9125 4G内存 128G固态丨标配 2G独显 全高清屏 星空灰 精装升级,2699.00,联想佳运汇通专卖店,3900+条评价
20,71872613824,联想(Lenovo)扬天M6610D 九代英特尔酷睿i5六核商用办公台式电脑整机 27英寸 IPS全高清 窄边框屏 定制 i5-9400 16G 1T+256G双硬盘,5899.00,联想扬天京东自营授权旗舰店,1500+条评价
21,7305639,联想（Lenovo）AIO520X Max 英特尔酷睿 一体台式机电脑27英寸 GTX1650显卡 i5-10400T 16G 2T机械+512G固态,8999.00,联想京东自营官方旗舰店,40+条评价
22,10022755245762,惠普(HP)ENVY13薄锐超轻薄13.3英寸笔记本电脑 酷睿十一代/16G/512GSSD/高色域 /i5-1135G7/MX450 2G独显,7299.00,惠普中国京东自营官方旗舰店,40+条评价
23,34140880985,酷耶 十代i5i7/技嘉主板/16G DDR4 吃鸡电竞游戏台式机电脑主机组装整机全套 电脑主机 套餐四(i5-10400F+1660S独显6G),4399.00,酷耶电脑旗舰店,2700+条评价
24,100009045409,航向者i5 9400F升10400/i7 10700/GTX1650吃鸡游戏台式电脑主机DIY组装机 套二/i5 9400F/8G/GTX1060显卡,2599.00,航向者组装电脑旗舰店,1.6万+条评价
25,14541673775,14英寸高色域IPS屏超轻薄高性能游戏手提办公笔记本电脑 标配丨R5-4600U 16G内存 512G固态 100%高色域 IPS全高清屏 背光键盘 皎洁银,4388.00,联想佳运汇通专卖店,1200+条评价
26,70036175036,联想ideapad14s 2020款增强版14英寸十代酷睿i3轻薄本男女学生网课办公手提笔记本电脑 单盘 | 8G内存 256G固态 十代i3-1005G1 集显,3299.00,联想爱特家专卖店,300+条评价
27,28619091346,京天 Blitz 104 G5400升G5420/8G内存/H310/256G SSD/家用办公台式游戏组装电脑主机/UPC,1599.00,京天（KOTIN）电脑京东自营旗舰店,3400+条评价
28,10022106902254,惠普(HP)ENVY13X360 13.3英寸轻薄翻转笔记本电脑 AMD/512GSSD/暗夜灰木纹 /R5-4500U/16G/集显/100%sRGB,6199.00,惠普中国京东自营官方旗舰店,50+条评价
29,41053074847,"京品电脑	
联想小新Air14/15 2020锐龙版(全新7nm)八核超轻薄笔记本电脑 学生本商务设计游戏轻薄本 标配【R7八核 16G 512G固态】AIR15",5599.00,联想航电授权专卖店,1.9万+条评价
30,32164329094,神舟(HASEE)优雅 X5-2021S5 15.6英寸72%色域轻薄笔记本电脑(i5-1135G7 16G 512G SSD IPS),4499.00,神舟电脑京东自营旗舰店,5.4万+条评价
31,56389631724,联想(Lenovo)S540 英特尔酷睿 i7 14英寸超薄本全面屏学生轻薄商务办公手提笔记本电脑 【定制I7-8565U/8G/512G固态】  R540X 2G独显  IPS全高清 银河灰,6089.00,联想扬天京东自营授权旗舰店,600+条评价
32,4560049,联想拯救者r7000 15.6英寸锐龙R5六核游戏本p 2020办公设计本学生高色域全面屏笔记本电脑 GTX1650Ti 4G独显丨100%sRGB丨 标配丨R5-4600H 8G内存 256G固态,6549.00,联想航电授权专卖店,1.4万+条评价
33,69177827235,小米红米笔记本电脑RedmiBook 14英寸轻薄本超薄手提超极本商务办公大学生 银|R5-4500U+16G+512G集显 官方标配,3679.00,千百回电脑专营店,2700+条评价
34,10021982634742,英特尔酷睿i5办公电脑台式主机家用商用财务设计师炒股电脑英雄联盟吃鸡游戏独显组装台式机整机全套 电脑主机+24英寸曲面显示器 CF 酷睿i7/16G/480G/1...,3399.00,狄派电脑旗舰店,7000+条评价
35,59778664215,2020新款 酷睿i7轻薄本 锐龙R5R7游戏本可选15.6英寸笔记本电脑 商务办公超薄本 昂福镭仕 办公/LOL: J4105四核 8G+256G固态,2088.00,昂福镭仕电脑专营店,2000+条评价
36,100010816676,神舟战神ZX6/TX6十代标压i5 GTX1650/1650Ti独显学生手提游戏本笔记本电脑 K670T-G6升级I5-10400/16/512,4588.00,神舟海神专卖店,1.2万+条评价
37,11225940048,联想新品ideapad15s酷睿版 15.6英寸轻薄笔记本电脑 办公设计游戏娱乐女生学生上网课便携本 旗舰：i3-10110U 12G内存 512G固态  银色,3679.00,联想航电授权专卖店,3.1万+条评价
38,43892578452,小米红米笔记本电脑RedmiBook 14 14英寸轻薄本超薄手提超极本商务办公大学生 银丨锐龙R7/16GB/512GB+集显,3679.00,千百回电脑专营店,4200+条评价
39,10023055150119,京天 Design 720 i7 10700/B460/Quadro P2200/128G SSD+2T台式主机设计师创意渲染图形组装电脑工作站UPC,7499.00,京天（KOTIN）电脑京东自营旗舰店,3800+条评价
40,100006508879,惠普（HP）光影精灵6 新十代酷睿标压 暗夜暗影电竞游戏笔记本电脑 旗舰店官网【2020热款】 i5-10200H GTX1650-4G 点杀 8G 512G PCIE 15.6英寸,5599.00,惠普授权旗舰店,8200+条评价
41,22148657167,华硕灵锐14 7nm新锐龙8核 轻薄笔记本电脑M4600 14英寸学生办公 幻彩白 R7-4700U 16G 512G固态 背光键盘,4799.00,华硕恩荣专卖店,4200+条评价
42,100012987716,联想（Lenovo）小新13十代酷睿i5轻薄本 2020款高色域笔记本电脑 商务设计游戏便携设计本 标配丨i7 10510U 8G 512G独显 13.3英寸 银色,5349.00,联想航电授权专卖店,2.8万+条评价
43,71674618709,"京东国际	
VAIO SX12 10代酷睿 12.5英寸 899克 轻薄本 窄边框轻薄商务笔记本电脑(i5-10210U 8G 512G SSD FHD)深夜黑",9988.00,VAIO京东自营旗舰店,1000+条评价
44,71678054744,攀升 AMD六核锐龙5 3500X/RTX2060-6G独显台式机直播吃鸡电脑游戏主机DIY组装机,4499.00,攀升DIY电脑旗舰店,4500+条评价
45,47113585704,惠普（HP）星14青春版 14英寸轻薄便携 超轻薄金属商务办公学生游戏手提笔记本电脑 星14青春版【星空银-11代i5版】  套餐一 8G/PCI-E 256G【推荐】,4398.00,惠普赞晓专卖店,1.3万+条评价
46,51432559422,外星人（ALIENWARE）全新Aurora R11 十代酷睿独显显卡吃鸡游戏台式电脑主机 现货 7996白i9/1T+2T/3090 24G 官方标配,44999.00,外星人官方旗舰店,200+条评价
47,100013429982,宏碁(Acer)蜂鸟C27 微边框一体机电脑 网课电脑 娱乐办公 27英寸(十代i5-1035G1 8G 512GSSD MX130 2G独显),5299.00,宏碁京东自营旗舰店,6300+条评价
48,10420348008,联想ThinkBook 酷睿十代i5/i7 游戏本 指纹解锁轻薄设计师ThinkPad笔记本电脑 14-09CD 10代i5/14英寸/全高清屏 8GB内存 512GB固态傲腾增强版 标配,4399.00,ThinkPad华东授权专卖店,2400+条评价
49,31391469607,联想ThinkBook Plus(5BCD)英特尔酷睿i5 13.3英寸E-ink墨水屏 轻薄笔记本电脑(十代i5-10210U 16G 512GSSD),8999.00,ThinkPad京东自营旗舰店,6600+条评价
50,100015951196,"京东超市	
【2020新款】酷比魔方 iPlay20 Pro 10.1英寸全贴合高清8核4G全网通通话平板电脑 全黑 6G+128G",899.00,酷比魔方京东自营官方旗舰店,1200+条评价
51,71683358628,"京东超市	
台电（TECLAST）P80h升级版掌上安卓平板电脑智能四核8英寸高清屏2+32GB网课学习影音娱乐 标配",399.00,台电京东自营官方旗舰店,1400+条评价
