﻿,goods_id,goods_name,goods_price,goods_store,goods_commit
0,12513857942,惠普（HP）星14 青春版 笔记本电脑 小欧14s 14英寸轻薄便携 商务办公女学生手提电脑【新品】 珍珠白【赛扬4000】 套餐二 8G内存/256G固态,3198.00,惠普赞晓专卖店,8100+条评价
1,100008529849,微星(msi)绝影2 GS66 15.6英寸轻薄游戏本笔记本电脑(十代八核i7-10875H 240Hz 16G 1TB RTX2070MQ PD快充),14999.00,微星游戏本京东自营官方旗舰店,1万+条评价
2,69315925700,【现货速发】华硕笔记本电脑M5050/FL8800 15.6英寸轻薄本手提办公学习本游戏笔记本电脑 银色/速龙3050U/8G/256G固态,3299.00,华硕金新荣专卖店,4100+条评价
3,34672188516,联想小新Pro13.3英寸2020新款超轻薄学生办公笔记本电脑QHD高色域人脸识别锐龙R5/R7可选 2020款银色i5-10210U／MX350-2G 16G内存／512G固态 标配,6099.00,联想西南授权专卖店,4900+条评价
4,53185443254,戴尔（DELL）灵越7590/7500 15.6英寸酷睿高能合金本固态全高清轻薄笔记本电脑 i7-9750H GTX1650 4G独显 16G内存/1T固态 定制,8399.00,戴尔卓越专卖店,1900+条评价
5,32114127150,神舟战神Z7M/G8系列酷睿标压处理器RTX2060/GTX1650独显全面屏游戏本笔记本电脑 Z8-CU7标准版十代i7/8G/RTX2060,7088.00,神舟游戏本专卖店,5.7万+条评价
6,65956432373,戴尔（DELL）成就5590/5490燃5000十代窄边框商务办公学生游戏轻薄笔记本电脑 银色14英寸 i7-10510U 独显 MX250 8GB内存 256G固态+1T机械 定制,5899.00,戴尔速达专卖店,3.6万+条评价
7,12461748035,【酷睿i7+独显2G游戏本】15.6英寸超轻薄窄边框笔记本电脑吃鸡金属商务办公大学生本便携超级本手提 酷睿i7 + MX130 2G独显 8G内存 256G M.2固态,3699.00,iru旗舰店,1800+条评价
8,10021950549469,2020新款平板电脑12英寸全网通4g安卓平板手机十核10g平板高清学习机超薄大屏娱乐吃鸡游戏平板 小米金128g（免费试用+分期免息+鼠标蓝牙键盘） 12英...,638.00,博智星颍川世家专卖店,3800+条评价
9,100014469030,ROG幻15 十代8核英特尔酷睿i7 15.6英寸4K屏创意设计师商务本轻薄笔记本电脑(i7-10875H 16G 1T RTX2070MQ)黑,14979.00,玩家国度ROG京东自营官方旗舰店,3000+条评价
10,65705508546,机械师T58-V 全面屏游戏本十代i5-10200H/GTX1650Ti-4G独显游戏笔记本电脑 竞速版8G/512G PCIE高速固态,5989.00,MACHENIKE机械师旗舰店,1.1万+条评价
11,38040837883,联想小新15 2020新品15.6英寸（全新7nm）锐龙R5轻薄笔记本电脑 游戏设计本上网课商务本 六核芯【R5-4600U 16G 512G固态】 高色域IPS屏 银色,4849.00,联想航电授权专卖店,2800+条评价
12,28355253534,华为笔记本新款MateBook D 2020锐龙版 7nm D14/D15可选 超薄本商务办公超极本 D14/六核R5-4500U/16G/512G银色 官方标配含赠品礼包,4899.00,华为比特专卖店,5800+条评价
13,31635542108,戴尔（DELL）灵越游匣新G3/G5游戏本3500 15.6英寸酷睿十代标压电竞游戏笔记本电脑 新G3版GTX1650 十代i5-10200H 8G内存 512G SSD PCIe高速固态 定制,5599.00,戴尔康特专卖店,1万+条评价
14,45564859885,机械师F117 17.3英寸144Hz全面屏游戏本十代i7-10870H/RTX2060笔记本电脑 加强版i7/16G/512G PCIE固态+1TB,9869.00,MACHENIKE机械师旗舰店,3800+条评价
15,10020271463075,AOC一体机电脑超薄高清屏高配i3i5i7八核游戏家用网课学习办公收银台式整机全套 四核J4105+8G+128G+1TB 23.8英寸,2399.00,AOC电脑海克专卖店,7300+条评价
16,25705393051,【新品11代酷睿】惠普（HP）旗舰店 星14 青春版14/13英寸超轻薄学生游戏笔记本电脑 【i5-1135G7】11代酷睿--14.0青春版 8G 256G SSD【标准版】,4399.00,惠普授权旗舰店,8800+条评价
17,54377932855,联想ThinkPad E14（5TCD）14英寸轻薄商务办公笔记本电脑十代酷睿六核i7-10710U 32G内存 512G固态+1T机械【升级】 RX640 2G独显 FHD全高清屏 Win10,7999.00,ThinkPad华中授权专卖店,4200+条评价
18,32586861289,联想（Lenovo） 天逸510Pro 商用办公 游戏家用 台式机电脑主机整机 2020款酷睿十代 i5-10400 8G 1T+128G 2G 定制 单主机（含键鼠）无显示器,3799.00,联想响得美授权专卖店,2500+条评价
19,24877362146,华为笔记本MateBook13 2020款超轻薄13英寸商务办公性能手提本电脑2K全面屏 银|标压R7-4800H 16G+512G【非触屏,5688.00,华为德信专卖店,1.1万+条评价
20,10021164022941,戴尔（DELL） 灵越5391 5300 5301 13.3英寸轻薄便携商务办公手提笔记本电脑学生本 【不凡银】 i3-10110U/4G/256G固态 定制,3399.00,戴尔卓越专卖店,2.1万+条评价
21,10023361000758,戴尔（DELL）Latitude 5310 13.3英寸 窄边框超轻薄商用笔记本电脑 5300升级款 i5-10210U 普分屏 标配 8G内存 256G固态,5899.00,戴尔商用京东自营官方旗舰店,10+条评价
22,29731043190,联想小新Pro14 2021款超薄笔记本电脑14英寸11代i5超极本女生轻薄学生办公游戏超级本 标配丨i5-1135G7 16G 512G固态 MX450独显 荣耀银,6889.00,联想率秀图新授权专卖店,40+条评价
23,70195837835,联想拯救者Y7000 2020新品酷睿i5/i7十代P高色域性能独显游戏本 吃鸡学生设计师笔记本电脑 升级版i5-10200H  8G 512G固态 GTX1650-4G电竞显卡,6879.00,联想汇汉授权专卖店,2.8万+条评价
24,14153405957,戴尔（DELL）笔记本灵越5000 5493 14.0英寸学生手提家用办公轻薄2020款笔记本电脑 i5-1035G1 MX230显卡 16G内存 NVMe512G固态硬盘 店铺定制,4399.00,戴尔金盛专卖店,2万+条评价
25,72446716112,联想(Lenovo)IdeaPad14s酷睿i3轻薄学生商务办公笔记本电脑手提 标配：i3-1005G1 8G 512G固态 窄边国民本FHD,3579.00,联想昌盛授权专卖店,600+条评价
26,44164802051,联想ThinkPad E15 15.6英寸十代英特尔酷睿i5轻薄窄边框商务办公游戏ibm笔记本电脑 i5 8G 256G+1TB独显@0PCD定制,4999.00,ThinkPad华南授权专卖店,2000+条评价
27,66138978781,Apple  2019新款17款 iMac 21.5英寸/27英寸一体机 台式电脑 更新款 21英寸 低配,8099.00,集合数码专营店,300+条评价
28,100008777757,APPLE苹果2020年新款iPad Pro 11英寸12.9二合一平板电脑20款全面屏 11 灰色-【官 方 标 配】 128G WLAN版,5928.00,科族数码专营店,1.7万+条评价
29,62564554854,松下（Panasonic）CF-SV8笔记本电脑919g超轻坚固14小时长续航便携商务手提办公本 银色 i5-8365U 8G+512G SSD 英文键盘,14999.00,松下商务投影京东自营旗舰店,70+条评价
30,10021950549473,雷神(ThundeRobot）一格S1 14英寸轻薄商务笔记本电脑十一代i7-1165G7 16G 512GSSD GTX1650 100%sRGB屏幕,7499.00,雷神京东自营官方旗舰店,20+条评价
31,28299926952,华为平板电脑MatePad Pro 10.8英寸二合一平板电脑无线快充可选全网通4G通话5G平板 6G+128G WiFi版 夜阑灰 官方标配,3299.00,科族数码专营店,1.2万+条评价
32,44714563325,2020新款平板电脑12英寸全网通4g安卓平板手机十核10g平板高清学习机超薄大屏娱乐吃鸡游戏平板 小米黑128g（免费试用+分期免息+鼠标蓝牙键盘） 12英...,638.00,博智星颍川世家专卖店,3800+条评价
33,10023791299234,华为MateBook X Pro 2020款 13.9英寸轻薄本笔记本电脑触控屏手提超薄超极本 翡冷翠｜i5十代/16G/512G 独显【稀缺】 官方标配,8999.00,华为千百回专卖店,6400+条评价
34,10380932293,惠普（HP）星14青春版超薄微窄边框轻薄笔记本商务学生AMD锐龙R7八核电脑 星空银：R3 3250U 高清屏 8G/256G固态,3388.00,惠普蓝星专卖店,9300+条评价
35,37678878400,联想ThinkBook 15p 酷睿版 英特尔酷睿标压 15.6英寸高性能独显笔记本电脑 10代i7 16G 512G GTX1650Ti 预装office,8299.00,ThinkBook京东自营旗舰店,30+条评价
36,14861300222,神舟战神Z7M/G8系列酷睿标压处理器RTX2060/GTX1650独显全面屏游戏本笔记本电脑 Z7M旗舰版/十代i5/16G/256G+1TB,5599.00,神舟游戏本专卖店,5.7万+条评价
37,66556313109,联想(Lenovo)小新Pro14英特尔十一代酷睿i5超轻薄笔记本电脑 标配i5-1135G7 16G 512G 银色 MX450 2.2K全面屏100%sRGB,7199.00,联想昌盛授权专卖店,300+条评价
38,59808680629,星惠佳四核/i5/i7/GTX1650-4G独显游戏办公吃鸡台式电脑主机/DIY组装电脑整机 单主机 配置四:升i7级六核/4G独显/16G 吃鸡,1699.00,星惠佳电脑旗舰店,1.9万+条评价
39,100013315490,苹果（Apple） 2020款 MacBook Pro 13.3英寸超轻薄学生办公游戏笔记本电脑国行 MacBook Pro 13.3【商务灰】 【19款】i5/8GB/128GB/G645,9168.00,苹果百桔专卖店,700+条评价
40,59376667237,华硕a豆 adolbook14 十代酷睿i5 14英寸金属渐变轻薄笔记本电脑超薄女生  梦境粉  i5-10210U/8G/512G固态 定制,4499.00,华硕恩荣专卖店,400+条评价
41,56028502384,海尔 Haier 天越Q8A 英特尔酷睿i5 微边框一体机台式电脑23.8英寸(六核i5-9400 8G 512GSSD 键鼠 Win10 WiFi),4199.00,海尔电脑京东自营旗舰店,6500+条评价
42,69502662289,联想笔记本V340 15.6英寸轻薄便携商务办公超极本十代酷睿大屏游戏学生手提笔记本电脑 标配丨i3-1005G1 8G内存 256G固态 15.6英寸 数字全键盘 2G独显 荣耀灰,3499.00,联想扬天航电授权专卖店,3100+条评价
43,47113585706,15.6英寸轻薄便携超薄本 轻薄本 超极本 商务办公手提电脑 学生网上课堂 摩天酷笔记本电脑 升级版银色J4105 8G内存+256G固态硬盘,1598.00,摩天酷官方旗舰店,4900+条评价
44,46278793174,toposh 14英寸粉色女神笔记本电脑商务办公本学生女生轻薄上网本 酷睿i7 16G内存/512G固态盘/粉色,3599.00,toposh笔记本旗舰店,300+条评价
45,48510252018,戴尔（DELL）旗舰店灵越7590/7500 15.6英寸酷睿标压性能创意设计轻薄独显固态笔记本电脑 7590-1645 九代i5 8G 1650,7399.00,戴尔官方旗舰店,1万+条评价
46,55032017039,"惠普（HP）旗舰店 星14系列青春版 14英寸学生窄边框超轻薄新锐龙笔记本电脑 全新R3-3250U IPS微边框 14.0"" 进阶版：16G 512G PCIE固态",4099.00,惠普授权旗舰店,7300+条评价
47,70765855154,戴尔（DELL)2020款G5 5500 15.6英寸学生固态办公设计电竞屏游戏笔记本电脑 i7-10750H 6G独显 32G/1T/RTX2060 240HZ定制,9799.00,戴尔卓越专卖店,1400+条评价
48,59664003919,联想ThinkPad X13 高性能超轻薄笔记本电脑2020新品 十代酷睿i5/i7商务办公手提电脑 03CD丨i5-10210U 16G 512G固态 13.3英寸高清屏 100%高色域 WiFi6,7999.00,ThinkPad定制版专卖店,3800+条评价
49,27535783905,酷比魔方 iPlay20 Pro 2020新款10.1英寸八核大屏双4G通话安卓学习平板电脑 标配:(全贴合屏6G+128G，4G通话),879.00,酷比魔方旗舰店,2000+条评价
50,65533471741,ROG 冰锐2 锐龙R7/RTX2060Max-Q 15.6英寸游戏本轻薄电竞笔记本电脑 R7 RTX2060MQ 16G 512G 15.6寸 黑色,9299.00,玩家国度ROG鸿硕专卖店,600+条评价
51,11095030422,华硕（ASUS）飞行堡垒8 天选 15.6英寸窄边框电竞屏游戏笔记本电脑学生手提 飞8 i7-10750H GTX1650Ti 配置一 8G/512G PCIE固态,6589.00,华硕金硕专卖店,9100+条评价
52,71231386313,【新十代酷睿】惠普（HP）旗舰店 薄锐envy13/15超极本 超薄wood手提商务笔记本电脑 【进阶版】13寸丨i5-1035G4 8G 512,6299.00,惠普授权旗舰店,2600+条评价
53,71179118062,华为笔记本MateBook13 2020款超轻薄13英寸商务办公性能手提本电脑2K全面屏 银|标压R5-4600H 16G+512G非触屏,4988.00,华为德信专卖店,1.1万+条评价
54,72328076785,华为笔记本 MateBook 14 超极本  2020新款 14英寸2K轻薄本商务办公笔记本电脑 十代i7/16G/512G/独显/触屏/银,7599.00,华为比特专卖店,2700+条评价
55,24877362148,戴尔（DELL）成就5000 -1625 / 1725 15.6/14英寸2G独显轻薄笔记本电脑 5590：i5/8G/512G固态 标配,4699.00,戴尔卓越专卖店,6200+条评价
