﻿,goods_id,goods_name,goods_price,goods_store,goods_commit
0,34805200882,【定制WIN7专业版】联想电脑台式机Win7 E74电脑整机 商用办公电脑主机 带并口 串口 主机+21.5英寸显示器IPS 定制 i5-6400 8G 1T D W7专,4999.00,联想扬天华南授权专卖店,1800+条评价
1,53630167205,联想ThinkPad E480 14英寸FHD高分屏轻薄笔记本电脑游戏本 酷睿i5-8250U 【黑色】16G 512G@3RCD定制 WIN10系统,4399.00,ThinkPad华东授权专卖店,2800+条评价
2,59852955571,联想（Lenovo）威6 2020全新锐龙版 高性能R5/R7轻薄手提笔记本电脑超级本游戏办公设计本 六核R5-4600U 16G 512G丨15.6 100%高色域IPS屏 背光键盘 皎洁银 精装升,4499.00,联想佳运汇通专卖店,2700+条评价
3,69502662284,戴尔（DELL）灵越5000 5493/5593 14/15.6英寸十代学生商务办公笔记本电脑 5493:i5-1035G1 MX230 2G独显 8G/256G固态+1T 定制,4299.00,戴尔卓越专卖店,3600+条评价
4,26215860372,toposh 14英寸粉色女神笔记本电脑商务办公本学生女生轻薄上网本 酷睿i7 8G内存/256G固态盘/粉色,2899.00,toposh笔记本旗舰店,300+条评价
5,65613174357,AOC739 曲面屏一体机电脑高配企业办公家用游戏秒超台式电脑主机全套整机 23.6英寸 免费升级9代I3-9100四核 【16G内存】 512G固态硬盘,3899.00,AOC善与美电脑专卖店,4400+条评价
6,66790193243,神舟战神Z7M/Z8系列酷睿标压处理器GTX1650Ti RTX2060 独显电竞游戏笔记本手提电脑  Z7M-CU5升级版十代i5 16G内存 512 官方标配/定制,5599.00,神舟天美专卖店,2.1万+条评价
7,64544649846,苹果（Apple）2020年新款 iPadPro 11英寸/12.9英寸轻薄办公学习 多合一平板电脑 11 银色+原厂笔+壳膜 128G WLAN版,6919.00,APPLE翔合专卖店,1.8万+条评价
8,69436292178,联想ThinkPad R480 （21CD）14英寸窄边框轻薄 超薄商务办公用ibm笔记本手提电脑 i5-8250U/16G/256G+1T丨定制 2G独显+指纹识别+Win10系统,4899.00,ThinkPad福建授权专卖店,1600+条评价
9,52531397731,雷神（ThundeRobot）911黑武士 吃鸡游戏台式机电脑主机做图设计编程165Hz曲面屏显示器 27英寸+水冷i7-10700/2060-6G独显 16G内存+512GB NVMe固态,9499.00,雷神汇智云端专卖店,1100+条评价
10,30691510644,联想（Lenovo）威6pro-14英特尔酷睿i5/i7 超轻薄高性能独显办公游戏学生手提笔记本电脑 i7-8565U 16G内存 512G固态丨升级 2G独显 100%sRGB高色域 背光键盘 太空,5066.00,联想佳运汇通专卖店,1800+条评价
11,55293630366,【Win7电脑】联想台式机 扬天M6600D/M6603D商用办公台式电脑 开票税控电脑主机i5整机 单主机（含键鼠） 定制 i5-9400 8G 1T 无光驱 W7,3578.00,联想扬天华南授权专卖店,4700+条评价
12,26657558749,联想（Lenovo）V15 2020新款 15.6英寸窄边框轻薄笔记本电脑十代酷睿i5 i5-1035G1 12G 1T+512G固态 英伟达MX330 2G独显 精装定制 星空灰,5099.00,联想扬天授权旗舰店,4400+条评价
13,42059432447,2020十代酷睿i7笔记本电脑 15.6英寸全面屏高性能轻薄游戏办公设计学生超极本 i7-10510U 40G内存 2T+512G固态 2G独显 背光键盘 IPS全高清屏 精装升级 灰色,8399.00,联想佳运汇通专卖店,6300+条评价
14,59252840385,戴尔（DELL）灵越5000窄边框5300戴尔十代酷睿超轻薄女学生粉色办公手提笔记本电脑13.3英寸 【星光银】全金属+72%高色域 10代酷睿/8G/256G/FHD,4099.00,戴尔佳富惠呈专卖店,1500+条评价
15,60185181576,戴尔(DELL)XPS8940 10代酷睿高性能设计师创意制图渲染建模工业图形工作站定制台式电脑主机 黑/500W/i7-10700/1080Ti-11 16G内存/512G固态+2T机械,14199.00,戴尔鼎新台式机专卖店,100+条评价
16,69828509082,"神舟（HASEE）优雅X3/X4系列 轻薄商务笔记本电脑 IPS高清屏 持久续航 256SSD全金属 X3D1｜3867U+8G+13.3""IPS72%",2199.00,神舟电脑旗舰店,2300+条评价
17,10022950157370,戴尔（DELL） Optiplex3060/3070MT台式电脑 办公商用台式机主机 办公电脑 整机含21.5英寸显示器SE2218Hv i3-9100 8G 1T机械 集显 定制,3199.00,戴尔商用瑞华专卖店,2100+条评价
18,72080718549,惠普（hp）星系列 青春版 星14/星15 超薄微窄边框轻薄笔记本电脑 商务办公男女学生游戏本 星14青春版【i7-10510u 2g独显】银色 升级版：16g内存 512g固态...,5899.00,惠普宇熙世纪专卖店,4100+条评价
19,100009075233,惠普（HP）星14/15【11代新品】青春版笔记本电脑15.6英寸窄边框全面屏轻薄大学生手提游戏本 i5-1135G7【MX450 2G】15寸高清屏 配置一：8G/512G固态,5687.00,惠普电脑授权专卖店,2万+条评价
20,56783525689,小米笔记本RedmiBook 13英寸 超轻薄学习全面屏超轻薄二代新款游戏移动办公小米笔记本电脑 独显版 I5/8G/512G/MX250 银,3989.00,小米大联大专卖店,800+条评价
21,33307655807,ThinkPad T系列14英寸联想笔记本电脑 轻薄便携商务办公工程师系列超级本升级增配 R7八核/WIFI6/高清/核显丨T14-04CD 16G内存 512G高速固态,6499.00,ThinkPad华北授权专卖店,2500+条评价
22,10022896348578,苹果（Apple）2020款 MacBook Air 13.3英寸超轻薄学生办公手提笔记本电脑 国行 【2020款】MacBook Air 【香槟金】 【顶配版】十代i7/8GB/256GB/视网膜屏,9188.00,苹果百桔专卖店,700+条评价
23,20764151792,【教育优惠版】Apple iPad 10.2英寸 平板电脑（ 2020年新款 32G WLAN版/ A12仿生芯片MYL92CH/A）深空灰色,2499.00,Apple产品京东自营旗舰店,100+条评价
24,100010816650,惠普（hp）星14系列【20年11代酷睿新品】笔记本商务14英寸窄边框轻薄便携金属学生手提电脑 静谧银：m450独显【金属机身+背光键盘+指纹】 配置三：i5...,5899.00,惠普电脑授权专卖店,1万+条评价
25,25361143561,小米红米游戏本笔记本电脑Redmi G 16.1英寸手提轻薄本16G+512G i5-10200H GTX1650 高色域,5499.00,千百回电脑专营店,1800+条评价
26,100010816650,惠普（HP）星14升级版 11代英特尔酷睿新品 14英寸轻超薄吃鸡笔记本电脑旗舰店官网 【月光银】i5-1135G7--11代英特尔酷睿 16G 1000G PCIE MX450【旗舰版】,5999.00,惠普授权旗舰店,100+条评价
27,25361143561,苹果（Apple）新款 iPad Air 10.9英寸平板电脑Air4 WIFI版 可选教育优惠版 20款 10.9英寸 天蓝色 256G (官 方 标 配）,5999.00,APPLE翔合专卖店,4.6万+条评价
28,44767713812,"京东国际	
VAIO SX12 10代酷睿 12.5英寸 899克 轻薄本 窄边框轻薄商务笔记本电脑(i5-10210U 8G 256G SSD FHD)深夜黑",9588.00,VAIO京东自营旗舰店,1000+条评价条评价
29,66609723918,戴尔（DELL）灵越5493/5593/5000 2020新款学生游戏商务办公轻薄家用手提笔记本电脑 轻薄大屏【R7/锐龙】15.6英寸银 推荐版 8G内存/512G 固态硬盘,3899.00,戴尔阳光雨尉专卖店,1.2万+条评价条评价
30,10020708709464,"京东国际	
VAIO SX12 10代酷睿 12.5英寸 899克 轻薄本 窄边框轻薄商务笔记本电脑(i5-10210U 8G 256G SSD FHD)深夜黑",9588.00,VAIO京东自营旗舰店,1000+条评价
31,72492963959,戴尔（DELL）灵越5493/5593/5000 2020新款学生游戏商务办公轻薄家用手提笔记本电脑 轻薄大屏【R7/锐龙】15.6英寸银 推荐版 8G内存/512G 固态硬盘,3899.00,戴尔阳光雨尉专卖店,1.2万+条评价
32,1652270462,惠普（HP）星14青春版 14英寸轻薄便携 超轻薄金属商务办公学生游戏手提笔记本电脑 星14青春版【星空银-11代i5版】  升级版二16G/PCI-E 512G 【推荐】,4798.00,惠普赞晓专卖店,1.3万+条评价
33,52531397772,戴尔（DELL）灵越游匣 新G3/G5 5500 15.6英寸窄边框轻薄标压游戏本手提笔记本电脑 新G3 |十代i5/GTX1650Ti/120Hz 店长推荐款 16G内存 512GPCI-E固态,6099.00,戴尔华宏创天专卖店,2.9万+条评价
34,68486131411,普雷达22-27寸超薄一体机整机电脑游戏型独显高配四八核酷睿i5i7高配家用办公游戏台式主机网吧全套 27寸曲面※配置十七,4279.00,七色狐电脑专营店,400+条评价
35,49941461596,笔记本电脑轻薄超级本 学生网上课堂电脑 远程办公本 得峰电脑 背光全尺寸键盘Intel-J4105/8G内存 SSD256G高速固态高档蓝牙鼠标套餐,1959.00,得峰旗舰店,6.7万+条评价
36,69437958561,PC大佬 程序计算机 i7 9700K/16G/SSD 高速运算电脑主机 DIY组装台式机,4500.00,PC大佬DIY电脑旗舰店,200+条评价
37,24748247267,【Win7电脑】联想台式机 扬天M6600D/M6603D商用办公台式电脑 开票税控电脑主机i5整机 单主机+21.5英寸显示器 定制 i5-9400 4G 1T DVD W7,3899.00,联想扬天华南授权专卖店,4700+条评价
38,57415072672,惠普（HP）战66四代 轻薄笔记本电脑 商用办公超薄游戏惠普笔记本 I5-10210U MX250独显 高色域15.6 8G内存 512G PCI-E固态【高速款】标配,5799.00,惠普宇泰专卖店,1300+条评价
39,66735938439,联想（Lenovo）V330 14英寸轻薄手提商务办公学生独显笔记本电脑 A4-9125 8G内存 256G固态 2G独显 全高清屏 星空灰 精装升级,2999.00,联想佳运汇通专卖店,2600+条评价
40,100016022542,联想(Lenovo)旗舰店拯救者Y7000高色域15.6英寸吃鸡游戏笔记本电脑2020新款 定制i5-10200H/16G/512G 固态 GTX1650 4G独显100%sRGB高色域,7499.00,联想授权旗舰店,4000+条评价
41,72478969878,惠普（HP）战66 三代 AMD版 超轻薄办公笔记本 商务学生女 背光键盘 编程游戏设计本手提电脑 15.6英寸锐龙7nm 六核R5-4500U高色域 定制16G 512G固态,4246.00,惠普商域专卖店,1600+条评价
42,40480509766,戴尔（DELL）灵越5593/成就3401 14英寸/15.6英寸10代酷睿轻薄学生办公笔记本电脑 5593数字键盘 15.6英寸 i3-1005G1 8GB内存 512GB高速固态 定制,3499.00,戴尔宇熙世纪专卖店,1300+条评价
43,69236822618,方正（iFound） 电脑一体机  i3i5四核六核游戏家用办公台式电脑整机 23.8英寸 A10-9600P 8G 240G,2199.00,方正（ifound）电脑富丽达专卖店,700+条评价
44,32537837002,Apple 2020新款MacBook Air 13.3英寸 17款超薄笔记本电脑 深空灰色 20款 256G 官方标配,6988.00,集合数码专营店,400+条评价
45,70217445831,【教育优惠版】Apple iPad Pro 11英寸平板电脑 2020年新款(256G WLAN版/全面屏/A12Z/MXDD2CH/A) 银色,6629.00,Apple产品京东自营旗舰店,60+条评价
46,100016402098,惠普HP光影精灵6 MAX 16.1英寸游戏笔记本 512G SSD/白色背光键盘/FHD IPS 十代i7/16G/RTX2060MxQ/144Hz,7999.00,惠普中国京东自营官方旗舰店,1700+条评价
47,10022279841272,宁美 i7 9700升10700F/P620/16G设计3D渲染摄影后期电脑主机组装电脑DIY组装机 【高配版】i7/P620/16G/512G+1T,5599.00,宁美官方旗舰店,700+条评价
48,10020603421607,惠普（HP）光影精灵6 plus 十代酷睿标压 暗夜暗影6电竞游戏笔记本电脑 旗舰店官网推荐 i7-10750H 1650Ti-4G 高色域 升级版：16G内存 512GPCIE+1T机械,7399.00,惠普宇熙世纪专卖店,1400+条评价
49,43758940925,联想小新15 2021款15.6英寸十一代酷睿i5/i7全面屏轻薄笔记本电脑高性能设计游戏本 i5-1135G7 16G 512G丨MX450 IPS高色域全面屏 浩瀚银,5999.00,联想有点授权专卖店,3万+条评价
50,69051690629,戴尔(DELL)成就3881 酷睿十代i3/i5家用办公台式机商务炒股游戏电脑迷你主机全套win10 单主机（含键盘鼠标） 十代新品i5 8G 1T+128G 2G独显 定制,3829.00,戴尔华行台式机专卖店,2600+条评价
51,10021634291388,攀升 商悦S 23.6英寸一体机电脑（英特尔4核J3160 8G内存 240GSSD WiFi 键鼠 3年上门）办公商用台式主机,1799.00,攀升京东自营官方旗舰店,2万+条评价
52,66602631023,【8核可选】雷神911PRO钛空 轻薄游戏本RTX2060独显 i7-10750笔记本电脑144Hz 100色域i7-10750/2060 16/512,9289.00,Thunderobot雷神旗舰店,1600+条评价
53,72492963962,笔记本电脑轻薄超级本 学生网上课堂电脑 远程办公本 得峰电脑 银色-高清全尺寸-J4105/12G内存 SSD1000G高速固态硬盘+高档蓝牙鼠标套餐,2675.00,得峰旗舰店,6.7万+条评价
54,47669728712,【支持Win7系统】联想商用台式电脑ThinkCentre E74企业办公台式电脑税控主机串口并口 主机+19.5英寸商用显示器 升级版i5-6400 4G 1TB DVD 串并口,4199.00,联想众信商用专卖店,2200+条评价
