﻿,goods_id,goods_name,goods_price,goods_store,goods_commit
0,100014025828,惠普(HP)小欧S01 商务办公台式电脑整机（十代i3-10100 8G 512GSSD Win10 注册五年上门）21.5英寸,3099.00,惠普京东自营官方旗舰店,5.2万+条评价条评价
1,100014047052,"京品电脑	
联想(Lenovo)天逸510S 十代英特尔酷睿i3 台式机电脑整机(i3-10100  8G 1T wifi win10 三年上门)21.5英寸",2899.00,联想京东自营旗舰店,22万+条评价
2,100012920628,"京品电脑	
戴尔(DELL)成就3681英特尔酷睿i3商用办公高性能台式机电脑整机(十代i3-10100 8G 1T 三年上门售后)21.5英寸",2899.00,戴尔京东自营官方旗舰店,15万+条评价
3,100007756375,"京品电脑	
联想(Lenovo)天逸510S 十代英特尔酷睿i5 台式机电脑整机(i5-10400  16G 1T+256G SSD wifi win10 )23英寸",4499.00,联想京东自营旗舰店,22万+条评价
4,100006546527,戴尔DELL灵越5000 14英寸酷睿i5网课学习轻薄笔记本电脑(十代i5-1035G1 8G 512G MX230 2G独显)银,4199.00,戴尔京东自营官方旗舰店,15万+条评价
5,100014047068,"京品电脑	
联想(Lenovo)天逸510S 英特尔酷睿十代i5 台式机电脑整机(i5-10400  8G 1T wifi win10 三年上门)21.5英寸",3699.00,联想京东自营旗舰店,22万+条评价
6,100015691166,惠普（HP）战66 四代 14英寸轻薄笔记本电脑（英特尔酷睿11代i7 16G 512G MX450  高色域 一年上门+意外）,6599.00,惠普京东自营官方旗舰店,7.9万+条评价条评价
7,1238701404,"京品电脑	
武极 i5 10400F/GTX1660/240G/游戏台式直播吃鸡电脑主机DIY组装机",4088.00,武极电脑DIY旗舰店,9.5万+条评价
8,100012920646,硕扬 I5 9400F/860K/GTX1050TI独显/512G游戏台式吃鸡电脑主机/DIY组装机,1879.00,硕扬DIY电脑旗舰店,7.8万+条评价
9,100007062945,硕扬 860K处理器/GTX1050独显/16G内存/游戏办公家用台式电脑主机DIY组装机,1379.00,硕扬DIY电脑旗舰店,9.7万+条评价
10,100012816162,"京品电脑	
戴尔(DELL)成就3681英特尔酷睿i3商用办公高性能台式机电脑整机(十代i3-10100 8G 256G 1T 三年上门)21.5英寸",3199.00,戴尔京东自营官方旗舰店,15万+条评价
11,100014417236,"京品电脑	
戴尔(DELL)成就3681英特尔酷睿i5商用办公高性能台式机电脑整机(十代i5-10400 8G 256G 1T 三年上门)21.5英寸",3999.00,戴尔京东自营官方旗舰店,15万+条评价
12,100015170932,雷神(ThundeRobot)911黑武士三代 水冷游戏台式电脑主机(十代i7-10700 16G GTX1660Super 256+1T三年上门),6299.00,雷神京东自营官方旗舰店,2.1万+条评价
13,1239166056,"京品电脑	
联想(Lenovo)扬天M4000q英特尔酷睿i3 商用办公台式电脑整机(i3-10100 8G 1T 键鼠 串口 4年上门)21.5英寸",2899.00,联想扬天京东自营旗舰店,1.3万+条评价
14,100012920590,联想扬天M3900q商用办公台式电脑整机台式机电脑(A3050U 4G 1TB键鼠 四年上门)19.5英寸,2199.00,联想扬天京东自营旗舰店,1.3万+条评价
15,68703765706,"京品电脑	
武极 i5 9400F/10400F/GTX1650 游戏台式电脑主机DIY组装机",2988.00,武极电脑DIY旗舰店,6.3万+条评价
16,100010409532,"京品电脑	
戴尔(DELL)成就3681英特尔酷睿i5商用办公高性能台式机电脑整机(十代i5-10400 8G 1T 三年上门售后)21.5英寸",3699.00,戴尔京东自营官方旗舰店,15万+条评价
17,100014047034,英特尔酷睿i5/i7/八核/8G独显台式机电脑主机整机全套组装家用游戏电竞 主机+24英寸曲面显示器 配置一：i5升860k+游戏独显+8G+256G,1699.00,世纪之星电脑整机旗舰店,1.5万+条评价
18,100006487373,惠普(HP)星14 青春版 14英寸轻薄窄边框笔记本电脑(R5-3500U 8G 256GSSD FHD IPS)银,3499.00,惠普京东自营官方旗舰店,2.4万+条评价
19,100013479916,硕扬 i5 9400F/10400F/6G独显/32G内存512固态游戏台式吃鸡电脑主机DIY组装机,2579.00,硕扬DIY电脑旗舰店,4.6万+条评价
20,100007539330,"京品电脑	
联想(Lenovo)天逸510S酷睿版英特尔酷睿i3 台式机电脑整机(i3-10100  8G 512G SSD wifi win10 )23英寸",3299.00,联想京东自营旗舰店,9.7万+条评价
21,100013312560,"京品电脑	
联想(Lenovo)小新Pro13高性能轻薄本 英特尔酷睿i5 全面屏学生独显笔记本电脑(i5 16G 512G MX350高色域)银",6299.00,联想京东自营旗舰店,33万+条评价
22,34029344423,"京品电脑	
联想(Lenovo) 来酷 Lecoo一体台式机电脑23英寸(J4105 8G 256G SSD 三年上门）白",2299.00,联想京东自营旗舰店,5.5万+条评价
23,100011386554,"京品电脑	
戴尔DELL灵越5000fit 14英寸英特尔酷睿i5轻薄窄边框笔记本电脑(十代i5-10210U 8G 512G MX250 2G 2年整机)银",4599.00,戴尔京东自营官方旗舰店,"去看二手
							15万+条评价"
24,55229019524,惠普(HP)暗影精灵6 英特尔酷睿i7游戏台式电脑主机(十代i7 16G 256GB SSD+1TB RTX 2060S 8G独显),8299.00,惠普京东自营官方旗舰店,5.8万+条评价
25,1555771170,佐瀚（zuohan）酷睿i5四核/E5系列八核/6G独显台式电脑主机家用商务办公组装电竞游戏电脑整机 套餐一 四核处理器办公主机+24英寸显示器整套,1399.00,淘森电脑专营店,1.3万+条评价
26,100015691164,联想(Lenovo)小新Air14性能版轻薄本 英特尔酷睿i5 全面屏学生独显笔记本电脑(i5 16G 512G MX350 高色域)银,5299.00,联想京东自营旗舰店,33万+条评价
27,59641930109,【JD仓配】攀升战神十代i7 10700F/RTX2060/16/512G设计师水冷游戏台式电脑主机,6599.00,攀升官方旗舰店,3600+条评价
28,100009087897,"京品电脑	
武极剑星 i7 10700F/GTX1660Ti 游戏台式吃鸡电脑主机/DIY组装机",5388.00,武极电脑DIY旗舰店,9.8万+条评价
29,48232576610,惠普（HP）战66 四代 14英寸轻薄笔记本电脑（英特尔酷睿11代i5 16G 512G MX450 高色域 一年上门+意外）,5799.00,惠普京东自营官方旗舰店,7.9万+条评价
30,100013273430,战翔酷睿i5 9400F/高配独显吃鸡游戏电竞台式机电脑主机LOL组装家用办公全套整机送24英寸曲屏 套餐一酷睿i5/8G/256G/游戏独显,2399.00,战翔电脑旗舰店,4400+条评价
31,100007233381,联想ThinkBook 14 2021款 酷睿版 英特尔酷睿i5 14英寸轻薄笔记本(i5-1135G7 16G 512G 高色域),4999.00,ThinkPad京东自营旗舰店,6万+条评价
32,100008282629,博仑帅酷睿i3/i5/i7曲面窄边框超薄一体机电脑办公/家用/游戏台式一体式整机 C3高端商务19.1 i5 限量升至8G/240G,1578.00,博仑帅一体机电脑旗舰店,1.2万+条评价
33,100007329765,"京品电脑	
联想(Lenovo)天逸510Pro英特尔酷睿i5个人商务台式机电脑整机(十代i5-10400F 8G 1TB+256G SSD 2G独显)23英寸",4799.00,联想京东自营旗舰店,10万+条评价
34,10020018380102,"京品电脑	
联想ThinkPad E14锐龙版(1TCD)2020新款 轻薄笔记本电脑(7nm 6核R5 16G双通道 512GSSD 双面金属 FHD)",4299.00,ThinkPad京东自营旗舰店,5.2万+条评价
35,63539428440,联想ThinkPad 翼14 Slim（39CD）14英寸轻薄笔记本电脑（i3-10110U 8G 256GSSD FHD）银,3499.00,ThinkPad京东自营旗舰店,4.8万+条评价
36,100014047118,惠普(HP)暗影精灵6 英特尔酷睿i7游戏台式电脑主机(十代i7-10700F 16G 256GBSSD+1TB GTX1660Ti 6G独显),6799.00,惠普京东自营官方旗舰店,5.8万+条评价
37,100014025828,攀升战神水冷十代i5 10400F/RTX2060设计师游戏台式机电脑主机 【十代i5 16G 512G RTX2060】,5599.00,攀升官方旗舰店,1600+条评价
38,100009111469,英特尔酷睿i5办公电脑台式主机家用商用财务设计师炒股电脑DIY英雄联盟吃鸡游戏独显组装台式机整机全套 套餐三（英特尔i5/8G内存/256G固态硬盘,1989.00,奥珀电脑专营店,1100+条评价
39,100015691166,"京品电脑	
联想(Lenovo)天逸510S 英特尔酷睿i5 台式机电脑整机(i5-10400  8G 512G SSD wifi win10 )23英寸",4199.00,联想京东自营旗舰店,9.7万+条评价
40,100009090441,惠普(HP)小欧S01 商务办公台式电脑整机（十代i3-10100 8G 512GSSD Win10 注册五年上门）21.5英寸,3099.00,惠普京东自营官方旗舰店,5.2万+条评价
41,5225346,联想(Lenovo)YOGA 14s 2021款超轻薄商务办公本 英特尔Evo平台14英寸全面屏笔记本电脑(i5-1135G7 16G 512G 2.8K 90Hz高分高刷高色域屏)灰,6199.00,联想京东自营旗舰店,33万+条评价
42,100007238653,惠普（HP）战66 四代 14英寸轻薄笔记本电脑（英特尔酷睿11代i7 16G 512G MX450  高色域 一年上门+意外）,6599.00,惠普京东自营官方旗舰店,7.9万+条评价
43,40808512828,联想ThinkBook 15 2021款 酷睿版 英特尔酷睿i5 15.6英寸轻薄笔记本(i5-1135G7 16G 512G 高色域),4999.00,ThinkPad京东自营旗舰店,3.6万+条评价
44,1505283937,Apple MacBook Air 13.3 | Core i5 8G 128G SSD 笔记本电脑 轻薄本 银色 MQD32CH/A,5499.00,Apple产品京东自营旗舰店,"去看二手
							26万+条评价"
45,68703765707,联想(Lenovo)天逸510S锐龙版 个人商务台式机电脑整机(RYZEN锐龙5-3500U 8G 1TB HDD WiFi Win10 ) 21.5英寸,2899.00,联想京东自营旗舰店,22万+条评价
46,15358207574,京天 新十代酷睿i7 10700F/RTX2060/16G内存 吃鸡游戏台式电脑主机/DIY组装机,5799.00,京天DIY电脑旗舰店,5000+条评价
47,100016086218,航向者 AMD高频/GTX泰坦6G独显/16G内存台式组装电脑主机DIY组装机全套吃鸡游戏企业办公 电脑主机+显示器 套一 (i5级+120G+高清核显),1099.00,航向者组装电脑旗舰店,6.9万+条评价
48,100007236323,武极 十代i7 10700K/RTX 3070 8G/500G游戏台式吃鸡电脑主机DIY组装机,9188.00,武极电脑DIY旗舰店,1.5万+条评价
49,49475225947,英特尔酷睿i5/i7/八核/8G独显台式机电脑主机整机全套组装家用游戏电竞 主机+24英寸曲面显示器 配置二：i5升860k+4G独显+16G+256G,2299.00,世纪之星电脑整机旗舰店,1.5万+条评价
50,59565348724,"京品电脑	
武极 新i7 10700F/华硕RTX2060/16G内存 吃鸡游戏台式电脑主机DIY组装机",5888.00,武极电脑DIY旗舰店,1.2万+条评价
51,12784088654,联想(Lenovo)小新Air15 2021款高性能轻薄本 英特尔酷睿i5  15.6英寸全面屏笔记本电脑 (i5-1135G7 16G 512G 100%sRGB高色域 MX450独显)银,5999.00,联想京东自营旗舰店,33万+条评价
52,100002194864,"京品电脑	
联想(Lenovo)AIO520C 微边框一体台式机电脑23.8英寸(RYZEN锐龙5-4600U 16G 512G SSD 无线键鼠)黑",3999.00,联想京东自营旗舰店,5.5万+条评价
53,100013273402,长城(Great Wall)四核一体机电脑酷睿I3/I5/高配游戏家用办公台式一体式整机 21.5英寸 四核J1900 8G 128G,1688.00,长城电脑自营旗舰店,3100+条评价
54,100012583448,酷耶 i7四核/GTX1080独显8G水冷吃鸡游戏台式机电脑主机组装整机 电脑主机 套餐一（16G/240G/GTX1070 8G),4099.00,酷耶电脑旗舰店,900+条评价
55,100007329771,酷耶(Cooyes) i5 9400F/GTX1060独显/台式机电脑主机整机全套组装家用游戏电竞 套一：酷睿i5+RX550独显电脑主机,1599.00,酷耶电脑旗舰店,6万+条评价
