﻿,goods_id,goods_name,goods_price,goods_store,goods_commit
0,10653201194,航向者i5 9400F升10400/i7 10700/GTX1650吃鸡游戏台式电脑主机DIY组装机 套三/i5 10400F/8G/GTX1650,2999.00,航向者组装电脑旗舰店,1.6万+条评价
1,100015707166,联想ThinkPad E490 14英寸商务手提轻薄游戏办公笔记本电脑 i5-8265u 8G 1T机械+128G固态 独显 @2JCD,4299.00,ThinkPad北京授权专卖店,5100+条评价
2,60993965732,戴尔dell灵越5401微边框高色域台式机一体机电脑家用办公23.8英寸（十一代i5-1135G7 16G 256GSSD+1T ）黑,5399.00,戴尔京东自营官方旗舰店,3.9万+条评价
3,100012583174,华为笔记本MateBook 13 2020款锐龙超薄本全面屏轻薄本超极本商务办公学生手提笔记本电脑 银｜锐龙R5 16G+512G非触屏【现货 MateBook13 标配,4999.00,华为兴汇聚专卖店,1万+条评价
4,31201366337,"京品电脑	
惠普（HP）战66 三代AMD版 14英寸轻薄笔记本电脑（锐龙7nm 六核 R5-4500U 8G 256G 一年上门+意外 2年电池）",3899.00,惠普京东自营官方旗舰店,19万+条评价
5,100007050455,戴尔（DELL） OptiPlex7070MT商用办公台式电脑主机酷睿i7游戏台式机主机3D建模设计 单主机不含显示器 尊享版 I7 16G 1T+256G固态 2G独显,5499.00,戴尔商用瑞华专卖店,4900+条评价
6,100016160494,联想易捷ThinkCentre K70第九代英特尔酷睿i5高性能小机身（i5-9500/8G/128G SSD+1T/无光驱/2G独显/W10 h）,3799.00,联想商用自营旗舰店,800+条评价
7,69858069893,华硕（ASUS）飞行堡垒8 十代酷睿标压 15.6英寸游戏本笔记本电脑 i5-10300H GTX 1650Ti-4G 8G 512G PCIE固态 144Hz刷新率,5999.00,华硕电脑官方旗舰店,4.1万+条评价
8,100012816150,雷神(ThundeRobot)911黑武士三 水冷游戏台式电脑电竞主机（十代i7-10700 16G RTX3070 512GSSD 三年上门 ）,9899.00,雷神京东自营官方旗舰店,2.1万+条评价
9,33950552707,华硕a豆 adolbook13 2020 十代酷睿 13.3英寸高色域全面屏超轻薄全金属笔记本电脑 迷幻海洋套装 100%sRGB高色域 i5-1035G1 16G MX350 512固态,5789.00,adol官方旗舰店,1400+条评价
10,10021319607995,机械师（MACHENIKE）未来战舰 十代水冷游戏台式电脑电竞主机 （i7-10700k 16G 512G+1T RTX2070 Super 8G）,11299.00,机械师京东自营旗舰店,1.2万+条评价
11,69629935419,【高色域高配版】联想小新Air15 2021款 锐龙版 超轻薄笔记本电脑 全面屏 学生办公设计游戏本 八核R7-4800U 16G 512G固态 标配 深空灰色,5588.00,联想华东授权专卖店,3.6万+条评价
12,69208015302,攀升 商睿2代 企业采购/办公商用/家用游戏娱乐学习 台式机电脑整机 【JD仓配】十代i5 10400/8G/240G |,2499.00,攀升官方旗舰店,500+条评价
13,100014129066,逆世界 四核八核/6G独显吃鸡游戏组装电脑主机DIY独显LOL台式机办公整机/DIY组装机 套餐五：高频四核+GTX1060 3G吃鸡独显,1579.00,逆世界电脑DIY旗舰店,1800+条评价
14,45048963190,联想小新Pro13 2020款锐龙R7轻薄笔记本电脑2.5K高色域R5全面屏超极本女生办公笔记本电脑 标配|8核R7-4800U 16G 512G固态 全金属机身 支持人脸识别,5699.00,联想育新授权专卖店,2.6万+条评价
15,32114127141,华硕锐龙7nm笔记本电脑M5600/M4050/Redolbook商务学生办公轻薄本窄边框便携电脑 14英寸丨黑丨M4050U丨R7-4700U 16G内存丨 512GB固态硬盘,4599.00,华硕智凝专卖店,200+条评价
16,100008698343,方正（ifound） FD1501 商用办公台式机电脑主机（九代赛扬G4930 8G 240GSSD 键鼠 三年上门服务）,1699.00,iFound方正国际电脑京东自营旗舰店,200+条评价
17,69649525246,狄派 Intel四核i3-9100F/AMD八核战机/电竞台式机电脑主机/办公吃鸡游戏组装电脑整机 主机+27英寸2K电竞显示器 套餐一 （AMD八核战机/8G/240G）,1959.00,狄派电脑旗舰店,2.7万+条评价
18,100011817078,神舟战神Z7M/G8系列酷睿标压处理器RTX2060/GTX1650独显全面屏游戏本笔记本电脑 Z7M-CU5升级版/十代i5/16G/512G,5499.00,神舟游戏本专卖店,5.7万+条评价
19,42172682690,惠普(HP)小欧S01商务办公台式电脑主机（十代i7-10700 16G 512SSD UMA Win10 注册五年上门）,4999.00,惠普京东自营官方旗舰店,5.2万+条评价
20,100013108778,攀升 战神 AMD三代7nm锐龙R7 3700X 水冷电竞设计师吃鸡游戏台式电脑主机/DIY组装机 锐龙R7 16G 256G RTX2060 单主机,6599.00,攀升官方旗舰店,90+条评价
21,100015624392,华硕(ASUS) 猎鹰V4 23.8英寸商用办公学习一体机电脑(酷睿i3 4G内存 512GSSD 全高清 上门售后)黑,3699.00,华硕京东自营官方旗舰店,7700+条评价
22,10021165327911,戴尔（DELL）OptiPlex 7070MT I7商用办公台式机整机设计电脑游戏主机7060MT 27英寸旋转升降全高清屏/DP/P2719H 定制：i7/32G/256G/1T/4G独显,8299.00,戴尔商用雷泰龙专卖店,2800+条评价
23,100009107823,联想(Lenovo)扬天M6610d 英特尔酷睿九代i5六核商务家用网课办公台式电脑整机 23英寸IPS全高清屏 定制 i5-9400/8G/1T+128G固态,4999.00,联想扬天京东自营授权旗舰店,200+条评价
24,10021713150887,"京品电脑	
惠普(HP)暗影精灵6超神版 游戏台式电脑主机(十代i7-10700K 16G 512GSSD+1TB RTX2080Super 8G 水冷 全侧透)",15999.00,惠普京东自营官方旗舰店,5.8万+条评价
25,71592489337,"京品电脑	
VAIO FH14 侍14 11代酷睿14英寸 1.4Kg 4G独显 高性能轻薄笔记本电脑(i7 16G 512G SSD GTX1650Ti FHD)斑斓黑",8799.00,VAIO京东自营旗舰店,600+条评价
26,100008983823,华硕a豆 adolbook13 2020 十代酷睿 13.3英寸全面屏超轻薄全金属笔记本电脑 i5-1035G1 16G 512固态 迷幻海洋,5789.00,华硕电脑京东自营官方旗舰店,700+条评价
27,100015628514,宏碁(Acer) 暗影骑士·威N50-N98游戏台式机 吃鸡游戏电脑主机(十代i7-10700 16G 512G SSD RTX2060Super 8G),8499.00,宏碁京东自营旗舰店,1.1万+条评价
28,71692943480,苹果（Apple）ipad2019/2020新款第8代10.2英寸air2更新版平板电脑 WiFi版 2020款 深空灰色 128G ( 官 方 标 配 ),3109.00,APPLE翔合专卖店,18万+条评价
29,100008909843,2020新款华为MateBook D14/15轻薄本全面屏商务办公学生设计手提超薄笔记本电脑 D14银六核R5-4500U 16G 512G标配,4788.00,华为康特专卖店,4700+条评价
30,10021713150869,惠普(HP)战66 微边框商用一体台式机电脑23.8英寸(RYZEN锐龙R5-4500U 8G 512GSSD  Win10 Office 三年上门),3499.00,惠普京东自营官方旗舰店,1.4万+条评价
31,100013023558,2020锐龙新款联想小新15 高性能便携超轻薄办公大学生游戏本大屏15.6英寸笔记本电脑6核12线程 R7-4800U 16G 512G |推荐高色域 IPS超高清屏 带背光键盘 银色,5699.00,联想德信专卖店,1.3万+条评价
32,67692424578,"京品电脑	
惠普(HP)暗影精灵6 15.6英寸游戏笔记本电脑(i7-10870H 16G 1TSSD RTX2070MxQ 8G独显 144Hz)",9999.00,惠普（HP）OMEN暗影精灵京东自营旗舰店,7.8万+条评价
33,100012094880,武极星冠 十代英特尔酷睿i5 10400游戏台式机电脑主机组装电脑 十代i5 GTX1660S 16G 480G,4899.00,武极电脑京东自营官方旗舰店,200+条评价
34,11943085270,惠普(HP)暗影精灵6旗舰版 游戏台式电脑主机(十代i7-10700K 32G 512GSSD+1T RTX3080 10G独显 水冷 全侧透),17999.00,惠普京东自营官方旗舰店,5.8万+条评价
35,18725682558,苹果（Apple）ipad2019/2020新款第8代10.2英寸air2更新版平板电脑 WiFi版 2020款 金色 128G ( 官 方 标 配 ),3109.00,APPLE翔合专卖店,18万+条评价
36,100012178248,联想(Lenovo)小新15 2020锐龙版 全面屏办公轻薄笔记本电脑(8核R7-4800U 16G 512G 100%sRGB 高色域)银,4999.00,联想京东自营旗舰店,8.7万+条评价
37,71470830114,华为荣耀笔记本电脑MagicBook 14英寸/15英寸2020款轻薄本家用商务高清屏 【14英寸SE】R5-3500U 16G 512G,4688.00,荣耀京诚专卖店,5600+条评价
38,68628594387,海尔（Haier）逸3000S 14英寸轻薄窄边框笔记本电脑金属轻薄本( 英特尔双核 8G 256G SSD 1080P Win10),2599.00,海尔电脑京东自营旗舰店,1.8万+条评价
39,100015624404,戴尔（DELL）灵越5493/5593 燃5000 手提轻薄超极本商务办公网课学生游戏笔记本电脑 酷炫银|14.0英寸|i5-1035G1|2G独显 8G内存 512GPCI-E纯固态硬盘 定制版,4099.00,戴尔华宏创天专卖店,3万+条评价
40,10021043999625,"京品电脑	
联想小新Air14/15 2020锐龙版(全新7nm)八核超轻薄笔记本电脑 学生本商务设计游戏轻薄本 精选【R5 4600U 16G内存 256固态】灰",4699.00,联想航电授权专卖店,1.9万+条评价
41,57773460021,"京品电脑	
联想( Lenovo )M10 PLUS平板电脑10.3英寸全高清 4G+64GB 支持学生模式 德国莱茵护眼pad 网课平板 WIFI",1299.00,联想京东自营旗舰店,4.9万+条评价
42,8770193,小米RedmiBook 16 增强版MX350独显高性能超轻薄笔记本电脑全面屏全金属红米办公学生游戏 【10纳米】i5-1035G1 16G 512固态 荣耀灰 100%sRGB广色域高清屏,4899.00,小米官方授权专卖店,3500+条评价
43,100007010709,华为笔记本MateBook D 14 15高性能全面屏锐龙轻薄本超极本学生商务办公手提笔记本电脑 银|D14 R5 16+512G集显【锐龙7nm】 标配  预装Win10+Office软件,4899.00,笔吧官方旗舰店,4800+条评价
44,71846341561,VAIO FH14 侍14 11代酷睿 14英寸 1.4Kg 4G独显 高性能轻薄笔记本电脑(i5 16G 512G SSD GTX1650 FHD)斑斓黑,6999.00,VAIO京东自营旗舰店,600+条评价
45,52593158784,联想小新Air14 荣耀银 轻薄笔记本电脑全面屏学生pr office办公游戏手提笔记本 标配【i5-1035G1 16G内存+512固态】 MX350独显 银色全面屏背光键盘指纹解锁,5349.00,联想有点授权专卖店,9900+条评价
46,63792027558,联想小新Air14锐龙版2020款R5笔记本电脑超薄本六核超级本R7学生用轻薄女生商务办公游戏超极本 定制【R5-4600U 16G 1TB固态】灰 IPS屏,5299.00,联想率秀图新授权专卖店,4.7万+条评价
47,55971091214,京天 Blitz 303 i3 10100/8G DDR4/240G SSD台式组装电脑/商务办公企业采购/家用定制游戏主机UPC,1999.00,京天（KOTIN）电脑京东自营旗舰店,3400+条评价
48,100012950124,机械师（MACHENIKE）未来战舰II 游戏台式机电脑电竞主机 （十代i7-10700 16G 256G PCIE+1T GTX1660 Super）,6699.00,机械师京东自营旗舰店,1.2万+条评价
49,100014325150,动力远航 一体机电脑 酷睿I3 I5商务办公 超薄高清家用台式整机 21.5英寸 酷睿I3+8G+128G,1399.00,红马台式电脑专营店,100+条评价
50,54260321233,酷耶 十代i5i7/技嘉主板/16G DDR4 吃鸡电竞游戏台式机电脑主机组装整机全套 主机+24英寸曲面显示器 套餐二(i5-9400F/GTX1060独显3G),3698.00,酷耶电脑旗舰店,2700+条评价
51,13822378655,神舟战神ZX6/TX6十代标压i5 GTX1650/1650Ti独显学生手提游戏本笔记本电脑 TX6-CU5DS:十代i5/16G/512G,5377.00,神舟海神专卖店,1.2万+条评价
52,55150815807,"京品电脑	
戴尔（DELL）旗舰店灵越5593/5493 15.6英寸/14英寸网课办公酷睿固态轻薄笔记本电脑 1629|预订i5 8G 512G固态 2G独显",4199.00,戴尔官方旗舰店,2.5万+条评价
53,100007278589,联想(Lenovo)刃7000P 3代锐龙7nm 设计师游戏电脑主机（RYZEN 7_3700x 16G 512G SSD GTX1650super),5799.00,联想京东自营旗舰店,1.7万+条评价
54,35534560100,宏碁(Acer)墨舞EX215 15.6英寸 英特尔酷睿i5办公学习笔记本(i5-1035G1 8G 512GSSD MX330独显 全高清 Win10),3999.00,宏碁商用京东自营旗舰店,9900+条评价
