﻿,goods_id,goods_name,goods_price,goods_store,goods_commit
0,65985966886,"拍拍	
【二手95新】Apple mac mini 二手苹果主机   办公台式机 商用电脑 迷你游戏小主机 【低价超值】MGEN2-i5/2.6G/8G 512G固态硬盘",3081.00,维世迈二手电脑专营店,1300+条评价
1,53678386260,联想ThinkPad E480 14英寸FHD高分屏轻薄笔记本电脑游戏本 酷睿i5-8250U 【银色】8G 512G固态@4LCD定制 WIN10系统,4199.00,ThinkPad华东授权专卖店,2800+条评价
2,71592452197,华为笔记本MateBook 13/14 2020锐龙版轻薄本2K全面屏商务办公学生超薄手提笔记本电脑 14六核银R5-4600H 16G 512G触屏,5999.00,华为康特专卖店,700+条评价
3,69061755272,戴尔（DELL）笔记本电脑 成就5490/5590/5501 十代酷睿窄边框商务办公学生游戏轻薄本 15.6英寸|i5-10210U|MX250-2G 16G内存/512G 高速固态,4669.00,戴尔京灵笔记本专卖店,200+条评价
4,60110033828,苹果（Apple）2020新款MacBook Air 13.3英寸超轻薄学生办公手提笔记本电脑 国行 Macbook air 13.3英寸【商务灰】 【2020款】i3/8GB/256G/视网膜显示屏,7688.00,苹果百桔专卖店,3200+条评价
5,67664942023,华为笔记本MateBook X Pro 13.9英寸超轻薄电脑全面屏金属商务办公手提超极本 深空灰|十代i7 16G+512G独显 2020款,9999.00,华为新通路专卖店,1200+条评价
6,10020073971581,华为笔记本 MateBook 13 2020款 13英寸超薄本触控屏手提电脑轻薄本超极本 银｜十代i7 16G 512G 独显 触屏版 官方标配,7598.00,科族数码专营店,1800+条评价
7,69624058844,联想拯救者Y7000 15.6英寸2020款酷睿i5/i7高色域电竞屏学生设计师吃鸡游戏笔记本电脑 升级 i5 16G 256G+1T 1650Ti,7499.00,联想爱特家专卖店,800+条评价
8,72328076789,新品华硕(ASUS) VivoBook15s 15.6英寸轻薄笔记本电脑 酷睿十代 商务办公学习电脑 15.6银 十代i7-1065G7 MX330 12G 512G 定制,5899.00,华硕汉腾专卖店,1100+条评价
9,66470867907,【现货速发】华硕（ASUS）顽石6代 14英寸轻薄本便携商务办公笔记本电脑学生上网游戏本Y4200 太空灰i5-8265U/MX110-2G独显 8G内存+256G高速固态,3899.00,茂双笔记本旗舰店,1700+条评价
10,10020462934488,【现货】华为笔记本MateBook14 2020款2K触控屏14英寸超轻薄本超极本全面屏商务办公电脑 【新品】灰丨R5-4600H 16G+512G触屏,5899.00,华为桑核专卖店,1400+条评价
11,64601238858,联想ThinkPad E14 十代酷睿 14英寸商务办公轻薄手提游戏笔记本电脑 i5-10210U 哈曼卡顿杜比音效  FHD高清屏 16G内存 1T+256G双硬盘@01CD定制升级,5199.00,ThinkPad成都授权专卖店,300+条评价
12,57935232873,联想 ThinkPad T14笔记本电脑 14英寸酷睿十代四核高端商务轻薄办公IBM手提 i7-10510U 16G+1T 升级08CD,11399.00,ThinkPad东南授权专卖店,2800+条评价
13,53750966105,华为笔记本MateBook X Pro 13.9英寸超轻薄电脑全面屏金属商务办公手提超极本 深空灰|十代i5 16G+512G独显 2020款,8999.00,华为新通路专卖店,1200+条评价
14,100007353333,联想小新15性能版 精选15.6英寸大屏十代酷睿四核设计师3D作图学生游戏超轻薄手提笔记本电脑 深空灰｜i5-1035G1/8G/512G固态 MX350高性能独显 带office,5199.00,联想众信授权专卖店,2800+条评价
15,56365143229,ROG冰刃4新锐 十代8核英特尔酷睿i7 15.6英寸液金导热240Hz轻薄游戏笔记本电脑(i7-10875H 16G 1T RTX2060),14979.00,玩家国度ROG京东自营官方旗舰店,1600+条评价
16,62764268650,ThinkPad 联想T590 手提笔记本电脑 15.6英寸轻薄便携商务办公IBM I7-8565U 16G 512G @0HCD升级,9299.00,ThinkPad东南授权专卖店,900+条评价
17,68317584585,【王源代言】联想ThinkBook 15商务办公15.6英寸女生轻薄游戏本ThinkPad笔记本电脑 十代i7 8G 512G固态+1TB@3QCD定制 FHD高清屏 2G独显 背光键盘 指纹Win1,5999.00,ThinkPad福建授权专卖店,2200+条评价
18,11288875043,七喜（HEDY）悦祺 台式电脑单主机 家用商务办公台式机主机（套餐一支持XP系统） 单主机 套餐一：X4-845/8G/256G/支持XP,1699.00,七喜电脑旗舰店,100+条评价
19,63834328252,联想小新Air14锐龙版 14英寸超轻薄窄边框全面屏增强版超轻薄笔记本电脑商务办公手提上网本 R3-4300U四核 8G 256G固态｜标配 win10 附带office,4099.00,联想众信授权专卖店,3000+条评价
20,100009230442,戴尔（DELL）成就Vostro5000十代CPU多种配置套餐可选家用办公游戏设计高性能台式电脑主机 18N8R十代i5 256G+1T  GT730  官方标配,4299.00,戴尔官方旗舰店,100+条评价
21,34147116781,雷蛇(Razer)灵刃潜行版 水银 13.3英寸轻薄窄边框笔记本电脑（i7-1065G7 16G 256G SSD 100%sRGB IPS 雷电3 全面接口 PD充电 人脸识别),8499.00,雷蛇电脑京东自营旗舰店,400+条评价
22,10020073971578,联想拯救者Y7000 2020款15.6英寸高色域游戏笔记本电脑p酷睿十代i7i5标压处理器 十代i5 16G 512G RTX2060 定制 GDDR6 4G电竞显卡,7399.00,联想西南授权专卖店,1.4万+条评价
23,68486130400,联想拯救者Y7000 15.6英寸2020款酷睿i5/i7高色域电竞屏学生设计师吃鸡游戏笔记本电脑 官配 i5 16G 512G固态 1650Ti,7299.00,联想爱特家专卖店,800+条评价
24,100006773567,惠普（HP）战66四代 轻薄笔记本电脑 商用办公超薄游戏惠普笔记本 新款i5-1135G7 MX450独显 高色域14 8G内存 512G PCI-E固态【高速款】标配,5999.00,惠普宇泰专卖店,1300+条评价
25,67678188003,"京品电脑	
雷神(ThundeRobot) 911Air星战三代炫彩版 15.6英寸游戏笔记本电脑 (十代i7-10750H 8G 256GSSD+1T GTX1650)",6299.00,雷神京东自营官方旗舰店,1.1万+条评价
26,26398220261,笔记本电脑 15.6英寸国民本 商务办公手提电脑超轻薄学生网课游戏红米荣耀灰 定制【酷睿i5-16G 1T+512G固态】 GDDR5 2G独显 预装Office办公软件,4399.00,小米官方授权专卖店,4600+条评价
27,72371469103,神舟战神ZX6/TX6-CU5DA 十代六核i5 GTX1650/1050独显手提游戏本笔记本电脑 K670T-高配版/I5-10400/8G/512,4399.00,神舟游戏本专卖店,1.7万+条评价
28,61213015511,苹果（Apple）新款iMac 27英寸一体机台式机电脑 20款 27英寸 低配,13188.00,APPLE翔合专卖店,700+条评价
29,17878484598,华硕(ASUS) VivoBook15s 英特尔酷睿i5 新版15.6英寸轻薄笔记本电脑 14英寸银丨i5-1035G1丨MX330-2G 8G/512G固态 套餐一,4299.00,华硕智凝专卖店,500+条评价
30,65626295808,宁美 i7 10700/RTX2070S/16G台式电脑主机/组装电脑/游戏电脑/DIY主机,7699.00,宁美官方旗舰店,800+条评价
31,1800147868,【王源代言】联想ThinkBook 轻薄商务办公笔记本电脑 十代酷睿i5/i7 ThinkBook 14-0CCD i5-10210U 双内存  16G内存 512G固态硬盘 配置升级,4788.00,ThinkPad成都授权专卖店,1100+条评价
32,71415345437,联想ThinkPad E14（3BCD）十代英特尔酷睿i7 14英寸轻薄便携商务办公ibm笔记本电脑 i7-10510U 16G内存 512G固态硬盘 FHD高清屏 office  定制,6399.00,ThinkPad华南授权专卖店,900+条评价
33,69784072366,惠普（HP）光影精灵6plus 暗影暗夜精灵5游戏手提笔记本电脑15.6英寸光影暗影精灵6pro升级 i5-10200H 1650-4G 高清屏MAX 16G内存 512G PCIE纯固态 标配,6299.00,惠普华辉专卖店,1.6万+条评价
34,100006740569,速佳宜：i9 10900KF/华硕Z490/RTX3080电竞水冷吃鸡游戏台式电脑主机DIY组装机 i9 10900KF/16G/2070 8G,9388.00,速佳宜组装电脑旗舰店,50+条评价
35,62564554855,微星(msi)冲锋坦克2 Pro GP75 17.3英寸游戏笔记本电脑(十代i7 16G 512G SSD RTX2060 144Hz 赛睿),9499.00,微星游戏本京东自营官方旗舰店,7300+条评价
36,66886194904,华为平板电脑MatePad Pro 10.8英寸二合一平板电脑无线快充可选全网通4G通话5G平板 8G+256G WiFi版 夜阑灰 官方标配,3999.00,科族数码专营店,1.2万+条评价
37,57704809417,戴尔(DELL)灵越AIO 3280一体机台式电脑21.5英寸办公家用窄边框IPS大屏网课商务台式机 英特尔5405U 8G 512G固态 定制,2999.00,戴尔华行台式机专卖店,1800+条评价
38,69828509083,惠普(HP)光影精灵6 15.6英寸游戏笔记本电脑 暗夜暗影电竞自营推荐【2021款十代标压新品】 i5-10200H GTX1650-4G 8G 512G PCIE【玩家推荐】,5899.00,惠普中成德胜专卖店,1.1万+条评价
39,70049702074,小米笔记本RedmiBook 13英寸 超轻薄学习全面屏超轻薄二代新款游戏移动办公小米笔记本电脑 独显版 I7/8G/512G/MX250 银,4489.00,小米大联大专卖店,800+条评价
40,55157346113,联想小新Pro13 2020锐龙版 2.5K高色域全面屏 超轻薄笔记本电脑 八核R7-4800U 16G内存 512G固态 标配 13.3英寸 QHD超清屏 【低蓝光护眼无闪烁】,5999.00,联想华东授权专卖店,5500+条评价
41,62591299897,机械师F117 17.3英寸144Hz全面屏游戏本十代i7-10870H/RTX2060笔记本电脑 竞速版i7/32G/512G PCIE固态+1TB,10469.00,MACHENIKE机械师旗舰店,3800+条评价
42,100013469288,联想笔记本ThinkBook 13s 13.3英寸轻薄便携商务办公娱乐手提学生游戏笔记本电脑 （CECD）八代i7 2G独显 高色域 8G内存 512G固态【标配】,5399.00,ThinkPad广东授权专卖店,1300+条评价
43,64683616063,微星(msi)强袭2 GE66 15.6英寸游戏笔记本电脑(十代i9-10980HK 16G 1TB SSD RTX2070 Super 240Hz电竞屏),16999.00,微星游戏本京东自营官方旗舰店,3100+条评价
44,100009186364,华硕(ASUS) VivoBook15s 英特尔酷睿i5 新版15.6英寸轻薄笔记本电脑 15.6英寸丨i7-1065G7丨MX330-2G 8G/512G固态 套餐一,5399.00,华硕智凝专卖店,500+条评价
45,10021985415112,微软Surface Pro 7 二合一平板 轻薄本 亮铂金 | 12.3英寸触屏 i3 4G+128G | 2.7K 3:2生产力 高色域 人脸识别 | 文档阅读 网课学习 商务办公,5788.00,微软京东自营官方旗舰店,"去看二手
							5.7万+条评价"
46,32841992544,雷神 911星战Plus2代17.3英寸144Hz全面屏RTX2060独显十代i5游戏笔记本电脑 升级-16G/512G+1T/RTX2060,8299.00,ThundeRobot雷神游戏本旗舰店,200+条评价
47,72328076788,戴尔（DELL）笔记本电脑 成就5490/5590/5501 十代酷睿窄边框商务办公学生游戏轻薄本 15.6英寸|i5-10210U|MX250-2G 8G内存/512G 高速固态,4869.00,戴尔京灵笔记本专卖店,200+条评价
48,10022716143117,神舟战神ZX6/TX6-CU5DA 十代六核i5 GTX1650/1050独显手提游戏本笔记本电脑 K670T-G4升级 16G/512G/MX350,3788.00,神舟常青专卖店,1万+条评价
49,30736476998,14英寸轻薄本便携商务办公笔记本电脑学生上网游戏本Y4200 星空灰i5-8265U/MX110-2G独显 12G内存+512高速固态【设计师推荐】,4289.00,茂双笔记本旗舰店,1700+条评价
50,68424202660,小米15.6英寸Ruby国民本 红米办公手提电脑超轻薄MX110独显学生网课游戏笔记本电脑带摄像头 定制【酷睿 i5 16G内存 512G固态 2G】,3898.00,小米瑞通专卖店,100+条评价
51,28976069411,神舟战神K670T-A2   MX350/GTX1050独显15.6英寸商务办公学生游戏本笔记本电脑 K670T-G6高配版16+512G/十代六核i5,4288.00,神舟大本航专卖店,1500+条评价
52,100002019561,攀升迁跃者D&英特尔联名款 144Hz全面屏游戏本酷睿i7六核GTX1660Ti独显吃鸡笔记本电脑 标压i7-9750H 16G 1TB 1660Ti,7099.00,攀升官方旗舰店,80+条评价
53,52934146213,惠普（HP）星14青春版 小欧14s 超薄便携本游戏本办公本14英寸手提游戏 笔记本电脑【学生精选】 星空银【R3-3250】 配置二 8G/256G固态【推荐】,3499.00,惠普赞晓专卖店,600+条评价
54,67615414700,京天 Duel D78 AMD R7 3700X/GTX1660S/500G SSD/16G DDR4内存/台式组装电脑/吃鸡游戏主机UPC,5899.00,京天（KOTIN）电脑京东自营旗舰店,1000+条评价
55,52213101123,宏碁（acer）宏基笔记本电脑15.6英寸暗影骑士·擎高色域高性能学生吃鸡游戏本商务办公游戏本 I5 10300H 1650TI 144HZ 8G内存+512G固态  精英定制版,6999.00,宏碁蓝星专卖店,1400+条评价
56,70149772922,toposh 14英寸酷睿i7高配笔记本电脑金属轻薄本便携手提电脑商务办公学生上网游戏本 酷睿i7/16G内存/512G固态/粉色,3599.00,toposh笔记本旗舰店,100+条评价
57,71548119820,邪手水冷 i7 10700F/直播吃鸡台式电脑游戏主机DIY组装机 豪华配置二：微星RTX2070S/水冷,7999.00,邪手MOD水冷电脑旗舰店,400+条评价
