﻿,goods_id,goods_name,goods_price,goods_store,goods_commit
0,100015896416,京天 ROG99 i9 10900K/华硕RTX3090 24G/ROG M12H/32G/2T/龙神360水冷/游戏台式组装电脑吃鸡主机UPC,36999.00,京天（KOTIN）电脑京东自营旗舰店,2500+条评价
1,100008734997,七彩虹（Colorful）ProMaster H1 RTX Studio设计师台式电脑（十代i7-10700 RTX 3080 10G 64G 1T+2T）,16999.00,七彩虹京东自营旗舰店,30+条评价
2,71624605448,华硕M5050 2020新品 15.6英寸轻薄笔记本电脑学生办公手提 冰晶银 锐龙3050 8G 256G固态 预装Office,3299.00,华硕恩荣专卖店,1100+条评价
3,41359393335,惠普（HP）光影精灵6plus 暗影暗夜精灵5游戏手提笔记本电脑15.6英寸光影暗影精灵6pro升级 i5-10200H 1650Ti-4G高色域MAX 16G内存 512G PCIE纯固态 标配,6599.00,惠普华辉专卖店,1.6万+条评价
4,71685671028,戴尔（DELL）成就3881 台式机电脑主机商用办公设计制图家用炒股网课 单主机（无显示器） i5-10400 8G 1T+256G 集显 定制,3749.00,戴尔新通路专卖店,800+条评价
5,67267383650,【8核可选】雷神911PRO钛空 轻薄游戏本RTX2060独显 i7-10750笔记本电脑144Hz i7-10750H/2060 16/512固态,8589.00,Thunderobot雷神旗舰店,1600+条评价
6,52578635181,联想 ThinkPad X1 Carbon 14英寸超轻薄旗舰商务办公游戏笔记本电脑自营同款 I5-8265U 8G 256G FHD@1YCD,7686.00,ThinkPad华东授权专卖店,700+条评价条评价
7,56112143154,联想ThinkPad T490s（0SCD）14英寸轻薄商务办公手提笔记本电脑i5-8265u 8G内存 32G傲腾 512G固态 Win10,6999.00,ThinkPad北京授权专卖店,300+条评价条评价
8,100006208305,七喜(HEDY) 悦祺H30 高性能 商用办公台式电脑主机（奔腾G5420 8G DDR4 256G SSD 商务键鼠）,1749.00,七喜京东自营旗舰店,1.3万+条评价条评价
9,10021939514736,联想ThinkPad T14 锐龙版 2020新款AMD 14英寸轻薄便携商务办公游戏设计笔记本电脑 04CD（八核R7-4750U 16G 512G 指纹锁 FHD高分屏 WIFI6网卡）标配,6499.00,ThinkPad重庆授权专卖店,200+条评价
10,100015233958,京天 猎龙者Z99 i9 10900K/RTX3090/Z490/32G DDR4/1T固态台式组装电脑水冷游戏主机UPC,25999.00,京天（KOTIN）电脑京东自营旗舰店,2500+条评价条评价
11,100015586792,惠普(HP)暗影精灵6 plus 17.3英寸游戏笔记本电脑(i7-10870H 16G 1TSSD RTX2080Super 8G独显 300Hz),17499.00,惠普（HP）OMEN暗影精灵京东自营旗舰店,7.8万+条评价
12,70952135346,ROG 光刃G35 10代英特尔酷睿 水冷侧透电竞游戏台式电脑主机 星空黑 i7-10700KF 2070S 16G 1T机械 1TB固态,14999.00,玩家国度ROG官方旗舰店,80+条评价条评价
13,49441347104,惠普（HP）星14青春版超薄微窄边框轻薄笔记本商务学生AMD锐龙R7八核电脑 星空银：R5 3500U 高清屏【15.6英寸】 8G/512G固态,4099.00,惠普蓝星专卖店,9300+条评价
14,43904697175,【新品11代酷睿】惠普（HP）旗舰店 星14 青春版14/13英寸超轻薄学生游戏笔记本电脑 【i5-1135G7】11代酷睿--14.0青春版 16G 512G SSD【热款规格】,4899.00,惠普授权旗舰店,8800+条评价条评价
15,69652331766,海尔（haier）逸14 14英寸商务办公轻薄笔记本（intel十代 8G 256G win10) 14英寸【5205U 8G 256G】,2499.00,海尔电脑官方自营旗舰店,600+条评价条评价
16,100009996736,微软 Surface Laptop 3 轻薄本 典雅黑 13.5英寸 | i7 16G+256G G7显卡 | 2.2K触屏 高色域 3:2生产力 | 金属掌托 | CNC铣削一体成型,11988.00,微软京东自营官方旗舰店,1.4万+条评价条评价
17,100009645476,戴尔DELL XPS13-7390 13.4英寸超轻薄触控翻转2合1轻奢笔记本电脑( i7-1065G7 16G 512G 高色域)黑,14999.00,戴尔京东自营官方旗舰店,"去看二手
							1.1万+条评价"
18,10023935686138,长城(Great Wall) 一体机电脑 四核商务办公游戏家用酷睿i3/i5台式整机 23.8英寸 酷睿i5 8G 512G,2799.00,长城电脑硕展专卖店,300+条评价条评价
19,58640919279,宁美国度 i5 10600KF/RTX2060 电脑主机游戏超频华硕主板组装电脑/DIY台式机,5999.00,宁美官方旗舰店,1400+条评价
20,71727020627,华为笔记本电脑 MateBook 14英寸 2020新款2K全面屏多屏协同超轻薄商务办公学生手提本 20款灰｜R5-4600H/16G/512固态触屏,5899.00,华为新通路专卖店,6500+条评价条评价
21,10023321648652,联想小新Pad平板电脑 年度旗舰新品 Tab P11 影音娱乐 办公学习 安卓Pad 小新Pad 11英寸【6G+128G】 官方标配WIFI版,1499.00,银思朗平板专营店,1500+条评价
22,27588865361,戴尔（DELL）Latitude 智锐3510 15.6英寸笔记本电脑 轻薄商务办公学生家用手提电脑 定制 ：5205U 8G 1T 256G,3069.00,戴尔商用地升专卖店,3300+条评价
23,100015718454,宁美-魂-异形i7 10700F/微星RTX3070/华硕TUFB460M/三星970 500G/幻光戟16G/漫威联名款/台式DIY组装电脑UPC,9599.00,宁美国度京东自营旗舰店,100+条评价条评价
24,10020137301574,2020新款华为MateBook D14/15轻薄本全面屏商务办公学生设计手提超薄笔记本电脑 D14银独显i7 16G 512G 原装包鼠,6999.00,华为康特专卖店,4700+条评价
25,30112562888,苹果（Apple） MacBook Air 13.3英寸轻薄办公笔记本电脑 17款 128G+拎包套餐,5328.00,APPLE翔合专卖店,2.3万+条评价条评价
26,40036123554,YEPO 15.6英寸 笔记本电脑 手提电脑 笔记本电脑轻薄 游戏商务办公笔记本 轻薄本 学生网课 J4105四核 8G内存 128G固态,1498.00,YEPO电脑旗舰店,1万+条评价条评价
27,72479029435,攀升 战神水冷 AMD三代锐龙R5 3600设计师吃鸡游戏台式电脑主机/DIY组装机 锐龙R5 16G 512G RTX2060,5599.00,攀升官方旗舰店,100+条评价条评价
28,10021720149531,APPLE苹果ipad2019/2020新款10.2英寸8代平板电脑air2更新版7代 2020款金色 32G WLAN版【官方标配】,2499.00,科族数码专营店,27万+条评价
29,69607622670,苹果（Apple）2020款 MacBook Air 13.3英寸超轻薄学生办公手提笔记本电脑 国行 【2020款】MacBook Air【商务灰】 【旗舰版】十代i5/8G/256G/视网膜屏,8088.00,苹果百桔专卖店,700+条评价
30,34899276839,联想拯救者Y7000 2020款15.6英寸高色域游戏笔记本电脑p专业电竞本酷睿i7-10750H 16G 1TB固态 GTX1650电竞显卡 定制,8099.00,联想西南授权专卖店,5700+条评价
31,30646311741,小米红米笔记本电脑RedmiBook 16 16.1英寸轻薄本超薄手提超极本商务办公学生 灰|i7十代+16G+512G+MX350独显 官方标配,5499.00,千百回电脑专营店,1900+条评价
32,100006208305,联想拯救者Y7000 15.6英寸2020十代酷睿i5/i7高色域游戏本p 学生设计师吃鸡笔记本电脑 精选【i7-10750H 8G 256G固态】 GTX1650 4G电竞显卡,7499.00,联想航电授权专卖店,4.6万+条评价
33,68629944926,七喜(HEDY) 悦祺H30 高性能 商用办公台式电脑主机（奔腾G5420 8G DDR4 256G SSD 商务键鼠）,1749.00,七喜京东自营旗舰店,1.3万+条评价
34,100015233958,华为笔记本MateBook 14 2020款超薄本全面屏超极本轻薄本学生商务办公手提笔记本电脑 灰｜十代i5 16G 512G 独显触屏版【现货】 标配  预装Win10+Office软件,6588.00,笔吧官方旗舰店,2200+条评价
35,70952135346,京天 猎龙者Z99 i9 10900K/RTX3090/Z490/32G DDR4/1T固态台式组装电脑水冷游戏主机UPC,25999.00,京天（KOTIN）电脑京东自营旗舰店,2500+条评价
36,58988195459,ROG 光刃G35 10代英特尔酷睿 水冷侧透电竞游戏台式电脑主机 星空黑 i7-10700KF 2070S 16G 1T机械 1TB固态,14999.00,玩家国度ROG官方旗舰店,80+条评价
37,43904697175,华为荣耀MagicBook Pro 16.1英寸全面屏超薄本轻薄本笔记本电脑超极本学生游戏办公手提 银丨锐龙R7-3750H 8G 512G W版,4899.00,金博盛笔记本专营店,9200+条评价
38,69652331766,【新品11代酷睿】惠普（HP）旗舰店 星14 青春版14/13英寸超轻薄学生游戏笔记本电脑 【i5-1135G7】11代酷睿--14.0青春版 16G 512G SSD【热款规格】,4899.00,惠普授权旗舰店,8800+条评价
39,100009996736,海尔（haier）逸14 14英寸商务办公轻薄笔记本（intel十代 8G 256G win10) 14英寸【5205U 8G 256G】,2499.00,海尔电脑官方自营旗舰店,600+条评价
40,100006773617,微软 Surface Laptop 3 轻薄本 典雅黑 13.5英寸 | i7 16G+256G G7显卡 | 2.2K触屏 高色域 3:2生产力 | 金属掌托 | CNC铣削一体成型,11988.00,微软京东自营官方旗舰店,1.4万+条评价
41,71688861272,雷神(ThundeRobot) 新911MP伪装者 17.3英寸游戏笔记本电脑(十代八核i7-10875H 16G 256G+1T RTX2060 144Hz),9299.00,雷神京东自营官方旗舰店,2万+条评价
42,10023935686138,苹果（Apple） Macbook pro 13.3英寸笔记本电脑 商务灰【视网膜屏】 【2020款】八代i5/8G/256G,9658.00,疆界旗舰店,300+条评价
43,72328076785,长城(Great Wall) 一体机电脑 四核商务办公游戏家用酷睿i3/i5台式整机 23.8英寸 酷睿i5 8G 512G,2799.00,长城电脑硕展专卖店,300+条评价
44,53185443252,【现货速发】华硕（ASUS）顽石6代 14英寸轻薄本便携商务办公笔记本电脑学生上网游戏本Y4200 星空灰i5-8265U/MX110-2G独显 8G内存+256G高速固态,3899.00,茂双笔记本旗舰店,1700+条评价
45,100011498118,戴尔（DELL）灵越7590/7500 15.6英寸酷睿高能合金本固态全高清轻薄笔记本电脑 i7-9750H GTX1650 4G独显 16G/512G固态 定制,7899.00,戴尔卓越专卖店,1900+条评价
46,100015718454,"京品电脑	
戴尔(DELL)灵越AIO 5491 微边框 高色域 一体机台式电脑 23.8英寸(十代i7-10510U 8G 512GSSD 2G独显)银",6599.00,戴尔京东自营官方旗舰店,3.9万+条评价
47,71727020627,宁美-魂-异形i7 10700F/微星RTX3070/华硕TUFB460M/三星970 500G/幻光戟16G/漫威联名款/台式DIY组装电脑UPC,9599.00,宁美国度京东自营旗舰店,100+条评价
48,30112562888,华为笔记本电脑 MateBook 14英寸 2020新款2K全面屏多屏协同超轻薄商务办公学生手提本 20款灰｜R5-4600H/16G/512固态触屏,5899.00,华为新通路专卖店,6500+条评价
49,40036123554,苹果（Apple） MacBook Air 13.3英寸轻薄办公笔记本电脑 17款 128G+拎包套餐,5328.00,APPLE翔合专卖店,2.3万+条评价
50,52578635181,YEPO 15.6英寸 笔记本电脑 手提电脑 笔记本电脑轻薄 游戏商务办公笔记本 轻薄本 学生网课 J4105四核 8G内存 128G固态,1498.00,YEPO电脑旗舰店,1万+条评价
51,56112143154,联想 ThinkPad X1 Carbon 14英寸超轻薄旗舰商务办公游戏笔记本电脑自营同款 I5-8265U 8G 256G FHD@1YCD,7686.00,ThinkPad华东授权专卖店,700+条评价
52,10358311745,联想ThinkPad T490s（0SCD）14英寸轻薄商务办公手提笔记本电脑i5-8265u 8G内存 32G傲腾 512G固态 Win10,6999.00,ThinkPad北京授权专卖店,300+条评价
53,10021221745961,"京品电脑	
武极 i7 10700K/RTX3080-10G/游戏水冷直播台式吃鸡电脑主机DIY组装机",13589.00,武极电脑DIY旗舰店,5900+条评价
54,60090120654,武极i7 10700K/RTX 3070升3080/3090游戏台式电脑主机DIY组装机 配置一丨i7 10700K+RTX 3070,10499.00,武极电脑DIY旗舰店,800+条评价
55,10023355325456,宏硕 酷睿i5四核/i5 9400F六核/台式机电脑主机家用游戏办公组装电脑整机全套 1650游戏独显主机+24曲面显示器,2999.00,宏硕电脑旗舰店,6200+条评价
56,72075066467,联想（Lenovo）AIO 520C 微边框高性能办公家用一体机 台式电脑23.8英寸 8核R7_4800U 16G 512G固态 黑色,4499.00,联想京东自营官方旗舰店,800+条评价
57,10022073725900,华为笔记本电脑MateBook D14 14英寸锐龙版全新7nm全面护眼屏 商务办公学习轻薄本超极本 银｜R5-16GB-512GB  官方标配,4799.00,科族数码专营店,300+条评价
58,72479029435,联想小新Air15 2021高色域锐龙版R5全面屏金属轻薄笔记本电脑R7商务办公本学生办公设计游戏本 六核R5-4600U 16G 512G固态|标配 100%高色域,5499.00,联想育新授权专卖店,3400+条评价
