﻿,goods_id,goods_name,goods_price,goods_store,goods_commit
0,51464058112,戴尔（DELL） OptiPlex7070MT商用办公绘图设计3D渲染建模主机酷睿游戏台式机电脑 九代I7 32G 1T+256G固态 GTX1660 6G独显【专业渲染】,7588.00,戴尔商用瑞华专卖店,6500+条评价
1,100010079898,Apple 2019款 MacBook Pro 16九代i7 16G 512G 银色 RP 5300M显卡 笔记本电脑 轻薄本 MVVL2CH/A,18099.00,Apple产品京东自营旗舰店,"去看二手
							10万+条评价"
2,100006757348,小米Air 12.5英寸 网课 学习 全金属超轻薄(英特尔酷睿M3-8100Y 4G 256G 全高清屏) 游戏 金 手提 笔记本电脑,3699.00,小米京东自营旗舰店,6.1万+条评价
3,70933679117,【支持win7专业版/旗舰版】联想启天m2300台式机电脑商用办公税控台式电脑带串并口兼容税控打印机 定制：j3060 4g 500g+128固态双硬盘 主机+19.5英寸显示...,2599.00,联想汇通台式机授权专卖店,100+条评价
4,10021769521244,戴尔(DELL)新品游匣G5 15.6英寸酷睿十代标压固态电竞游戏笔记本电脑 2646十代i5 16G 512G 1650Ti +99元加购戴尔原厂包鼠套装,6198.00,戴尔官方旗舰店,4800+条评价
5,100011316000,海尔（Haier）天越D57 商用办公台式电脑主机(新九代I5-9400 8G 1TB 有线键鼠 正版Win10 三年上门),2799.00,海尔电脑京东自营旗舰店,7200+条评价
6,100008704861,Apple iPad Air 10.9英寸 平板电脑（ 2020年新款 64G WLAN版/A14芯片/触控ID/全面屏MYFR2CH/A）绿色,4799.00,Apple产品京东自营旗舰店,1.7万+条评价
7,25120895412,联想ThinkPad E15 15.6英寸大屏商务游戏笔记本电脑0PCD定制十代i5 8G 256G,5199.00,ThinkPad重庆授权专卖店,1700+条评价
8,100008717129,"京品电脑	
雷神(ThundeRobot)911黑武士三水冷游戏台式电脑电竞主机(十代i9-10850K 32G RTX3080 1T+4T 三年上门)",18999.00,雷神京东自营官方旗舰店,2.1万+条评价
9,54099396044,宏华 i7四核八线程/GTX1650S 4G独显英雄联盟吃鸡游戏台式组装电脑主机整机全套 显示器+主机 配置一I7四核八线程+hd7570 4G独显,1468.00,宏华组装电脑旗舰店,8700+条评价
10,14496797469,联想小新15 2020锐龙版轻薄本 全面屏大学生办公游戏娱乐笔记本电脑 6核12线程R5-4600U 16G 512G固态,5199.00,联想有点授权专卖店,3.9万+条评价
11,10020348450996,【指纹解锁】笔记本电脑游戏本酷睿i7轻便手提窄边框15.6英寸澳典大学生超薄本学习商务办公轻薄本 酷睿i7  16G内存  1TB固态,3898.00,澳典笔记本旗舰店,3.3万+条评价
12,100016057882,联想(Lenovo)AIO逸 微边框网课一体台式机电脑23.8英寸(十代i3-10110U 8G 512G SSD 无线键鼠)黑,3999.00,联想京东自营旗舰店,5.5万+条评价
13,71486119259,【6秒开机】酷睿i7窄边框超级本 智能驼15.6英寸全金属外壳轻薄游戏学生办公商务IPS屏笔记本电脑 【英特尔N4100】8G+128G固态,1699.00,智能驼数码旗舰店,700+条评价
14,100007909885,神舟（HASEE）新瑞X20-10180S5W 商用办公台式电脑主机 (i3-10100 8G 512GSSD 内置wifi win10),2488.00,神舟电脑京东自营旗舰店,8000+条评价
15,10022950267080,联想（Lenovo）小新Air14 2021款 14英寸全面屏超轻薄笔记本电脑 i5-1135G7 16G 512G MX450 100%sRGB高色域 鼠标套装,5746.00,联想京东自营官方旗舰店,400+条评价
16,10023315404166,【2021款】联想YOGA14S锐龙R7标压八核14英寸2.8K超清轻薄笔记本电脑学生办公设计游戏本 R7_4800H标压八核 16G 512G 标配 90Hz高色域屏 深空灰,6599.00,联想西南授权专卖店,3500+条评价
17,100008186357,华为笔记本电脑 MateBook X 2020款 13英寸 十代酷睿i7 16G+512G 扩展坞套装/3K触控全面屏/轻薄本 星际蓝,10499.00,华为京东自营官方旗舰店,4200+条评价
18,64945730502,联想小新Pro13 2020新款酷睿十代i5/i7超轻薄笔记本电脑 独显全面屏高色域超极本手提办公本 i5-10210U 16G 512G固态 /沐雨银 MX350-2G独立显卡 100％sRGB高色,6299.00,联想电脑授权专卖店,1.8万+条评价
19,53110874014,宏碁(Acer) 台式电脑游戏办公主机宏基暗影骑士N50 i5-9400/i5-10400F吃鸡电脑 Intel酷睿i5/GTX1650 4G独显 定制：8G内存 1T+256GSSD,3999.00,宏碁北京伟达信恒专卖店,500+条评价
20,100009063333,联想(lenovo)M5900d丨E76A丨M2300商用办公台式电脑整机带串口并口支持win7系统 定制丨英特尔J3060 4G内存 1T大硬盘 W7 主机+19.5英寸显示器,2399.00,联想扬天华东授权专卖店,600+条评价
21,100004405041,【教育优惠】Apple 2020新款 MacBook Air 13.3十代i3 8G 256G SSD 银色 笔记本电脑 轻薄本 MWTK2CH/A,7199.00,Apple产品京东自营旗舰店,200+条评价
22,29699752611,华为平板 M6 8.4英寸 高能版 影音娱乐平板电脑6GB+128GB WiFi（幻影蓝）,2499.00,华为京东自营官方旗舰店,"去看二手
							34万+条评价"
23,70261782614,联想（Lenovo）拯救者刃7000 2020吃鸡游戏设计家用台式电脑电竞主机十代I5-10400F 定制8G 1T+256G GTX1650S-4G 主机+23.0IPS屏,6099.00,联想同诚台式机授权专卖店,1800+条评价
24,65398635442,联想（Lenovo）小新15 2020六核锐龙版15.6英寸大屏高性能轻薄商务办公游戏手提笔记本电脑 八核丨R7-4800U 16G 512G 高配版 IPS全高清屏  深邃银,5589.00,联想汇汉授权专卖店,2800+条评价
25,100013207552,华为荣耀笔记本电脑MagicBook 14 笔记本电脑全面屏14英寸超轻薄便携学生商务办公超极本 14SE款R5-3500U/16G/512G固态  冰河银 win10系统,4399.00,洁创数码专营店,2400+条评价
26,10022125838966,戴尔(DELL)成就5880商用办公高性能台式机电脑整机(十代i7 16G 256G 2T GTX1660Ti 6G 四年上门),8999.00,戴尔京东自营官方旗舰店,2.3万+条评价
27,100013755422,"拍拍	
【二手9成新】联想电脑台式机英特尔酷睿i5商务办公家用学习二手台式机8G内存固态硬盘GTX960显卡",1799.00,发烧DIY 二手电脑专营店,3200+条评价
28,67542470763,十代酷睿i7超轻薄独显游戏办公小清新学生手提笔记本电脑 i7-1065G7 20G内存 1T+512G固态 MX350 2G独显 全高清屏 星空灰 精装升级,6969.00,联想佳运汇通专卖店,5200+条评价
29,100013712550,华硕(ASUS) VivoBook15 X 2020版 15.6英寸轻薄笔记本电脑(i5-10210U 8G 32G傲腾增强版512GSSD 2G独显)红,5899.00,华硕京东自营官方旗舰店,4.4万+条评价
30,46140264306,"京品电脑	
小米RedmiBook 14英寸增强版笔记本电脑 第十代酷睿全金属超轻薄红米游戏商务办公手提学生女生 i7-10510U 8G 512G固态+小米手环 MX250 2G独显 Office办公软件",4599.00,小米官方授权专卖店,3200+条评价
31,10023609757851,联想（Lenovo）威6 Pro 英特尔酷睿 i5 14英寸轻薄窄边框笔记本电脑(i5 8G 512GSSD R540X 2G独显 一键登录)淡雅灰,4499.00,联想扬天京东自营旗舰店,4.5万+条评价
32,50583296690,联想拯救者Y7000P 2020专业电竞游戏笔记本电脑r 独显1650Ti 十代i7-10750H 16G内存 1TB固态 钛晶灰 定制 144Hz高色域专业电竞屏,8788.00,联想华东授权专卖店,3.3万+条评价
33,64488009825,战神盟主 十代i5 10400F六核 GTX1060 6G独显 电竞游戏台式机电脑主机组装整机 GTX1060独显6G+24英寸曲屏显示器,4398.00,战神盟主电脑旗舰店,300+条评价
34,100007188713,联想（Lenovo）天逸510pro酷睿十代i5商用商务办公个人家用游戏主机企业采购台式机电脑整机 单主机（无显示器） 标配：I5-10400丨8G内存丨1T硬盘丨核显,3499.00,联想华辉台式机授权专卖店,600+条评价
35,10022729395457,笔记本电脑轻薄超级本 学生网上课堂电脑 远程办公本 得峰电脑 银白色-超窄边框Intel-J3455/8G内存 力荐SSD256G高速固态硬盘,1879.00,得峰旗舰店,6.7万+条评价
36,58988195460,七喜(HEDY) 悦祺H30 商用办公 台式电脑整机 ( AMD A10-9700 8G 256G SSD 送商务键鼠 三年质保 ) 21.5英寸,1949.00,七喜京东自营旗舰店,1.3万+条评价
37,43542137965,2020新款宏碁acer暗影骑士-擎15.6英寸手提学生电竞吃鸡游戏笔记本电脑新十代-i5标压 2020/A715/威武骑士60HZ/i5 8G内存512G固态1650TI显卡标配版,6099.00,acer商融专卖店,50+条评价
38,66880658910,联想(Lenovo)威6 2020款英特尔十代酷睿i5 14英寸商务办公窄边框学生轻薄手提笔记本电脑 定制 i5-1035G1/16G/1T+512G 2G独显 IPS全高清屏 星空灰,5469.00,联想扬天京东自营授权旗舰店,700+条评价
39,65956898418,华为荣耀MagicBook Pro 16.1英寸全面屏超薄本轻薄本笔记本电脑超极本学生游戏办公手提 20款 SE R5-3550H 16G 512G,4588.00,金博盛笔记本专营店,9200+条评价
40,100009298525,英特尔酷睿i5办公电脑台式主机家用商用财务设计师炒股电脑英雄联盟吃鸡游戏独显组装台式机整机全套 电脑主机+24英寸曲面显示器 i5-9400F/双硬盘/GTX...,4199.00,狄派电脑旗舰店,7000+条评价
41,100004051725,雷神（ThundeRobot）911黑武士 吃鸡游戏台式机电脑主机做图设计编程165Hz曲面屏显示器 27英寸+水冷i5-10400/2060-6G独显 16GB内存 256GB NVMe+1TB机械,7999.00,雷神汇智云端专卖店,1100+条评价
42,24206428716,【十代酷睿i7】联想ThinkPad E14 2020新品 14英寸 轻薄商务办公手提笔记本电脑 店长推荐：十代i5 8G 1T+256G@2ECD  十代处理器 Win10 全面高清屏,4899.00,ThinkPad广东授权专卖店,1400+条评价
43,72492963941,【教育优惠版 】Apple iPad Air10.9英寸平板电脑（ 2020年新款 64GWLAN版/A14芯片 / MYFM2CH/A)深空灰色,4399.00,Apple产品京东自营旗舰店,1100+条评价
44,100013675364,戴尔DELL灵越AIO7790英特尔酷睿i5微边框高色域一体机台式电脑 27英寸(i5-10210U 8G 256GSSD 1T 2G独显)银,6799.00,戴尔京东自营官方旗舰店,3.9万+条评价
45,100016012962,华为荣耀笔记本电脑MagicBook 14/15英寸超薄本轻薄本学生商务办公手提笔记本电脑 15英寸R5-3500U 16G 512G,4599.00,金博盛笔记本专营店,3.5万+条评价
46,10021812309059,联想(Lenovo)威6 2020款第十代酷睿i5 14英寸商务办公窄边框学生轻薄游戏手提笔记本电脑 标配 i5-1035G1 8G 512G固态 2G独显 IPS全高清屏 星空灰,4899.00,联想扬天京东自营授权旗舰店,30+条评价
47,10023365907329,笔记本电脑轻薄超级本 学生网上课堂电脑 远程办公本 得峰电脑 全尺寸键盘Intel-J4105/12G内存 SSD256G高速固态高档蓝牙鼠标套餐,1939.00,得峰旗舰店,6.7万+条评价
48,70973195893,微星 MSI 海皇戟 迷你游戏台式电脑电竞主机极地白（十代i5-10400F 16G RTX2060Super 1T大固态)三年上门,8888.00,微星京东自营旗舰店,1600+条评价
49,100014226562,【教育优惠】Apple 2020新款 MacBook Air 13.3十代i3 8G 256G SSD 深空灰 笔记本电脑 轻薄本 MWTJ2CH/A,7199.00,Apple产品京东自营旗舰店,200+条评价
50,65460080483,联想ThinkPad P15V 2020新款绘图设计师专用 3D建模渲染专业移动图形工作站笔记本电脑 i7-10750H 8G 512G高清丨04CD 升配：16G内存 2TB SSD固态硬盘,10799.00,ThinkPad福建授权专卖店,300+条评价
51,67085879191,【酷睿i7 指纹解锁】酷耶 15.6英寸 笔记本电脑 游戏本 轻薄本 商务本 轻便手提家用办公 酷睿i7 6650U/8G/256G 6秒开机,3199.00,cooyes笔记本官方旗舰店,1万+条评价
52,70384276112,联想小新14性能版 2020款十代酷睿i5全面屏超轻薄办公设计高性能手提笔记本电脑 银色i5-1035G1 16G 1TB固态丨升级 MX350独显 含office,6299.00,联想众信授权专卖店,4000+条评价
53,52732210015,AOC AIO大师926 23.8英寸高清办公一体机台式电脑(十代i3-10100 8G 512GSSD 旋转升降支架 支持壁挂 WiFi),3699.00,AOC电脑京东自营旗舰店,11万+条评价
54,1500640462,华为MateBook D 14/15 超薄笔记本电脑办公学生游戏商务本手提电脑 D15｜银i5-10210U/16G/512G独显  带Win10系统/office办公软件,5799.00,华为肆玖专卖店,7600+条评价
