﻿,goods_id,goods_name,goods_price,goods_store,goods_commit
0,10022760890203,戴尔（DELL）灵越游匣 新G3/G5 5500 15.6英寸窄边框轻薄标压游戏本手提笔记本电脑 新G3|十代标压i5|GTX1650|120Hz 畅玩版 8G内存 512GPCI-E固态,5399.00,戴尔华宏创天专卖店,2.9万+条评价
1,40714298200,戴尔（DELL）成就3671 商用办公 台式电脑主机 家用游戏整机支持win7 四核i3-9100 主机+21.5英寸SE2218HV显示器 【热卖版】8G内存 256G纯固态 定制,3199.00,戴尔康特台式机专卖店,1000+条评价
2,11943085280,戴尔（DELL）灵越5493/5593 燃5000 手提轻薄超极本商务办公网课学生游戏笔记本电脑 酷炫银|15.6英寸|i5-1035G1|2G独显 8G内存 256GPCI-E固态+1T机械 定制版,4099.00,戴尔华宏创天专卖店,3万+条评价
3,1384915466,硕扬 i7 9700F/i5 9400F/GTX1050TI 4G/游戏电脑主机/DIY组装机 配置二 i5 9400F+1050TI 4GD5,3599.00,硕扬DIY电脑旗舰店,1500+条评价
4,68695474572,华为笔记本MateBook D 14 15 全面屏超轻薄商务办公手提电脑学生本 D15银｜i7-10510U 16G 512G独显,6777.00,华为德信专卖店,1万+条评价
5,100008164807,外星人ALIENWARE 全新m15 2020版R3 十代英特尔酷睿i7 高端电竞游戏本 15.6英寸144Hz高刷新GTX1660Ti 6G独显 轻薄高配笔记本电脑5723 黑色 现货,12989.00,外星人京东自营旗舰店,3200+条评价
6,69488215232,攀升 i9 10900K/RTX3080电脑DIY组装机台式机水冷吃鸡主机直播电竞游戏机战区整机,14899.00,攀升DIY电脑旗舰店,30+条评价
7,100007139059,"京品电脑	
惠普(HP)暗影精灵6 Air 15.6英寸游戏笔记本电脑(i7-10750H 16G 1TSSD RTX2070SuperMaxQ 8G独显 300Hz)",13499.00,惠普（HP）OMEN暗影精灵京东自营旗舰店,7.8万+条评价
8,35314251325,联想 IdeaPad15s 2020新锐版 超轻薄本 全面屏办公15.6英寸笔记本电脑学生手提本 定制I3-10110U 8G 1T+512G固态 FHD全高清屏 W10 银,3899.00,联想电脑授权专卖店,8.2万+条评价
9,29961635541,戴尔（DELL）灵越7590/7500 15.6英寸酷睿高能合金本固态全高清轻薄笔记本电脑 i7-10750H GTX1650Ti 4G独显 16G/512G固态 定制,9299.00,戴尔卓越专卖店,1900+条评价
10,71091214273,名睿高配水冷I7/32G/GTX1660super吃鸡电竞游戏办公网吧DIY组装台式电脑主机全套 套餐一,1999.00,名睿组装电脑旗舰店,3400+条评价
11,10021169751523,惠普（hp）星14系列【2020新品】十代酷睿窄边框轻薄便携金属超极本学生办公手提笔记本电脑 静谧银：m330独显【金属机身+背光键盘+指纹】 配置一：i...,5569.00,惠普惠购专卖店,6100+条评价
12,31595170139,联想(Lenovo)小新Pro13 2020款全新超轻薄十代酷睿i5/i7高色域独显笔记本电脑 旗舰版:i7-10710U 16G 512固态 银 MX350独显 2.5K超清屏,7499.00,联想华南授权专卖店,6100+条评价
13,65148765338,戴睿2020指纹解锁超轻薄笔记本电脑15.6英寸窄边框全新四核便携手提学生商务办公游戏上网本背光键盘 贵雅红 【套9】 16G+256G+1000G,2858.00,戴睿旗舰店,2.1万+条评价
14,71772659219,2020全新款15.6英寸超薄笔记本电脑便携商务办公轻薄游戏本高清全面屏窄边框学生超极本高速处理器 金属中国红 N4100四核处理器8G+256G固态,1898.00,智能驼数码旗舰店,800+条评价
15,64624315883,动力远航 一体机电脑 酷睿I3 I5商务办公 超薄高清家用台式整机 21.5英寸 酷睿I3+8G+256G,1578.00,动力远航电脑旗舰店,5800+条评价
16,68178671639,联想新品ideapad15s 酷睿I3 轻薄笔记本电脑 商务设计游戏娱乐女生学生网课 双盘：i3-10110U 8G 1T+128G固态 银色,3599.00,联想卓电授权专卖店,1100+条评价
17,10023279651379,华为笔记本MateBook D 14 15 全面屏锐龙版轻薄本超极本学生商务办公笔记本电脑 D14 灰｜R5-16G-512G 集显,5099.00,科族数码专营店,1700+条评价
18,10022666489381,【小新-天空之蓝版】联想小新Pro13 2020款超轻薄十代酷睿i5高色域笔记本电脑 旗舰版：酷睿i5-10210U 16GB 512G MX350-2G 高色域 天空之蓝典藏版,6099.00,国美官方旗舰店,8条评价
19,10021517238558,宁美 GD14 I7-10700K/RTX3080组装电脑/直播吃鸡游戏整机/DIY电脑主机 标准版,15499.00,宁美官方旗舰店,20+条评价
20,13474081809,华硕(ASUS) VivoBook14/15s 酷睿i5/i7 15.6英寸轻薄笔记本电脑商务办公 14英寸冰钻银 i5-1035G1 MX330 配置三 8G/512G PCIE固态+1T机械,4699.00,华硕金硕专卖店,700+条评价
21,10020498579592,PC大佬 i7 10700/F/P2200设计师电脑5G独显机械设计3D建模渲染组装图形台式主机 16G内存 专业作图视频剪辑编辑制作影视后期平面绘图3D,6800.00,PC大佬DIY电脑旗舰店,1600+条评价
22,1223216575,联想ThinkPad P53【1UCD】15.6英寸设计师移动图形工作站笔记本电脑 I7-9750H 4G独显   4K 定制：64G  2TB固态+2TB固态+2T固态,37599.00,ThinkPad上海授权专卖店,10条评价
23,10023115424781,雷诺塔 i7 10700K/RTX2070S SUPER/16G吃鸡游戏台式电脑主机DIY组装机,8199.00,雷诺塔组装电脑旗舰店,2000+条评价
24,14147446959,戴尔（DELL）成就5090 酷睿i7商用办公电脑设计编程制图游戏台式主机3D建模渲染 单主机（含键鼠） i7-9700 8G内存 1T+256G 定制,4499.00,戴尔奥莱台式机专卖店,20+条评价
25,68424143909,华橙 AMD锐龙R5 2600升R7 2700/RX580 8G游戏吃鸡台式电脑主机DIY组装机 套餐五/2700/180G/GTX1070 8G,3799.00,华橙电脑旗舰店,5100+条评价
26,43537908525,戴尔（DELL）灵越7000 魔方13MF 13.3英寸10代轻薄翻转触控二合一笔记本电脑  i7-10510U 8G 512G高速固态 标配,7999.00,戴尔速达专卖店,1900+条评价
27,65529917746,邪手水冷 i5 10400/华硕RTX-2060/16G内存/吃鸡游戏直播台式电脑主机 配置七：光线追踪 单主机（不含显示器）,4899.00,邪手MOD水冷电脑旗舰店,200+条评价
28,1756241677,联想台式机电脑天逸510pro 可装Win7或10游戏LOL商务办公财务美工设计绘图家用网课 定制版 主机 无显示器 锐龙四核R5-2400G 16G 1T机械+256G固态硬盘 2G独显,3998.00,联想网和生台式机专卖店,1200+条评价
29,10021073792583,2020新款 联想笔记本电脑小清新IdeaPad15s 锐龙版轻薄游戏商务办公学生手提本6核12线程 R5-4600U 8G 512G 集成 推荐 FHD全高清屏  精装定制版 银色,4099.00,联想德信专卖店,1400+条评价
30,66292090135,盛凡智尊 i3 9100F升i3 10100F/办公家用台式电脑主机 企业客服平面设计 DIY组装机,1899.00,盛凡智尊DIY电脑旗舰店,8700+条评价
31,10021073792578,戴睿2020指纹解锁超轻薄笔记本电脑15.6英寸窄边框全新四核便携手提学生商务办公游戏上网本背光键盘 幻夜黑 【套9】 16G+256G+1000G,2858.00,戴睿旗舰店,2.1万+条评价
32,42871931889,【GTX1660Ti_6G独显】联想(Lenovo)扬天P680 酷睿九代游戏设计制图台式机电脑主机 主机+23.8英寸液晶  定制：i9-9900 32G2T+512G,11199.00,联想天佑专卖店,1200+条评价
33,71617866156,戴睿2020指纹解锁超轻薄笔记本电脑15.6英寸窄边框全新四核便携手提学生商务办公游戏上网本背光键盘 幻夜黑 【套4】12G内存+256G,2158.00,戴睿旗舰店,2.1万+条评价
34,52526772954,攀升酷睿i5 10400F/RX550/GTX1650办公游戏吃鸡台式电脑主机DIY组装机 配置三 i5 10400F+GTX1650游戏主机,3299.00,攀升DIY电脑旗舰店,900+条评价
35,31369878547,联想ThinkBook 锐龙版 7纳米新技术商务办公学生游戏娱乐ThinkPad新款轻薄笔记本电脑 14s 04CD锐龙R5-4500U 六核处理器 【标配】16G内存512G固态硬盘,4799.00,ThinkPad重庆授权专卖店,300+条评价
36,55528317371,Apple苹果 新款MacBook Pro13.3英寸超薄笔记本电脑支持Air drop 高配 1 T B 灰色+鼠标,14788.00,APPLE翔合专卖店,1万+条评价
37,31595170132,邪手水冷 迷你主机/游戏台式吃鸡电脑主机/DIY组装机 套餐二 R5 2600 RX5500XT,3599.00,邪手MOD水冷电脑旗舰店,900+条评价
38,65966065325,戴尔（DELL）灵越5000 5493/5593 网课办公轻薄固态笔记本电脑 15.6英寸5593 i7-1065G7 4G显卡 16G内存 1T机械+512G PCIe固态 定制,5899.00,戴尔崇云专卖店,700+条评价
39,10020607614225,戴睿2020指纹解锁超轻薄笔记本电脑15.6英寸窄边框全新四核便携手提学生商务办公游戏上网本背光键盘 贵雅红 【套餐2】【限量升级】12G内存+256G固态...,1858.00,戴睿旗舰店,2.1万+条评价
40,59055829727,戴尔（DELL）旗舰级 Opt7080MT 十代i9-10900K台式电脑主机游戏设计3D渲染建模 i9-10900K丨RTX5000 16G渲染建模 64G内存 4T机械+2TB M.2固态 定制,31399.00,戴尔商用华东专卖店,40+条评价
41,10021716587192,【全新英特尔十代】海鲅笔记本电脑轻薄本超级本手提电脑商务办公学生上网课小新游戏本 十代J4105 8G内存 256G固态,2499.00,海鲅官方旗舰店,600+条评价
42,10021470569147,华为笔记本 MateBook 14 2020款 14英寸超薄本商务办公手提电脑轻薄本超极本 灰｜触屏i5/16G/512G独显+原装包鼠 标配,7299.00,华为肆玖专卖店,2600+条评价
43,58245018533,惠普（HP）星14青春版 14英寸轻薄便携 超轻薄金属商务办公学生游戏手提笔记本电脑 星14青春版【星空银-锐龙版R5】 套餐一 8G/PCI-E 256G【推荐】,3948.00,惠普赞晓专卖店,1.3万+条评价
44,67440996368,联想(Lenovo)扬天V330-A4系列 14英寸 流畅办公家用影音笔记本电脑 标配：A4-9125 4G内存 128G固态  2G独显 Win10H,2599.00,国美官方旗舰店,200+条评价
45,100008704857,昂福镭仕15.6英寸笔记本电脑超薄本独显i5/i7可选商务游戏本窄边框高清影音学习办公手提商用轻薄本 酷睿i5 8G内存+120G固态硬盘,2496.00,昂福镭仕电脑专营店,1500+条评价
46,46133264870,华为荣耀笔记本电脑MagicBook 14/15英寸超薄本轻薄本学生商务办公手提笔记本电脑 SE 14英寸 R5+16G+512G,4799.00,金博盛笔记本专营店,3.5万+条评价
47,10022368083659,Apple iPad Air 10.9英寸 平板电脑（ 2020年新款 64G WLAN版/A14芯片/触控ID/全面屏MYFP2CH/A）玫瑰金色,4799.00,Apple产品京东自营旗舰店,1.7万+条评价
48,25361143557,联想新品ideapad15s 酷睿I3 轻薄笔记本电脑 商务设计游戏娱乐女生学生网课 旗舰：i3-10110U 20G内存+512G固态 银色,3899.00,联想卓电授权专卖店,1100+条评价
49,65666339077,华硕(ASUS) 天选 15.6英寸游戏笔记本电脑144Hz电竞屏学生办公设计娱乐吃鸡飞行堡垒8 钛空灰 R7-4800H 1660Ti-6G独显 配置一 8G内存/512G固态,6969.00,华硕金硕专卖店,1200+条评价
50,72065806666,戴尔（DELL）灵越5493/5593/5000 2020新款学生游戏商务办公轻薄家用手提笔记本电脑 轻薄大屏【R7/锐龙】15.6英寸银 升级版 16G内存/512G固态/1T机械,4499.00,戴尔阳光雨尉专卖店,1.2万+条评价
51,68467927049,联想（Lenovo) AIO520X Max一体机全面屏家用台式电脑商用办公设计游戏台式机十代酷睿 定制I7-10700T 32G 2T+1TB固态 GTX1650-4G独显 27英寸 灰色,12999.00,联想同诚台式机授权专卖店,500+条评价
52,67000933539,惠普(HP)暗影精灵5 九代标压暗夜暗影精灵6 15.6英寸3D专业绘图电竞吃鸡游戏手提笔记本电脑 光影6：i5-:10200H/GTX1650-4G 16G内存/512G固态硬盘,5899.00,惠普宇熙世纪专卖店,30+条评价
53,70786371040,惠普（HP）星系列15/14青春版 新十一代四核处理器轻薄窄边框笔记本电脑高性能预售中 i5-1135G7 UMA 银 青春版 旗舰版：16G内存 1T固态【提速优选】,4899.00,惠普汇通专卖店,600+条评价
54,30495239103,惠普（HP）光影精灵6 plus 暗影精灵5游戏本学生吃鸡电竞本15.6英寸独显笔记本电脑 I7-10750H 1650TI-4G 72色域 主推版16G内存512G SSD 定制,6699.00,惠普康特专卖店,2300+条评价
55,100010231984,华为笔记本MateBook 14 2020款 轻薄本2K触控全面屏商务办公学生超薄笔记本电脑 银｜十代i7 16G+512G MX350 触控屏,7899.00,华为康特专卖店,3100+条评价
56,27738102352,笔记本电脑 14英寸手提金属超极本轻薄便携商务办公学生电脑本 荣耀银 新十代酷睿i3-1005G1【核显】 【学生版推荐】 8G内存/256G固态,2999.00,戴尔阳光雨尉专卖店,1100+条评价
57,54839479365,中柏（Jumper） 8英寸2G+64G四核IPS1920*1200二合一win10平板电脑EZpadmini8,779.00,中柏平板京东自营旗舰店,2400+条评价
