﻿,goods_id,goods_name,goods_price,goods_store,goods_commit
0,70195837836,联想(Lenovo)IdeaPad14s酷睿i3轻薄学生商务办公笔记本电脑手提 标配：i3-10110 8G 512G固态 窄边国民本FHD,3579.00,联想昌盛授权专卖店,600+条评价
1,10023474137804,酷耶 十代i5i7/技嘉主板/16G DDR4 吃鸡电竞游戏台式机电脑主机组装整机全套 主机+27英寸曲面显示器 套餐四(i5-10400F+1660S独显6G),5198.00,酷耶电脑旗舰店,2600+条评价
2,71992827222,苹果（Apple）2020新款MacBook Air 13.3英寸超轻薄学生办公手提笔记本电脑 国行 Macbook air 13.3英寸【金属银】 【2020款】i7/8GB/512G/视网膜显示屏,10388.00,苹果百桔专卖店,3200+条评价
3,21235096375,联想S540 英特尔酷睿i7 14英寸超轻薄窄边框独显手提设计师商务办公游戏学生笔记本电脑 i7-8565U 32G内存 512G固态 2G独显 指纹识别 星空灰 精装升级,6099.00,联想佳运汇通专卖店,800+条评价
4,69943295627,Apple苹果 新款MacBook Pro13.3英寸超薄笔记本电脑支持Air drop 标配 256G 银色+鼠标,9788.00,APPLE翔合专卖店,7600+条评价
5,62401506675,技嘉 i5 10400F/GTX1660super/RTX 2060/S台式电脑游戏主机DIY组装机 配置一i5 10400F/16G/GTX1660S,4899.00,技嘉旗舰店,100+条评价
6,10022106902261,戴尔（DELL） OptiPlex7060MT  办公台式电脑主机商用六核i7游戏台式机整机企业采购 主机+21.5英寸全高清虑蓝光显示器 定制 i7-8700 16G 512G固态 集显,6399.00,戴尔蓝之新专卖店,2200+条评价
7,62563234534,2020新款 酷睿i7轻薄本 锐龙R5R7游戏本可选15.6英寸笔记本电脑 商务办公超薄本 昂福镭仕 LOL:Ryezn R5 8G内存+256G固态,3588.00,昂福镭仕电脑专营店,2000+条评价
8,10023727391282,华为MateBook D 14/15 超薄笔记本电脑办公学生游戏商务本手提电脑 D15｜银R7-4700U/16G/512G/集显  带Win10系统/office办公软件,5499.00,华为肆玖专卖店,7600+条评价
9,1475853785,联想ThinkPad X395 13.3英寸轻薄商务笔记本电脑 100%全色域 锐龙PRO R7-3700U 8G 512G固态（0YCD） FHD/指纹识别/Office/Win10,4588.00,ThinkPad上海授权专卖店,900+条评价
10,71649320630,微星（MSI）【十代海皇戟X】RTX3070-3080超电竞级3A游戏主播迷你台式定制电脑主机 i9-10900K/RTX3090-24G-狂热版 定制八：64G内存+2TB固态+4TB机械,31288.00,竞竹电脑专营店,400+条评价
11,29771226224,典籍（DIANJI） 一体机电脑 酷睿I3/I5/I7/四核独显办公游戏台式电脑整机 21.5英寸/酷睿i5/4G/128G固态,1399.00,鑫石电脑专营店,2.5万+条评价
12,10022229864225,戴尔（DELL）灵越5493燃5000轻薄本酷睿十代i5/i7窄边框商务办公学生笔记本电脑 MX230独显2G银色 四核十代i5-1035G1 16G内存+1T机械+256G固态 定制版,4499.00,戴尔康特专卖店,2500+条评价
13,71847714949,【2020新品】联想（Lenovo）V14 十代酷睿i7超轻薄独显游戏办公小清新学生手提笔记本电脑 i7-1065G7 8G内存 1T+512G固态 MX350 2G独显 全高清屏 星空灰 精装升级,6499.00,联想佳运汇通专卖店,5200+条评价
14,65466349539,联想ThinkPad P15V 十代i5/i7标压高性能编程设计游戏本笔记本电脑移动图形工作站定制为 32G内存 2T高速固态 i7-10750H 4G专业显卡 高清屏丨04CD,11499.00,ThinkPad华北授权专卖店,2300+条评价
15,27115714799,戴尔（DELL）旗舰店 灵越7490/7400 14英寸全面屏超轻薄设计师固态笔记本电脑 7400-1826预订i7 16+1T MX350,9999.00,戴尔官方旗舰店,1800+条评价
16,60972499011,联想启天M428 I7-9700八核RX550-4G独显DVD刻录高性能商用办公定制台式机电脑 主机+23英寸高清显示器 i7-9700 16G 512G高速固态4G独显,7099.00,联想ThinkCentre肇睿专卖店,0条评价
17,71067301888,华为笔记本MateBook 13 2020款锐龙超薄本全面屏轻薄本超极本商务办公学生手提笔记本电脑 银｜锐龙R7 16G+512G非触屏【现货 MateBook13 标配,5788.00,华为兴汇聚专卖店,1万+条评价
18,69624058845,联想笔记本电脑 扬天V110 14英寸 商务办公出差本 轻薄独显学生家用本 定制：A4-9120 8G内存 500G硬盘 2G独显 曜石黑 支持改WIN7,2699.00,联想睿坤专卖店,500+条评价
19,66805722338,Dell/戴尔成就3671 九代英特尔台式机商用办公家用学习财务网课3670电脑整机主机可改win7 主机+21.5英寸显示器 G5420 8G 1TB机械硬盘 集显 定制,2799.00,戴尔华行台式机专卖店,2400+条评价
20,68226802023,惠普（HP）星15进阶版【十一代新品】笔记本电脑 15.6英寸轻薄窄边框高性能学生商务办公本 I5-1035G1 MX330 银色 高清屏 标配版：8G 512G Pcie 固态硬盘,4669.00,惠普惠购专卖店,5600+条评价
21,28404544530,新品华硕(ASUS) VivoBook15s 15.6英寸轻薄笔记本电脑 酷睿十代 商务办公学习电脑 15.6银 十代i7-1065G7 MX330 8G 512G+1T 定制,6099.00,华硕汉腾专卖店,1100+条评价
22,71379602706,APPLE苹果2018款更新款 Mac mini台式电脑 迷你主机 八代i5-8G-512G-NG2,7838.00,科族数码专营店,200+条评价
23,16504745766,华为笔记本MateBook D 14 15 全面屏锐龙版轻薄本超极本学生商务办公笔记本电脑 D14 灰｜i5-16G-512G 独显,5599.00,科族数码专营店,1700+条评价
24,29467374699,戴尔（DELL）燃7000 灵越5493/5490/5590 轻薄超极本商务办公学生手提笔记本电脑 15.6英寸|i5-10210U|MX250-2G 8G内存 512GPCI-E固态+1T机械 定制,4699.00,戴尔华宏创天专卖店,2万+条评价
25,52934146214,戴尔(DELL)灵越5401/5402 Urban14英寸新品酷睿高清全面屏固态影音轻薄笔记本电脑 5401-1628银 十代i5 16G MX330 +99元加购戴尔原厂包鼠套装,5398.00,戴尔官方旗舰店,1800+条评价
26,32264117848,戴尔（DELL）OptiPlex7050MT/7070MT 酷睿i7高性能商用台式机 高端台式电脑 整机（23英寸升降高清屏 DP接口） i7-9700 16G 1T RW HD630集显,5999.00,戴尔商用恒实专卖店,2300+条评价
27,10021069580639,联想拯救者r7000 15.6英寸锐龙R5六核游戏本p 2020办公设计本学生高色域全面屏笔记本电脑 GTX1650Ti 4G独显丨100%sRGB丨 升级丨R5-4600H 16G 1T+512固态,7449.00,联想航电授权专卖店,1.4万+条评价
28,57054979593,宏碁（acer）宏基笔记本电脑15.6英寸暗影骑士·擎高色域高性能学生吃鸡游戏本商务办公游戏本 I5 10300H 1650TI 144HZ 16G内存+512G固态 进阶定制版,7199.00,宏碁蓝星专卖店,1400+条评价
29,54186875509,戴尔台式机 OptiPlex7070MT i7 i9 商用绘图设计3D渲染建模台式机电脑7060升 带27英寸IPS窄边升降旋转显示器(设计) i7丨16G丨1T+256丨GTX1650-4G,7759.00,戴尔商用华东专卖店,4300+条评价
30,72080718548,小米RedmiBook 14英寸二代锐龙版高性能超薄办公游戏红米学生上网手提笔记本电脑荣耀银手机互传 二代【六核】R5-4500U 8G 512G固态,3598.00,小米瑞通专卖店,600+条评价
31,47791913149,联想(Leovo)威6Pro 14英寸高性能酷睿i7轻薄学生游戏商务办公超薄本窄边框手提笔记本电脑 定制i7-8565U/16G/512G固态 IPS 2G独显 全高清屏 星空灰,6299.00,联想扬天京东自营授权旗舰店,100+条评价
32,57118648581,联想（Lenovo）扬天V330 14英寸笔记本电脑娱乐商务影音家用学生手提电脑 高清屏 定制A4-9125 8G 1T+256G固态,2888.00,联想扬天丽邦专卖店,4800+条评价
33,66796531577,惠普(hp)星系列 青春版14/15.6英寸轻薄商务办公游戏十一代酷睿男女学生超薄笔记本电脑预售中 星14青春版【i5-1135g7 uma】 旗舰版：8g内存 512g固态【6倍...,4599.00,惠普汇通专卖店,2800+条评价
34,14192039826,苹果（Apple）2020款 MacBook Air 13.3英寸超轻薄学生办公手提笔记本电脑 国行 【2020款】MacBook Air【金属银】 【顶配版】十代i7/8GB/256GB/视网膜屏,9188.00,苹果百桔专卖店,700+条评价
35,70632957333,惠普（HP）旗舰店星14青春版 轻薄窄边笔记本手提电脑学生商务新锐龙R3/7超极本 锐龙八核R7 16G 512G IPS 14英寸,4999.00,惠普授权旗舰店,1000+条评价
36,57252964664,戴尔（DELL）灵越5493/成就3401 14E窄边框轻薄本 14英寸学生手提办公学习笔记本电脑 十代i5-1035G1 MX230 2G独显 8GB内存 512G PCI-E固态 定制版,4299.00,戴尔速达专卖店,2100+条评价
37,35505702384,机械革命S2/S2 air锐龙新品14英寸i5/i7轻薄本学生游戏商务办公手提便携笔记本电脑 S2Air/锐龙八核标压/R7-4800H/高色域 豪华升级：16G内存/512G固态硬盘,5399.00,机械革命授权专卖店,4900+条评价
38,51859838800,【定制Win7-64位】联想台式机 扬天M4000o商用办公电脑台式整机兼容Win7税控电脑 单主机+19.5英寸显示器 定制:i3-10100 8G 1T 无光驱 W7,3499.00,联想扬天华南授权专卖店,4600+条评价
39,10022358697758,戴尔(DELL)灵越Inspiron 3881 全新酷睿十代高性能游戏独显娱乐办公台式电脑整机 18N8十代i5 8G 256G+1T 1650S 官方标配,4999.00,戴尔官方旗舰店,100+条评价
40,10022366687761,联想小新13 全新十代超轻薄本酷睿高色域笔记本电脑商务办公本学生超极本手提游戏本2020 标配|i7-10510U 8G 512G固态 银 MX350独显 2020款荣耀 72%色域,5399.00,联想育新授权专卖店,4000+条评价
41,10022587262959,华为（HUAWEI） MateBook D 15/14窄边框超轻薄商务办公笔记本电脑 D14 i5-10210U 16G 512G独显银,5588.00,华为兰焜专卖店,3200+条评价
42,10021154572520,【酷睿i7+独显2G游戏本】15.6英寸超轻薄窄边框笔记本电脑吃鸡金属商务办公大学生本便携超级本手提 酷睿i7 + MX130 2G独显 16G内存 512G M.2固态,4189.80,iru旗舰店,1800+条评价
43,47669728705,联想ThinkBook 十代酷睿i5/i7轻薄游戏本 指纹解锁笔记本电脑ThinkPad 15P-01CD(10代i5 GTX1650电竞  16G内存 512GBNVME高速固态）升配,6388.00,ThinkPad华北授权专卖店,4900+条评价
44,70471996302,【多仓发货】现代11.6英寸/12.5英寸笔记本电脑 商务出差办公轻薄本学生学习上网本 【12.5英寸】升级版12G+256G高速固态,1899.00,现代电脑邦驰专卖店,3400+条评价
45,65250810463,联想笔记本电脑 Ideapad14s 2020款小新品14英寸锐龙四核轻薄商务办公学生网课手提超极本 官配 R3-4300U 8G内存 256G固态,3499.00,联想爱特家专卖店,80+条评价
46,69827746711,联想台式机电脑刃7000 定制版主机 无显示器十代i3 4G 1T GTX1660S-6G,8196.00,联想网和生台式机专卖店,3条评价
47,10022562433965,戴尔（DELL）灵越5000 5493/5593独显轻薄超极本办公网课学生游戏笔记本电脑 15.6英寸 十代i5 MX230-2G独显 8G内存 512GPCI-e固态硬盘 定制版,4199.00,戴尔崇云专卖店,2600+条评价
48,10022755733641,微星(msi)绝影2 GS66游戏笔记本电脑十代酷睿15.6英寸高色域电竞屏 固态硬盘 赛睿多彩键盘 i7-10750H/GTX1660Ti/144Hz,10489.00,微星电脑京东自营旗舰店,200+条评价
49,69031606656,【王源代言】联想ThinkBook 15商务办公15.6英寸女生轻薄游戏本ThinkPad笔记本电脑 十代i7 32G 512G固态+1T@3QCD定制 FHD高清屏 2G独显 背光键盘 指纹Win1,7199.00,ThinkPad福建授权专卖店,2200+条评价
50,25647423456,15.6英寸 酷睿i5i7 笔记本电脑 游戏本 轻薄本 超薄本 办公商务上网本 lol 昂福镭仕 四核J4105  8G+256G固态,2088.00,昂福镭仕电脑专营店,1300+条评价
51,70160282911,联想(Lenovo) 威6 2020十代酷睿 14英寸高性能超轻薄笔记本电脑手提商务办公独显游戏本 i7-10510U 16G内存 1T+512G固态 2G独显 全高清屏 银河灰 精装升级,5899.00,联想佳运汇通专卖店,4500+条评价
52,31155959267,戴尔（DELL）成就5880 高性能商用办公台式机电脑 十代英特尔酷睿i5 单主机（无显示器） i5 16G 1T+256G 2G独显 定制,4479.00,戴尔新通路专卖店,100+条评价
53,10021605485043,(可装win7笔记本)联想ThinkPad E490 14英寸酷睿i5轻薄手提电脑i5-8265u  【独显】16G 256G+1T双硬盘2JCD定制 office FHD全高清屏 支持win7,4999.00,ThinkPad华北授权专卖店,2100+条评价
54,26505501140,世纪之星 酷睿i5/i7/i9级八核/GTX1060 6G独显/16G游戏吃鸡办公台式组装电脑整机 电脑主机 配置六：i9级八核/GTX1060 6G/16G,3199.00,世纪之星电脑整机旗舰店,100+条评价
