﻿,goods_id,goods_name,goods_price,goods_store,goods_commit
0,28167165294,戴尔（DELL）成就3671 商用办公 台式机电脑 家用游戏整机 设计制图 （带21.5英寸显示器）集成显卡 i5-9400 8G 1T+128GSSD 定制,4099.00,戴尔康特台式机专卖店,3100+条评价
1,27738102343,戴尔（DELL）燃7000 灵越5493/5490/5590 轻薄超极本商务办公学生手提笔记本电脑 15.6英寸|i5-10210U|MX250-2G 8G内存 512GPCIE固态硬盘 疾速推荐版,4399.00,戴尔华宏创天专卖店,2万+条评价
2,28404544533,戴尔（DELL）燃7000 灵越5493/5490/5590 轻薄超极本商务办公学生手提笔记本电脑 14英寸|十代i7-1065G7|独显MX230 16G内存 512GPCI-E固态+1T机械 定制,5799.00,戴尔华宏创天专卖店,2万+条评价
3,24998468445,联想笔记本V340 15.6英寸2020新款十代酷睿i3学习游戏商务办公女生娱乐轻薄便携笔记本电脑 定制：i3-1005G1 8G 1TB+256G 2G独显 1080P高清屏 指纹识别,3799.00,联想朗通金牌专营店,2.1万+条评价
4,72491280744,华为荣耀笔记本电脑MagicBook 14英寸/15英寸2020款轻薄本家用商务高清屏 【14英寸】R5-3500U 16G 512G银色,4499.00,荣耀京诚专卖店,5600+条评价
5,29699752614,联想（Lenovo）拯救者刃7000 2020吃鸡游戏设计家用台式电脑电竞主机十代I5-10400F 定制16G 1T+256G GTX1650S-4G 主机+23.0IPS屏,6599.00,联想同诚台式机授权专卖店,1800+条评价
6,32769481277,华为MateBook X Pro 2020款 13.9英寸轻薄本笔记本电脑触控屏手提超薄超极本 深空灰｜i7十代/16G/512G 独显【现货】 官方标配,9999.00,华为千百回专卖店,6400+条评价
7,66010629112,惠普（HP）光影精灵6 plus 暗影精灵5游戏本学生吃鸡电竞本15.6英寸独显笔记本电脑 i5十代 GTX1650-4G高清屏  主推版16G内存512G SSD 定制,5689.00,惠普康特专卖店,2400+条评价
8,10020603421606,15.6英寸超轻薄本 高速固态硬盘 笔记本电脑轻薄超级本 学生网上课堂电脑 远程办公本 得峰电脑 银色-高清全尺寸-J4105/12G内存 SSD1000G高速固态硬盘,2399.00,得峰旗舰店,6.7万+条评价
9,100009021901,惠普（HP）战99-E3 15.6英寸 工作站 设计本 笔记本i7-10750H/32G/1T SSD/4G独显/UHD/Win10 Home,10999.00,惠普京东自营官方旗舰店,1.6万+条评价
10,67950954575,联想扬天V340 2020款15.6英寸十代酷睿i3超薄本学生轻薄游戏超极本商务办公手提笔记本电脑 定制 I3-1005G1/8G/512G固态+1T 2G独显 IPS全高清屏 星空灰,4599.00,联想扬天京东自营授权旗舰店,400+条评价
11,10809480990,【现货】华为笔记本MateBook14 2020款2K触控屏14英寸超轻薄本超极本全面屏商务办公电脑 银丨十代 i5 16G+512G MX350 触屏,6999.00,华为桑核专卖店,1400+条评价
12,49306691661,名睿 酷睿 i7/英特尔十二核/GTX1080 8G/32G游戏电脑主机台式吃鸡直播主机DIY组装机,2599.00,名睿组装电脑旗舰店,900+条评价
13,10022106902267,【酷睿i7+独显2G游戏本】15.6英寸超轻薄窄边框笔记本电脑吃鸡金属商务办公大学生本便携超级本手提 酷睿i7 + MX130 2G独显 16G内存/256G M.2固态+1TB机械盘,4388.80,iru旗舰店,1800+条评价
14,100005171369,2020新款 酷睿i7轻薄本 锐龙R5R7游戏本可选15.6英寸笔记本电脑 商务办公超薄本 昂福镭仕 办公/游戏:酷睿i7独 显 16G内存+1000G,4568.00,昂福镭仕电脑专营店,2000+条评价
15,59056890368,神舟(HASEE)精盾U45A2 英特尔酷睿i5-10210U 14英寸72%色域轻薄笔记本电脑(8G 512G PCIeSSD MX250 2G IPS),3999.00,神舟电脑京东自营旗舰店,5.4万+条评价
16,100007206545,华为荣耀MagicBook Pro笔记本电脑16.1英寸全面屏超薄本轻薄便携学生商务办公超极本 【20款14灰色】R5-4500U+16+512,4999.00,荣耀策山专卖店,4900+条评价
17,72272474739,攀升 探险家A4 新I5 10400F六核/RTX 2060 6G/华硕B460/500G SSD/高频8G吃鸡游戏台式DIY组装电脑/京东UPC,5299.00,IPASON攀升电脑京东自营旗舰店,900+条评价
18,10022233606770,机械师F117-V 15.6英寸游戏本十代i7-10750H/GTX1650Ti独显学生笔记本电脑 10代i7/16G/512G PCIE高速固态,7389.00,机械师京东自营官方旗舰店,1700+条评价
19,28167165284,戴尔（DELL）灵越5502/成就5501 15.6英寸高清轻薄全面屏固态笔记本电脑 可选11代酷睿 灵越5502-1828银 i7 16GMX350 官方标配,6499.00,戴尔官方旗舰店,700+条评价
20,10023871613424,戴尔（DELL）成就3671 商用办公 台式机电脑 家用游戏整机 设计制图 单主机/集成显卡 i5-9400 8G 512G固态硬盘 定制,3599.00,戴尔康特台式机专卖店,3100+条评价
21,10023963588207,联想小新Pro13 2020新款酷睿十代i5/i7超轻薄笔记本电脑 独显全面屏高色域超极本手提办公本 旗舰版丨标配i7-10710U 16G 512G蓝 MX350-2G独立显卡 100％sRGB高色,7499.00,联想电脑授权专卖店,1.8万+条评价
22,35922082824,Apple iPad 10.2英寸 平板电脑（ 2020年新款 128G WLAN版/Retina 显示屏/A12仿生芯片 MYLF2CH/A）金色,3099.00,APPLE翔合专卖店,2800+条评价
23,11681062242,惠普HP星14英寸轻薄笔记本电脑 第11代英特尔酷睿/16G/512G SSD/FHD IPS屏 i7-1165G7/MX450 2G独显/月光银,6599.00,惠普中国京东自营官方旗舰店,300+条评价
24,100007940741,APPLE 苹果2020年新款MacBook air笔记本电脑13.3英寸超薄笔记本19年款 银色 【20款】i3/8G/256G官方标配,7188.00,科族数码专营店,6400+条评价
25,100012755170,联想15s笔记本电脑 2020新款十代酷睿i3 15.6英寸大屏幕轻薄学生游戏商务办公本 定制版丨十代酷睿i3 8G 1T+512G固态 FHD高清屏 Win 10丨亮银色,3899.00,联想华南授权专卖店,6100+条评价
26,100010816658,华为平板MatePad 10.8英寸麒麟990 影音娱乐游戏办公学习平板电脑6GB+256GB WIFI（银钻灰）【内置键盘】,3599.00,华为京东自营官方旗舰店,8万+条评价
27,10020868138473,联想ThinkPad E14 Slim(1NCD)英特尔酷睿i5 14英寸轻薄笔记本电脑(i5-10210U 8G 128GSSD+1T RX640独显FHD)黑,5499.00,ThinkPad京东自营旗舰店,4.8万+条评价
28,10022231391159,"京东国际	
VAIO SX14 10代酷睿 14英寸 1Kg 轻薄本 窄边框轻薄商务笔记本电脑（i7-10710U 6核 8G 512G SSD FHD win10专业版）深夜黑",11788.00,VAIO京东自营旗舰店,600+条评价
29,100016046844,惠普（HP）战66 三代AMD版 指纹识别+背光键盘轻薄笔记本电脑 商务精英办公 学生本 全新锐龙 15.6英寸 精装升级版 六核R5-4500U/8G/512G固态/高清屏,4299.00,惠普峻峰专卖店,1.2万+条评价
30,100009153318,戴尔(DELL)灵越5401/5402 Urban14英寸新品酷睿高清全面屏固态影音轻薄笔记本电脑 5402-1828银11代i7 16G MX350 标配,6499.00,戴尔官方旗舰店,1800+条评价
31,100006220599,京天 猎龙者Z98 i9 10900K/RTX3080/Z490/32G DDR4/1T固态台式组装电脑水冷游戏主机UPC,17999.00,京天（KOTIN）电脑京东自营旗舰店,2500+条评价
32,10023353660209,京天 决斗D356 AMD R5 3500X/RX580 8G/8G DDR4/256G游戏电竞吃鸡台式组装DIY电脑主机UPC,3499.00,京天（KOTIN）电脑京东自营旗舰店,2700+条评价
33,100015781942,联想（ThinkPad）E490 14英寸商用轻薄笔记本电脑 I5-8265U/8G/512GSSD/2G独显/Win10/包含鼠标和包,5341.00,,100+条评价
34,66166293305,联想ThinkPad E480 14英寸窄边框商务办公手提笔记本电脑超轻薄本 酷睿八代 【i3】8G 512G固态@3PCD定制,3288.00,ThinkPad华东授权专卖店,1.4万+条评价
35,25361143531,联想ThinkPad P15(07CD)英特尔酷睿i7 15.6英寸专业设计师图站(i7-10750H 16G 1T 广视角 T2000 4G独显3年保),16999.00,,2700+条评价
36,100003439816,华为荣耀笔记本电脑MagicBook pro/14/15全面屏超薄本轻薄本便携学生商务办公本超极本 【20款14SE】R5+8+256+原装包鼠,4199.00,荣耀策山专卖店,1.4万+条评价
37,59646054104,戴尔（DELL）灵越5493/5593/5000 2020新款学生游戏商务办公轻薄家用手提笔记本电脑 轻薄便携【i3/1005G1】14英寸银 推荐版 8G内存/512G 固态硬盘,3499.00,戴尔阳光雨尉专卖店,1.2万+条评价
38,66333282917,京天 Strike 766 I7 10700F/GTX1660S/B460/16G DDR4/500G台式吃鸡游戏组装电脑主机UPC,5999.00,京天（KOTIN）电脑京东自营旗舰店,1000+条评价
39,55223252845,联想ThinkPad E15 05CD AMD锐龙版 15.6英寸轻薄本 办公游戏笔记本电脑 四核 R3-4300U 8G内存 256G固态 升级,3499.00,ThinkPad成都授权专卖店,200+条评价
40,100008895712,华为荣耀笔记本电脑MagicBook14/15 超薄本轻薄本男女学生商务办公猎人游戏本手提电脑pro 16.1英寸 R5-16G-512G-冰河银,4999.00,集洋数码专营店,3300+条评价
41,10020936666892,联想（ThinkCentre）【带并口+串口】E74商用办公税控台式电脑主机兼容WIN7系统电脑  单主机(带原装键鼠/无显示器) 定制G3900 4G 500G W7,2199.00,联想ThinkCentre旗舰店,2300+条评价
42,5386290,联想ThinkPad X1 Carbon（02CD）英特尔酷睿i7 14英寸商务高端笔记本电脑(i7-10710U 16G 512GSSD WQHD)4G版,13999.00,ThinkPad京东自营旗舰店,"去看二手
							6700+条评价"
43,10021474999105,15.6英寸 超簿本 轻薄本 笔记本电脑轻薄 超级本 学生网上课堂 办公 昂福镭仕 办公/LOL: 四核J4105 8G+256G固态,2088.00,昂福镭仕电脑专营店,300+条评价
44,21883232028,联想笔记本电脑E41-25 轻薄笔记本简单入门级 文员财务办公家用手提 E2-9000 8G 500G集成 黑色 定制升级款,2099.00,联想德信专卖店,500+条评价
45,10020489900054,攀升 Elite E17 升i7 10700八核/华硕B460M/240G固态/高频8G/商务键鼠/家用办公游戏组装电脑台式主机UPC,3899.00,IPASON攀升电脑京东自营旗舰店,1.2万+条评价
46,10024040887805,戴尔(DELL)成就5880 台式电脑 商用办公主机 游戏吃鸡设计制图3D建模渲染 十代10700  i7-10700 16G 512G固态+2T RTX-2060S-8G显卡 定制,9099.00,戴尔优显台式机专卖店,2400+条评价
47,100014455850,凯罗天下 十代i5 10400F/i7/华硕/GTX1060吃鸡直播游戏台式办公电脑主机DIY组装机 配置四酷睿i5 10400F/技嘉主板/4G独显,2199.00,凯罗天下DIY电脑旗舰店,9700+条评价
48,100013068398,联想V14 2020款高端性能十代酷睿i3独显窄边框超薄本轻薄学生超极本游戏商务办公手提笔记本电脑 定制 i3-1005G1 20G 512G+1T MX330 2G独显 全高清屏 星空灰,5299.00,联想扬天京东自营授权旗舰店,2200+条评价
49,100013288598,小米RedmiBook 16.1英寸锐龙版全金属超轻薄商务办公游戏红米全新7nm全面屏学生笔记本电脑 六核R5-4500U 16G 512G 高色域 灰,3999.00,小米北翔专卖店,40+条评价
50,100014670694,戴尔(DELL) 5402/5502 十一代酷睿轻薄办公学生商务高色域全面屏笔记本电脑专用鼠标垫 15.6英寸|i5-1135G7|MX350   8G内存 512GPCIe高速固态,5499.00,戴尔瑞泰专卖店,50+条评价
51,10021049364186,联想（Lenovo) AIO520X全面屏一体机台式电脑23.8英寸(十代5-10400T 16G 512G SSD  无线充电底座),5999.00,联想京东自营旗舰店,9100+条评价
52,7126962,"京品电脑	
戴尔(DELL)G5 英特尔酷睿i7电竞游戏本笔记本电脑(十代标压i7 16G内存 1T固态硬盘 RTX 2060 6G独显)300Hz",9999.00,戴尔京东自营官方旗舰店,4.6万+条评价
53,45859042694,和谐号YD2308P 23.8英寸高清商用办公曲面一体机台式电脑(九代酷睿i7-9750H/8G/512G 双频WiFi 3年上门 键鼠),3499.00,和谐号电脑京东自营官方旗舰店,1900+条评价
54,65481624785,神舟(HASEE)战神K670T-G6A2 英特尔酷睿i5-10400 MX350 2G 15.6英寸游戏笔记本电脑(8G 512G SSD IPS),4299.00,神舟电脑京东自营旗舰店,2300+条评价
55,100016022312,华硕（ASUS）顽石6代14/15.6英寸轻薄便携商务办公笔记本电脑学生游戏本VivoBook15s 【14英寸】银i5-1035G1/MX330 配置一 8G/256G固态,4299.00,华硕金硕专卖店,8400+条评价
