﻿,goods_id,goods_name,goods_price,goods_store,goods_commit
0,10020860098529,戴尔（DELL）Optiplex 7070MT 商用绘图设计主机3D渲染建模游戏台式机电脑整机 定制 9代i7/16G/1T+256G/4G独显 全国联保 三年上门,6599.00,戴尔商用京东自营官方旗舰店,700+条评价
1,100014526810,攀升迁跃者M迷你办公游戏台式机电脑主机（AMD锐龙7nm 8核R7-4750G 16G 512GSSD WiFi 蓝牙 3年上门）全铝版,4499.00,攀升京东自营官方旗舰店,4.6万+条评价
2,100008806617,VAIO FH14 侍14 11代酷睿14英寸 1.4Kg 4G独显 高性能轻薄笔记本电脑(i7 16G 512G SSD GTX1650Ti FHD)铂金银,8799.00,VAIO京东自营旗舰店,600+条评价
3,52867901028,伟盛兴i5/酷睿处理器6G显卡台式机电脑全套 网吧组装机吃鸡英雄联盟水冷电竞游戏型办公电脑主机 单主机 配置一,999.00,伟盛兴电脑DIY专营店,5100+条评价
4,10023985718367,联想ThinkPad P15 移动图形工作站3D建模建筑设计师绘图专用视频编辑渲染画图制图笔记本电脑 i7十代标压8G/512G/T2000丨0KCD 64G内存 1T高速固态丨升配,20299.00,ThinkPad福建授权专卖店,100+条评价
5,100015376862,华为平板MatePad 5G 10.4英寸麒麟820游戏影音娱乐办公学习 专属教育 2K全面屏平板电脑 6+128GB全网通  灰,3199.00,华为京东自营官方旗舰店,8万+条评价
6,70074946950,【支持64/32位WIN7系统】联想台式机E76a办公税控财务开票带并口整机台式电脑主机 单主机（无显示器） 速龙-300GE 8G 128G+1T定制,2299.00,联想ThinkCentre旗舰店,6500+条评价
7,46243015891,联想ThinkPad X280 英特尔酷睿i3/i5  12.5英寸商务轻薄便携手提笔记本电脑 1PCD i5-8250U 8G 256GSSD,5999.00,ThinkPad京东官方自营旗舰店,900+条评价
8,100007121533,"京品电脑	
联想ThinkPad 翼14 Slim（1UCD）英特尔酷睿i7 14英寸轻薄笔记本电脑(i7-10510U 8G 256GSSD+1T 2G独显)银",5999.00,ThinkPad京东自营旗舰店,4.8万+条评价
9,58284843727,一体机电脑高配平面屏办公家用i3i5i7高配游戏型一体式电脑主机全套商用收银电脑 19英寸平面屏 M2套餐i5+4G+128G(商务办公),1298.00,十度一体机专营店,300+条评价
10,100009397407,华橙 i3 9100F升i3 10100/GTX1050Ti独显办公游戏台式电脑主机DIY组装机 配置三 /9100F/120G/GTX1050Ti,1798.00,华橙电脑旗舰店,5400+条评价
11,100013816936,联想ThinkPad E15 2021款 酷睿版 英特尔酷睿i5 15.6英寸轻薄笔记本电脑(i5-1135G7 16G 512G 100%sRGB)黑,5499.00,ThinkPad京东自营旗舰店,4.8万+条评价
12,69544562283,三星（SAMSUNG）13.3英寸Galaxy Book Flex 2020款QLED触屏超轻薄二合一笔记本电脑(十代i7/16G/1T SSD)银,12699.00,三星笔记本京东自营官方旗舰店,1800+条评价
13,60185181571,戴尔(DELL)新品游匣G5 15.6英寸酷睿十代标压固态电竞游戏笔记本电脑 1766十代i7 16G 1660Ti 144hz 官方标配,7699.00,戴尔官方旗舰店,4800+条评价
14,100014274406,惠普（HP）星14/15【11代新品】青春版笔记本电脑15.6英寸窄边框全面屏轻薄大学生手提游戏本 i5-1135G7【核显】14寸高清屏 配置三：16G/512G固态【标配】,4599.00,惠普电脑授权专卖店,2万+条评价
15,100012920700,惠普（HP）战66三代 AMD版 15.6英寸轻薄笔记本电脑（锐龙7nm 八核 R7 Pro-4750U 16G 512G  400尼特高色域）,5499.00,惠普京东自营官方旗舰店,19万+条评价
16,100007698690,联想 拯救者Y9000X 2020旗舰款 15.6英寸IPS全面屏轻薄笔记本高性能游戏设计师办公电脑 i5-9300H 16G内存 512G固态 DC调光 15.英寸IPS高色域 雷电3 深空灰,6299.00,联想电脑授权专卖店,2.2万+条评价
17,25701827653,联想 IdeaPad15s 2020新锐版 超轻薄本 全面屏办公15.6英寸笔记本电脑学生手提本 定制I3-10110U 20G 512G固态 FHD全高清屏 W10 银,3999.00,联想电脑授权专卖店,8.2万+条评价
18,10022886433300,七喜(HEDY)悦祺 办公商用台式电脑整机（九代i3-9100F 8G 256G SSD 2G独显 送商务键鼠 三年上门）21.5英寸,2599.00,七喜京东自营旗舰店,1.3万+条评价
19,67515660188,神舟(HASEE)精盾U43S1 英特尔奔腾5405U 14英寸72%色域轻薄笔记本电脑(8G 512G PCIeSSD MX250 2G IPS),2999.00,神舟电脑京东自营旗舰店,5.4万+条评价
20,27956254519,联想小新Pro14 2021款高性能超轻薄笔记本电脑人脸识别十一代酷睿i5-1135G7 16G 1TB固态 MX450 2.2K全面屏升级,6899.00,联想有点授权专卖店,1.7万+条评价
21,64965128418,佐瀚(zuohan)i5升i7/八核/8G独显台式机电脑主机整机全套家用办公组装游戏电竞 主机+24英寸曲屏显示器 套餐二：i7级六核/16G/240G/4G独显,2299.00,淘森电脑专营店,40+条评价
22,27933001184,华为荣耀笔记本电脑MagicBook Pro 16.1英寸全面屏轻薄本高清屏win10版 【SE锐龙版】R5-3550H16+512原装包鼠,5388.00,荣耀京诚专卖店,1100+条评价
23,100015491502,联想V14 2020款高端性能十代酷睿i3独显窄边框超薄本轻薄学生超极本游戏商务办公手提笔记本电脑 定制 i3-1005G1 8G 256G+1T MX330 2G独显 全高清屏 星空灰,4399.00,联想扬天京东自营授权旗舰店,2200+条评价
24,100015522268,惠普（hp）旗舰店 星14进阶版 11代新品 星13系列轻薄超薄商用手提学生女游戏笔记本电脑超极本 初恋粉：【背光键盘版-11代进阶丨稀缺货源】 进阶版...,6499.00,惠普授权旗舰店,3.9万+条评价
25,100014832382,联想ThinkPad E14 14英寸 轻薄商务办公手提学生游戏笔记本电脑 酷睿i3-10110U 【定制银】8G内存 512G固态 39CD,3599.00,ThinkPad广东授权专卖店,2700+条评价
26,100014900812,联想（Lenovo）小新Air14 2021款11代酷睿i5超轻薄笔记本电脑 高性能办公设计手提电脑 金属机身 银色 标配i5-1135G7 16G 512丨MX450,6399.00,联想航电授权专卖店,7000+条评价
27,100008943917,联想(Lenovo)扬天M5300d 高性能四核台式机商务家用网课办公电脑整机 19.5英寸高清屏 定制A10-9700/8G/1T单硬盘,2899.00,联想扬天京东自营授权旗舰店,100+条评价
28,18970570470,宁美国度 卓 商用办公台式机电脑整机（十代i3 10100 8G 512G 送键鼠 三年上门）23.8英寸,2759.00,宁美国度一体机京东自营旗舰店,1500+条评价
29,10021271485114,宏碁(Acer)新蜂鸟Fun 15.6英寸轻薄本 学生商务办公笔记本电脑(11代英特尔酷睿i5-1135G7 8G 512G wifi6)银,3799.00,宏碁京东自营旗舰店,1万+条评价
30,10020277547408,Apple 2020新款 MacBook Pro 13.3【定制升级】八代i5 16G 256G 1.4GHz 深空灰 笔记本电脑 轻薄本Z0Z1000NC,11499.00,Apple产品京东自营旗舰店,2.8万+条评价
31,58948241976,ROG玩家国度 光魔G15DH 电竞吃鸡游戏台式电脑主机(AMD R7-3800X 16G 1TSSD RTX2060Super 8G独显),8969.00,玩家国度ROG京东自营官方旗舰店,3600+条评价
32,66480361389,宁美国度 魂 设计游戏台式机电脑整机 （i5 10400F/GTX1650/8G/512G）23.8英寸电脑套装,4099.00,宁美国度一体机京东自营旗舰店,2100+条评价
33,71390938110,京天 酷睿i7 10700K/RTX3070/16G 直播水冷游戏台式电脑主机DIY组装机,9199.00,京天DIY电脑旗舰店,200+条评价
34,100013037518,华为荣耀笔记本电脑MagicBook Pro 16.1英寸商务办公轻薄便携本超薄学生网课本超极本游戏 Pro款R5-3550H 16G 512G标配 冰河银 WIN10系统 高色域 100%sRGB,4488.00,洁创数码专营店,1300+条评价
35,10020562725999,亮子装机 游戏主机 i7 9700K高端定制水冷个性台式机 高配办公吃鸡直播组装电脑全套DIY配置单 定制套餐三：i5-10400/GTX1660-6G,4774.00,速腾恒信组装电脑专营店,3200+条评价
36,55814387597,戴尔（DELL）燃5000灵越5493/5593  十代酷睿轻薄学生游戏本手提笔记本电脑皓月银 15.6英寸 5593 i7十代酷睿 4G独显 16G 512G高速固态 定制,5699.00,戴尔宇熙世纪专卖店,1.2万+条评价
37,100006050947,联想ThinkPad E14 19CD 14英寸轻薄商务办公笔记本电脑十代酷睿六核i7-10710U 16G 512G固态+1T机械【定制】 FHD全高清 独显2G Win10+Office,6999.00,ThinkPad华中授权专卖店,7000+条评价
38,33521291505,华硕 (ASUS) 灵锐14 7nm新锐龙八核处理器 14英寸轻薄笔记本电脑 耀夜黑 R7-4700U 16G 512G固态,4799.00,华硕电脑官方旗舰店,700+条评价
39,71900917960,"京品电脑	
联想ThinkPad 翼14 Slim（1TCD）英特尔酷睿i7 14英寸轻薄笔记本电脑(i7-10510U 8G 512GSSD 2G独显)银",5999.00,ThinkPad京东自营旗舰店,4.8万+条评价
40,65863690672,创维 酷开（coocaa）电脑一体机电脑办公家用游戏电脑台式主机整机 23.8英寸 四核7500/8G/256G 全国联保,2099.00,酷开电脑旗舰店,800+条评价
41,10023365907334,联想（Lenovo） 天逸510pro 商用办公家用游戏台式机电脑主机整机十代六核I5-10400 8G 1T+256G GT730-2G独显 定制 主机+23.0IPS屏,4899.00,联想同诚台式机授权专卖店,1000+条评价
42,10022138275916,攀升（IPASON）家用办公23.8英寸 1080P全高清 不闪屏 可壁挂 广视角 LED背光液晶电脑显示器,599.00,IPASON攀升电脑京东自营旗舰店,1300+条评价
43,64582414086,华硕（ASUS）VivoBook15s轻薄笔记本电脑十代酷睿商务办公便携全面屏窄边框独显轻薄本 冰钻银/i7-1065G7/MX330-2G独显 8G内存丨512G固态/套餐三,5389.00,华硕智凝专卖店,2.3万+条评价
44,10020432319664,联想V340 2020款14英寸高端性能十代酷睿i7超薄本全面屏学生商务办公轻薄游戏手提笔记本电脑 标配i7-10510U 8G 512G固态 2G独显 IPS全高清屏 星空灰,6399.00,联想扬天京东自营授权旗舰店,1200+条评价
45,100010821004,联想小新Pro13 2020款锐龙R7轻薄笔记本电脑2.5K高色域R5全面屏超极本女生办公笔记本电脑 定制|R7-4800U 16G 1T固态  全金属机身 支持人脸识别,6099.00,联想育新授权专卖店,2.6万+条评价
46,10023643890328,联想威6 2020款15.6/14英寸全新锐龙R5六核高性能超薄本游戏学生轻薄商务办公手提笔记本电脑 15.6英寸标配R5-4600U 8G 512G 100%sRGB 高色域 IPS全高清 浩瀚银,5169.00,联想扬天京东自营授权旗舰店,700+条评价
47,100009079064,奥珀特英特尔i5 9400f台式组装电脑主机全套家用电竞吃鸡游戏英雄联盟台式机设计师主机整机DIY 单电脑主机 套餐八（酷睿I5+GTX1650+16G内存吃鸡,2899.00,奥珀电脑专营店,400+条评价
48,100007413704,【酷睿i7 指纹解锁】酷耶 15.6英寸 笔记本电脑 游戏本 轻薄本 商务本 轻便手提家用办公 酷睿i7 6650U/16G/512G 6秒开机,3699.00,cooyes笔记本官方旗舰店,1万+条评价
49,100015470498,武极星冠 十代英特尔酷睿i5 10400游戏台式机电脑主机组装电脑 十代i5 GTX1650 16G 240G,3899.00,武极电脑京东自营官方旗舰店,200+条评价
50,100011001302,【2020款指纹解锁】15.6英寸轻薄IPS窄边框超薄手提金属笔记本电脑办公大学生女生游戏便携超级本 10代5205U 16G内存 1024G固态 办公商务办公游戏娱乐轻...,3299.00,iru旗舰店,5800+条评价
51,33183389054,戴尔(DELL)成就3881商用办公台式机电脑家用迷你网课财务税控炒股游戏设计美工制图整机 单主机(无显示器) i5-10400 8G 1T 256G固态 定制,3849.00,戴尔维克特睿专卖店,3900+条评价
