﻿,goods_id,goods_name,goods_price,goods_store,goods_commit
0,70075302578,"京品电脑	
戴尔（DELL）旗舰店灵越5593/5493 15.6英寸/14英寸网课办公酷睿固态轻薄笔记本电脑 5493-2629|i5 16G 2G独显",4399.00,戴尔官方旗舰店,2.5万+条评价
1,12340917879,威龙远航 酷睿i5/16G大内存/泰坦6G独显 吃鸡游戏电竞台式组装电脑主机DIY组装机 酷睿i5+16G+GTX TITAN 6G,2999.00,威龙远航DIY电脑旗舰店,4.1万+条评价
2,41381758050,武极 AMD锐龙R5 2600/GTX1650吃鸡游戏台式电脑主机/DIY组装机 锐龙R5 2600+GTX1650,2599.00,武极电脑DIY旗舰店,4900+条评价
3,25120090480,ThinkPad E14 i3/i5/i7 联想14英寸E系列家用商务办公轻薄便携商务游戏笔记本电脑 【01CD【 十代i5-10210U 可装Win7 8G内存128GB固态+1TB【定制】,4599.00,ThinkPad重庆授权专卖店,3200+条评价
4,100013320524,"京品电脑	
联想(Lenovo) S550 14英寸 AMD锐龙版(全新7nm)轻薄笔记本电脑(R5-4500U 8G 512G PCIE)太空灰",3999.00,联想扬天京东自营旗舰店,3.4万+条评价
5,100004301939,联想(Lenovo)扬天P680 九代英特尔酷睿i5 创意设计台式电脑主机(i5-9400 8G 1T+256G GTX1660Ti 四年上门),5899.00,联想扬天京东自营旗舰店,2800+条评价
6,10022559551827,酷耶 英特尔十代i5 10400F/技嘉主板/GTX1070独显 设计师游戏台式机电脑主机组装整机 套餐一（GTX1050独显2G 畅玩LOL）,2599.00,酷耶电脑旗舰店,20+条评价
7,18795664364,联想ThinkPad E490 酷睿i5 14英寸轻薄商务办公笔记本电脑 FHD i5-8265U 【独显】8G 1T+128G固态@2DCD标配银,4099.00,ThinkPad华东授权专卖店,9800+条评价
8,18496999475,【钛系列高配版】联想拯救者Y7000 2020款1080P专业电竞游戏笔记本电脑r独显1650Ti 十代i5 16G内存 512G固态 升级版 100%sRGB高色域全面屏,6999.00,联想华东授权专卖店,3.2万+条评价
9,100008028081,华硕a豆adolbook14 2020 增强版 英特尔酷睿i7高性能轻薄本学生笔记本电脑(i7-10510U 16G 512G MX350)千禧粉,6099.00,华硕京东自营官方旗舰店,1.2万+条评价
10,43822926280,戴尔（DELL）成就3671 商用办公台式机电脑 设计制图游戏主机 主机+23.8英寸高清显示器 i5-9400 16G 1T 256G固态 定制,4699.00,戴尔百诚台式机专卖店,1.6万+条评价
11,10021793198700,戴尔(DELL)新品游匣G5 15.6英寸酷睿十代标压固态电竞游戏笔记本电脑 2846十代i7 16G 512G 1650Ti +99元加购戴尔原厂包鼠套装,6998.00,戴尔官方旗舰店,4800+条评价
12,10022106902259,2020新款 酷睿i7轻薄本 锐龙R5R7游戏本可选15.6英寸笔记本电脑 商务办公超薄本 昂福镭仕 办公/游戏: 酷睿i7独显 8G内存+512G固态,4168.00,昂福镭仕电脑专营店,2000+条评价
13,100014417266,联想威6 Pro 14英寸轻薄窄边框网课学生本笔记本电脑(英特尔酷睿i5-10201U 8G 512G 2G独显 太空灰,4799.00,联想扬天京东自营旗舰店,4.5万+条评价
14,100007151997,联想V340 2020款14英寸高端性能十代酷睿i7超薄本全面屏学生商务办公轻薄游戏手提笔记本电脑 定制i7-10510U 24G 512G+1T 2G独显 IPS全高清屏 星空灰,7599.00,联想扬天京东自营授权旗舰店,1200+条评价
15,100013255294,"京品电脑	
戴尔DELL灵越7000 15.6英寸 英特尔酷睿i7轻薄笔记本电脑(十代i7-10750H 8G 512G GTX1650Ti 4G独显)白金银",8499.00,戴尔京东自营官方旗舰店,1.5万+条评价
16,100016514918,联想ThinkPad X1 Carbon 2020(3ACD)英特尔酷睿i7 14英寸轻薄笔记本电脑(i7 16G 2T 4K 专业版系统)4G 纹理黑,18999.00,ThinkPad京东自营旗舰店,1.5万+条评价
17,66055116013,联想ThinkPad E14 2021款 酷睿版 英特尔酷睿i5 14英寸轻薄笔记本电脑(i5-1135G7 16G 512G 100%sRGB)银,5499.00,ThinkPad京东自营旗舰店,4.8万+条评价
18,27914580591,联想（Lenovo）小新Air14 2021款11代酷睿i5超轻薄笔记本电脑 高性能办公设计手提电脑 金属机身 银色 标配i5-1035G1 16G 512丨MX350,5669.00,联想航电授权专卖店,6900+条评价
19,10020540303425,惠普（hp）旗舰店 星14进阶版 11代新品 星13系列轻薄超薄商用手提学生女游戏笔记本电脑超极本 香槟色：【背光键盘版-11代进阶丨稀缺货源】 标准版...,5999.00,惠普授权旗舰店,3.9万+条评价
20,21229515281,狄派 英特尔酷睿十代i5/i7-10700八核台式电脑主机整机全套6G独显办公游戏电竞组装电脑 主机+24英寸曲面显示器 配置六(i7-10700+RTX2060 三年保）,7299.00,狄派电脑旗舰店,3900+条评价
21,100015707026,机械师T58-V 全面屏游戏本十代i5-10200H/GTX1650Ti独显轻薄吃鸡游戏笔记本电脑 加强版16G/512G PCIE高速固态,6289.00,MACHENIKE机械师旗舰店,7200+条评价
22,100014351914,雷神(ThundeRobot)GeekBox 设计师游戏台式电脑主机(十代酷睿i7-10700 16G GTX1660S 512GSSD 三年上门）,6099.00,雷神京东自营官方旗舰店,2.5万+条评价
23,100007092697,ROG玩家国度光刃G15CK电竞游戏玻璃侧透台式电脑主机(英特尔酷睿i7-10700 16G  1TSSD  RTX2060S 8G独显),9969.00,玩家国度ROG京东自营官方旗舰店,3600+条评价
24,30025607383,惠普(HP)星系列青春版高清一体机电脑23.8英寸(十代i5-1035G1 8G 1TSSD 无线蓝牙 三年上门)独显 FHD高色域,5299.00,惠普京东自营官方旗舰店,3.9万+条评价
25,26115791732,亚当贝尔 十代酷睿i5/i7-10700F八核/GTX2060电竞办公游戏吃鸡组装台式电脑主机整机 主机+27英寸曲面电竞显示器 配置四：i7-10700F+RTX2060+16G,6799.00,亚当贝尔电脑旗舰店,2.8万+条评价
26,10020598739790,华为笔记本MateBook 14 2020款锐龙超薄本全面屏超极本轻薄本学生商务办公手提笔记本电脑 灰｜R7-4800H 16G+512G触屏版【预售,7899.00,华为兴汇聚专卖店,1.6万+条评价
27,72256464782,联想V14 2020款高端性能十代酷睿i3独显窄边框超薄本轻薄学生超极本游戏商务办公手提笔记本电脑 定制 i3-1005G1 8G 512G+1T MX330 2G独显 全高清屏 星空灰,4599.00,联想扬天京东自营授权旗舰店,2200+条评价
28,100010235320,亚当贝尔 酷睿i5/i7/GTX1650 4G独显 办公游戏迷你家用组装吃鸡台式机电脑主机整机 电脑主机 配置三（i7级六核+游戏独显+8G+256G）,1299.00,亚当贝尔电脑旗舰店,1.8万+条评价
29,71844630391,武极星爵 AMD 锐龙R5 2600六核游戏台式机电脑主机组装电脑 R5 2600/GTX1650-4GD6 热力来袭,2899.00,武极电脑京东自营官方旗舰店,90+条评价
30,100015660088,戴尔（DELL）灵越5000 5593/5493 成就3401超极本学生办公女生轻薄本手提笔记本电脑 14英寸|银色|十代i5-1035G1|2G独显 8G内存 512GPcie固态硬盘 定制版,3999.00,戴尔华宏创天专卖店,1.1万+条评价
31,29787826882,宁美国度 魂 游戏台式机电脑整机（i3 9100F/GTX1050Ti 4G独显/240G SSD 送键鼠）23.8英寸,3099.00,宁美国度一体机京东自营旗舰店,400+条评价
32,100006728211,华硕a豆 adolbook14 2020 增强版 14英寸金属轻薄笔记本电脑 千禧粉 十代i7 16G 512G MX350独显,5889.00,华硕电脑官方旗舰店,3700+条评价
33,10023643890326,戴尔DELL XPS13-9310 英特尔酷睿i7 13.4英寸4K超轻薄触控轻奢笔记本电脑(十一代 i7-1165G7 16G 1TBSSD )银,17999.00,戴尔京东自营官方旗舰店,1.1万+条评价
34,100008100326,联想拯救者Y7000 2020新品酷睿i5/i7十代P高色域性能独显游戏本 吃鸡学生设计师笔记本电脑 升级版i7-10750H 16G 512G固态 GTX1650-4G电竞显卡,7989.00,联想汇汉授权专卖店,2.8万+条评价
35,100006008777,华硕(ASUS) PN62 商用办公家用教育 MINI台式机 台式机电脑主机(十代i7-10510U 8G 256G 正版Win10 三年上门),4299.00,华硕京东自营旗舰店,3200+条评价
36,100008913182,华硕（ASUS）M4050/M5600 新锐龙7nm八核处理器笔记本电脑 耀夜黑 14.0英寸R7-4700U/16G/512G固态,4199.00,华硕金新荣专卖店,1500+条评价
37,100011374934,神舟(HASEE)精盾U63E1 英特尔奔腾5405U 15.6英寸轻薄笔记本电脑(8G 256G SSD GTX1050MaxQ 3G IPS),2999.00,神舟电脑京东自营旗舰店,5.4万+条评价
38,68345477858,"京东国际	
VAIO SX12 10代酷睿 12.5英寸 899克 轻薄本 窄边框商务笔记本电脑(i7-10710U 6核 16G 1T SSD FHD win10专业版)尊曜黑",15988.00,VAIO京东自营旗舰店,1000+条评价
39,100014072666,联想(Lenovo)扬天V330 14英寸独显超薄本轻薄超级本学生商务办公手提笔记本电脑 定制A4-9125/8G/256G+500G双硬盘 2G独显 星空灰 两年上门,3899.00,联想扬天京东自营授权旗舰店,4500+条评价
40,10023331413340,京天 飞速 商务家用办公台式电脑主机（十代酷睿i3-10100 8G高频 240G SSD 键鼠 三年上门）,1999.00,京天京东自营官方旗舰店,600+条评价
41,1113988661,联想小新Pro14 2021款全新i5/i7超轻薄游戏笔记本电脑14英寸2.2K全面屏设计师办公手提 高色域丨旗舰i5-1135G7 16G 512G MX450-2G独显 100%sRGB高色域 银,6999.00,联想电脑授权专卖店,11万+条评价
42,100013843544,【新品酷睿四核i7+IPS屏】15.6英寸轻薄金属笔记本电脑 超薄高性能游戏本办公商务本大学生超级本 高频版 酷睿i7+ 16G内存/1024G固态,3899.00,iru旗舰店,3200+条评价
43,48481941274,七喜(HEDY)悦祺H30 商用办公台式电脑主机（新升级九代G4930 4G DDR4 1TB 核显 USB3.0 送商务键鼠）,1499.00,七喜京东自营旗舰店,1.3万+条评价
44,72161763230,【新品现货】联想台式机电脑M920T全新九代i9高端商用办公绘图设计3D渲染建模电脑主机可定制 主机+27英寸高清显示器 标配：i9-9900丨64G丨2T+512G丨4G,13899.00,华杰通力办公专营店,1800+条评价
45,69331565506,"京品电脑	
联想(Lenovo)天逸510S 英特尔酷睿十代i3 台式机电脑整机(i3-10100  8G 1T wifi win10 三年上门)21.5英寸FHD",2999.00,联想京东自营旗舰店,3.1万+条评价
46,10023062775120,联想拯救者R7000 锐龙R5-4600H 15.6英寸电竞吃鸡设计手提游戏本笔记本电脑 升级版：R5-4600H 16G内存 512G固态 GTX-1650 4G独立显卡 Win10H,6899.00,国美官方旗舰店,800+条评价
47,17928948059,逆世界 i3 9100F/120G/4G独显/办公游戏台式组装电脑主机/DIY组装机,1599.00,逆世界电脑DIY旗舰店,1500+条评价
48,10021404370168,联想小新Air14 全新性能版 酷睿i5/i7全面屏超轻薄笔记本电脑学生直播视频剪辑办公本 典型值丨定制i5-1135G7 8G 512G 2G独显 14英寸IPS全高清屏 银,5699.00,联想电脑授权专卖店,4.9万+条评价
49,41850356246,华硕(ASUS)灵耀14 十代i5 13.5mm超轻薄14英寸商务办公手提笔记本电脑(i5-1035G1 16G 512G 高色域)丁香银,6199.00,华硕京东自营官方旗舰店,1.1万+条评价
50,71830996830,华硕（ASUS）2020年新品锐龙笔记本电脑轻薄商务办公学生游戏本16G内存 512G高速固态 14英寸幻彩白 锐龙4700U,4789.00,茂双笔记本旗舰店,4.1万+条评价
51,100015489322,2020新款华为MateBook D14/15轻薄本全面屏商务办公学生设计手提超薄笔记本电脑 D14灰独显i7-10510U 16G 512标配,6799.00,华为康特专卖店,4700+条评价
