﻿,goods_id,goods_name,goods_price,goods_store,goods_commit
0,67228059251,AOC台式机电脑主机【新i7八核+独显4G】网吧电竞吃鸡LOL游戏高配办公绘图设计全套整机 主机+23.8英寸IPS显示器 九代i5-9400F/8G/256G/独显4G,3779.00,AOC云信一体机专卖店,1000+条评价
1,100008878867,戴尔Dell灵越14-5409 英特尔酷睿i5 14英寸高色域全面屏超轻薄商务本( 十一代i5-1135G7 16G 512GSSD)薄荷银,4899.00,戴尔京东自营官方旗舰店,15万+条评价
2,57002535697,动力远航 一体机电脑 酷睿I3 I5商务办公 超薄高清家用台式整机 21.5英寸 酷睿I3+8G+128G,1378.00,动力远航电脑旗舰店,5800+条评价
3,53253891924,华橙 i5级四核/500G企业商务办公家用电影台式组装电脑主机/DIY组装机,699.00,华橙电脑旗舰店,4900+条评价
4,63539428439,英特尔酷睿i5办公电脑台式主机家用商用财务设计师炒股电脑DIY英雄联盟吃鸡游戏独显组装台式机整机全套 套餐二（英特尔i3/8G内存/256G固态硬盘,1899.00,奥珀电脑专营店,1100+条评价
5,63539428441,英特尔酷睿i5办公电脑台式主机家用商用财务设计师炒股电脑DIY英雄联盟吃鸡游戏独显组装台式机整机全套 套餐四（英特尔i5/1030独显游戏款）,2599.00,奥珀电脑专营店,1100+条评价
6,10021169027463,宏碁（acer）高清IPS屏一体机电脑高配办公家用娱乐游戏台式主机一体式全套整机 23.8英寸+i5-9400+16G+512G,4999.00,宏碁一体机旗舰店,700+条评价
7,65466040220,联想（Lenovo）AIO 520C 微边框高色域一体机台式电脑 网课电脑21.5英寸 i3-8145U 4G 256G固态 白色,2999.00,联想京东自营官方旗舰店,3200+条评价
8,10023354879909,联想（Lenovo）AIO 520C 微边框高色域一体机台式电脑 网课电脑21.5英寸 十代i3-10110U 8G 256G固态黑色,3199.00,联想京东自营官方旗舰店,3200+条评价
9,100008961702,戴尔DELL成就5000 13.3英寸英特尔酷睿i5窄边框轻薄笔记本电脑(十代i5-10210U 8G 512G MX250 2G 高色域)银,5199.00,戴尔京东自营官方旗舰店,3.1万+条评价
10,100007205687,海尔（Haier）天越S7N 21.5英寸窄边框一体机台式电脑商用办公(四核J4125 4G 128G SSD 键鼠 正版Win10),1899.00,海尔电脑京东自营旗舰店,6500+条评价
11,59816311010,阿玛塔 酷睿i7/GTX1050Ti/16G内存/组装电脑主机游戏台式吃鸡DIY 标配版i7 (1050Ti独显/16G/240G),2398.00,阿玛塔电脑旗舰店,6600+条评价
12,51064039461,酷耶 独显台式机电脑主机组装32G内存游戏工作室DNF多开/视频剪辑/渲染建模/图形设计 主机+24英寸曲面显示器 套餐二:32G内存/GTX1070独显8G,5498.00,酷耶电脑旗舰店,100+条评价
13,67701207721,"拍拍	
【二手9成新】联想电脑台式机i3i5商务办公网课学习工作室游戏dnf搬砖整套 2】四核q8400/4G/500G机械 送19寸显示器",588.00,万佳二手电脑专营店,2.3万+条评价
14,45695213636,"玖嘉久 22-24英寸 一体机电脑 酷睿四核I5/I7四核办公 电脑主机 影音娱乐游戏 台式机全套 19.5""酷睿I3+4G+120G固态",999.00,均龙紫光电脑专营店,1万+条评价
15,100015637194,华硕(ASUS)灵耀14s 11代英特尔酷睿i5 14英寸13.5mm超轻薄商务笔记本电脑(i5-1135G7 16G 512G 高色域)松木青,6299.00,华硕京东自营官方旗舰店,1.1万+条评价
16,23711174978,中柏（Jumper） 14英寸轻薄笔记本电脑便携商务办公超极本学生上网本手提电脑 N3350/6G+64G硬盘,999.00,中柏柏万智能专卖店,200+条评价
17,58044947215,联想（Lenovo）IdeaPad14s 增强版2020酷睿i3轻薄本商务办公学生手提超薄笔记本电脑 新锐性能十代酷睿I3-1005G1 8G内存 512G固态丨皓月银丨升级版,3489.00,联想华北授权专卖店,1.1万+条评价
18,61130633167,一体机电脑家用商务办公,1699.00,典籍电脑旗舰店,9500+条评价
19,65107149001,宁美 十代i7-10700F/RTX2060显卡/16G内存 组装电脑/DIY台式机/直播吃鸡主机 标准版 16G/2060,6399.00,宁美官方旗舰店,2300+条评价
20,31162711699,武极 intel酷睿十代i3 10100F/GTX1650吃鸡游戏台式电脑主机/DIY台式机,2699.00,武极电脑DIY旗舰店,200+条评价
21,100015893836,联想(Lenovo)小新Air15 2021锐龙版R7/R5高色域屏轻薄笔记本电脑游戏办公学生本 8核R7-4800U 16G 512G 标配 正版win10+office,5599.00,联想西南授权专卖店,7400+条评价
22,100007010715,联想V14 2020款高端性能十代酷睿i3独显窄边框超薄本轻薄学生超极本游戏商务办公手提笔记本电脑 定制 i3-1005G1 8G 256G固态 MX330 2G独显 全高清屏 星空灰,3999.00,联想扬天京东自营授权旗舰店,2200+条评价
23,100008698321,惠普(HP)战66 微边框商用一体台式机电脑23.8英寸(RYZEN锐龙R5-4500U 16G 512GSSD  Win10 Office 三年上门),3799.00,惠普京东自营官方旗舰店,1.4万+条评价
24,100013381490,机械师（MACHENIKE）未来战舰 十代吃鸡游戏台式机电脑电竞主机 （i7-10700 16G 256G+1T RTX2060 6G独显）,7299.00,机械师京东自营旗舰店,1.2万+条评价
25,100008983811,惠普(HP)战66 微边框商用一体台式机电脑23.8英寸(十代i5-10500 16G 512GSSD WiFi蓝牙 Office 注册五年上门),4799.00,惠普京东自营官方旗舰店,1.4万+条评价
26,46451591506,微软Surface Go 2 二合一平板 轻薄本 亮铂金 | 10.5英寸触屏 奔腾4425Y 低功耗 8G+128G | 3:2生产力 高色域 人脸识别 | 随身轻办公,3988.00,微软京东自营官方旗舰店,1.2万+条评价
27,21583021022,惠普(HP)战66 微边框商用一体台式机电脑23.8英寸(十代i7-10700 16G 256GSSD+1TB 独显 Office 注册五年上门),6699.00,惠普京东自营官方旗舰店,1.4万+条评价
28,69535486383,联想（Lenovo）天逸510Pro 英特尔酷睿 个人商务办公 台式机电脑主机 i3-10100 8G 1TB+21.5显示器,2999.00,联想京东自营官方旗舰店,600+条评价
29,100008400871,宁美国度 i5 9400F/10400/GTX1650/华硕主板台式游戏组装电脑/DIY主机 标准版【8G+256G】 9400F,3199.00,宁美官方旗舰店,1万+条评价
30,46140264301,机械革命钛钽OG十代i7 电竞级游戏台式电脑高端设计制图品牌主机3年上门保修 i7-10700/RTX2070 super-8G 游戏发烧：16G/512G PCIe+2T机械,10099.00,机械革命电脑整机旗舰店,200+条评价
31,60940932452,华为笔记本电脑 MateBook X Pro 2020款 13.9英寸 十代酷睿i5 16G+512G 独显 3K触控全面屏/轻薄本 翡冷翠,8999.00,,4.3万+条评价
32,23388780559,联想拯救者Y7000P 2020专业电竞游戏笔记本电脑r 独显1650Ti 十代i7-10750H 16G内存 512G固态 钛晶灰 标配 144Hz高色域专业电竞屏,8299.00,联想华东授权专卖店,3.3万+条评价
33,59641930110,华为荣耀笔记本电脑MagicBook 14英寸轻薄本超极本手提商务办公超薄本SE SE 银｜R5-3500U/8G/256G 集显 官方标配,3998.00,千百回电脑专营店,7900+条评价
34,59641930113,硕扬 intel八核十六线程/GTX1060独显/32G台式电脑主机DIY组装机吃鸡LOL游戏办公 电脑主机 +显示器 套餐二（i7级十二线程+8G内存+独显）,1589.00,硕扬DIY电脑旗舰店,8800+条评价
35,70973195892,硕扬 intel八核十六线程/GTX1060独显/32G台式电脑主机DIY组装机吃鸡LOL游戏办公 电脑主机 +显示器 套餐三（i9级八核十六线程+1050Ti D5独显,1988.00,硕扬DIY电脑旗舰店,8700+条评价
36,54099396039,亚当贝尔 酷睿i5/i7/GTX1650 4G独显 办公游戏迷你家用组装吃鸡台式机电脑主机整机 电脑主机 配置一（酷睿i5+8G内存+256G固态）,1199.00,亚当贝尔电脑旗舰店,1.8万+条评价
37,67110038373,硕扬 intel八核十六线程/GTX1060独显/32G台式电脑主机DIY组装机吃鸡LOL游戏办公 电脑主机 套餐二（i7级十二线程+8G内存+独显）,1189.00,硕扬DIY电脑旗舰店,8800+条评价
38,61364582364,战翔酷睿i5 9400F/高配独显吃鸡游戏电竞台式机电脑主机LOL组装家用办公全套整机送24英寸曲屏 套餐二酷睿i5/8G/256G/游戏4G独显,2699.00,战翔电脑旗舰店,4400+条评价
39,100013273482,战翔酷睿i5 9400F/高配独显吃鸡游戏电竞台式机电脑主机LOL组装家用办公全套整机送24英寸曲屏 套餐五酷睿i7/512G/1060 6G独显,4199.00,战翔电脑旗舰店,4400+条评价
40,100013273458,联想小新14性能版 2020款十代酷睿i5全面屏超轻薄办公设计高性能手提笔记本电脑 银色i5-1035G1 16G 512G固态丨标配 MX350独显 含office,5799.00,联想众信授权专卖店,4000+条评价
41,100014488262,宏华 i7四核八线程/GTX1650S 4G独显英雄联盟吃鸡游戏台式组装电脑主机整机全套 主机 配置一I7四核八线程+hd7570 4G独显,1199.00,宏华组装电脑旗舰店,8700+条评价
42,100007238669,狄派 英特尔酷睿i5/i7/八核/8G独显 台式机电脑主机整机全套组装家用游戏电竞吃鸡电脑 套餐四【i5四核/16G/GTX1650独显】,2799.00,狄派电脑专营店,500+条评价
43,10023435252099,华为荣耀笔记本电脑MagicBook 14英寸轻薄本超极本手提商务办公超薄本SE SE 银｜R5-3500U/8G/256G+集显 官方标配,3998.00,千百回电脑专营店,7900+条评价
44,100012816156,清华同方（THTF）超扬A8500商用办公台式电脑整机(十代i5-10400 8G 1T 五年质保 内置WIFI )21.5英寸,3299.00,清华同方电脑京东自营官方旗舰店,1万+条评价
45,51076022867,清华同方(THTF)超扬A9500设计师商用办公台式电脑(十代i7-10700 16G 256G+2T RX550X 4G 五年质保)23.8英寸,6199.00,清华同方电脑京东自营官方旗舰店,1万+条评价
46,52677010993,清华同方（THTF）精锐M780商用办公电脑整机(I3-10100 8G 512GSSD 内置WiFi 三年上门）21.5套机,2899.00,清华同方电脑京东自营官方旗舰店,1.8万+条评价
47,68703765703,清华同方（THTF）超扬A8500商用办公台式电脑整机(十代i5-10400 8G 512G SSD 五年质保 内置WIFI )21.5英寸,3599.00,清华同方电脑京东自营官方旗舰店,1万+条评价
48,68703765712,金正(NINTAUS) i5/i9 GTX1050独显游戏台式吃鸡DIY组装电脑主机设计办公家用 I5 10400+8G+240G+UHD630核显,2399.00,金正电脑显示器旗舰店,10+条评价
49,41156393016,"京品电脑	
雷神（ThundeRobot）911黑武士三代 游戏台式电脑电竞主机（十代i5-10400 16G GTX1660Super 512G SSD）",5299.00,雷神京东自营官方旗舰店,2.1万+条评价
50,68703765713,"京品电脑	
武极 AMD三代锐龙R7 3700X/华硕RX 5600XT/游戏台式吃鸡电脑主机/DIY组装机 AMD R7",6288.00,武极电脑DIY旗舰店,3700+条评价
51,68703765704,"京品电脑	
武极 天启 三代AMD R5 3600游戏台式吃鸡电脑主机/DIY组装机/台式机电脑主机/组装电脑 三代R5 华硕RX590 8G 240G",3788.00,武极电脑DIY旗舰店,1万+条评价
52,100013497536,英特尔酷睿i5/i7/八核/8G独显台式机电脑主机整机全套组装家用游戏电竞 单主机 配置三：i7升八核/1650独显/256+1T硬盘,2599.00,世纪之星电脑整机旗舰店,1.5万+条评价
53,100005467791,英特尔酷睿i5/i7/八核/8G独显台式机电脑主机整机全套组装家用游戏电竞 主机+27英寸曲面显示器 配置二：i5升860k+4G独显+16G+256G,2599.00,世纪之星电脑整机旗舰店,1.5万+条评价
