﻿,goods_id,goods_name,goods_price,goods_store,goods_commit
0,65512219103,华为笔记本 MateBook 14 全面屏超极本 2020新款14英寸2K轻薄本商务办公笔记本电脑 十代i5/16G/512G/独显/触屏/灰 官方标配含赠品礼包,6488.00,华为比特专卖店,1900+条评价
1,29629188764,惠普（hp）旗舰店 星14进阶版 11代新品 星13系列轻薄超薄商用手提学生女游戏笔记本电脑超极本 静谧银：【背光键盘版-11代进阶丨稀缺货源】 顶配版...,7499.00,惠普授权旗舰店,3.9万+条评价
2,47116504312,华为MateBook X Pro 2020款 13.9英寸轻薄本笔记本电脑触控屏手提超薄超极本 樱粉金｜i7十代/16G/512G 独显【稀缺】 官方标配,9999.00,华为千百回专卖店,6400+条评价
3,48725566498,苹果Apple  2019新款MacBook Pro16英寸 /15.4英寸笔记本电脑 16英寸 512G 灰色+鼠标,17488.00,APPLE翔合专卖店,2700+条评价
4,100007067849,联想ThinkPad 耀银S2 2020（0FCD）英特尔酷睿i5 13.3英寸轻薄笔记本电脑（i5-10210U 16G 512GSSD）,5899.00,ThinkPad京东自营旗舰店,1.7万+条评价
5,58044947216,典籍（DIANJI） 一体机电脑家用办公 超薄高清台式一体式整机 【高速办公】21.5英寸/酷睿I3/4G/128G,1299.00,典籍电脑旗舰店,9500+条评价
6,66480361390,联想ThinkPad E14 19CD 14英寸轻薄商务办公笔记本电脑十代酷睿六核i7-10710U 16GB内存 1TB大固态盘【定制】 FHD全高清 独显2G Win10+Office,7499.00,ThinkPad华中授权专卖店,7000+条评价
7,12165545981,戴尔（DELL）成就3671 商用台式机电脑 酷睿i7-9700八核 家用游戏影音 设计制图直播整机 主机+21.5英寸SE2218HV显示器 8G内存 1T硬盘 集显 标配,5299.00,戴尔康特台式机专卖店,400+条评价
8,10021815647717,华硕（ASUS）VivoBook14 2020笔记本电脑i5超薄轻薄本14英寸手提办公 耀夜黑 十代i5-1035G1 8G 512GPCIE MX330-2G独显,4399.00,华硕恩荣专卖店,4900+条评价
9,67515660189,华为荣耀笔记本电脑MagicBook Pro 16.1英寸全面屏轻薄本高清屏win10版 【锐龙版】R5-3550H 8G 512G,4499.00,荣耀京诚专卖店,1100+条评价
10,57594651819,联想小新Pro13 2020新品13.3英寸2.5K高色域全面屏超轻薄手提笔记本电脑商务办公超极本 亮银/十代i5四核/16G/512G丨标配 100%sRGB高色域 2.5K屏,5999.00,联想众信授权专卖店,1600+条评价
11,10127000187,武极 旗舰i9 10850K/RTX3080-10G/16G内存水冷电竞吃鸡台式电脑主机DIY组装机,14388.00,武极电脑DIY旗舰店,1100+条评价
12,13760780687,戴尔（DELL）灵越5000燃5493轻薄本14英寸办公学生手提商用笔记本电脑 i3-1005G1 8GB 128G固态+1T定制 【十代酷睿】皓月银 高性能核显 高清屏,3549.00,戴尔速达专卖店,1.2万+条评价
13,50243340425,联想（Lenovo） 启天M2300家用办公税控商用台式电脑带串口并口支持win7系统  标配J3060 4G 500G机械 Win10 主机+21.5寸显示器,2399.00,联想扬天华东授权专卖店,100+条评价
14,67615740773,【支持win7系统】联想扬天P680九代创意设计PS AI CAD BIM渲染制图游戏台式机电脑主机 单主机+27英寸IPS显示器 升级：i7-9700 32G 2T+512G 8G,19999.00,联想朗通金牌专营店,0条评价
15,53302231317,戴尔（DELL）燃5000灵越5493/5593  十代酷睿轻薄学生游戏本手提笔记本电脑皓月银 15.6英寸5593 i3十代酷睿 核显 16G 512G高速固态 定制,3699.00,戴尔宇熙世纪专卖店,1.2万+条评价
16,100013209576,外星人ALIENWARE 全新m17 2020版R3 十代英特尔酷睿i7 高端电竞游戏本 17.3英寸144Hz高刷新RTX2060 OC 独显 物理防蓝光 轻薄高配笔记本电脑5735 黑色 现货,16989.00,外星人京东自营旗舰店,3000+条评价
17,56911266835,酷耶 十代i7 10700/16GD4/GTX1070独显台式机电脑主机家用吃鸡游戏 主机+24英寸曲面显示器 套餐三（16G DDR4/GTX1070独显8G）,6798.00,酷耶电脑旗舰店,200+条评价
18,10873703488,联想拯救者Y9000X轻薄笔记本电脑15.6英寸标压酷睿i7/i5高端性能本可选4K高色域屏 i5-9300H 16G 512G固态 标配 高色域+双雷电3接口,6099.00,联想华东授权专卖店,2200+条评价
19,10020178874987,华为荣耀笔记本电脑MagicBook pro/14/15全面屏超薄本轻薄本便携学生商务办公本超极本 【20款Pro】R7-4800H+16+512,6099.00,荣耀策山专卖店,1.4万+条评价
20,20120227551,京天 AMD锐龙5 2600/3600/GTX1660 SUPER游戏台式吃鸡电脑主机/DIY组装机,3599.00,京天DIY电脑旗舰店,2100+条评价
21,69624058836,新品华硕(ASUS) VivoBook15s 15.6英寸轻薄笔记本电脑 酷睿十代 商务办公学习电脑 15.6银 十代i5-1035G1 MX330  12G 512G 定制,4899.00,华硕汉腾专卖店,1100+条评价
22,71694263983,戴尔（DELL）笔记本灵越/成就5000 5402超极本轻薄家用学生网课商务办公游戏笔记本电脑 15.6英寸/11代i5/2G独显MX350 8G内存 512G PCIE固态硬盘 标配版,5299.00,戴尔华宏创天专卖店,9.3万+条评价
23,100009063331,【教育优惠】Apple 2020新款 MacBook Air 13.3 Retina屏 十代i5 8G 512G SSD 银色 轻薄本 MVH42CH/A,9199.00,Apple产品京东自营旗舰店,200+条评价
24,100016528426,京天(KOTIN)守护者31656十代酷睿i3设计师游戏台式电脑主机(i3 10100F 16G 250G SSD GTX1650独显),3499.00,京天京东自营官方旗舰店,800+条评价
25,60467805386,13.3英寸四核酷睿i5学生女生商务办公超极本轻薄便携全面屏游戏手提电脑威6同款 高配版丨i5-8265U 16G内存 512G固态 IPS高清屏 电源指纹识别 集显 星银灰,4966.00,联想扬天航电授权专卖店,500+条评价
26,59852955570,2020十代酷睿i7笔记本电脑 15.6英寸全面屏高性能轻薄游戏办公设计学生超极本 i7-10510U 24G内存 2T+512G固态 2G独显 背光键盘 IPS全高清屏 精装升级 灰色,7699.00,联想佳运汇通专卖店,6300+条评价
27,100009298499,戴尔（DELL）灵越5000 5493/5593 14/15.6英寸十代学生商务办公笔记本电脑 5493:i5-1035G1 MX230 2G独显 8G/512G固态+1T 定制,4399.00,戴尔卓越专卖店,3600+条评价
28,71823253432,15.6英寸IPS全面屏轻薄笔记本高性能游戏设计师办公电脑 i7-9750H 16G内存 1TB固态丨旗舰版 DC调光 15.英寸IPS高色域 雷电3 深空灰,7599.00,联想电脑授权专卖店,2.2万+条评价
29,100013068428,【教育优惠版】AppleiPadAir10.9英寸 平板电脑（ 2020年新256G WLAN版/A14芯片/触控ID/MYFT2CH/A）深空灰色,5599.00,Apple产品京东自营旗舰店,300+条评价
30,100015896204,武极商智2代 十代英特尔i3/i5 商务办公企业采购家用网课台式机电脑整机 WIFI 3年上门 单主机 【新十代】I5 10400 8g 1T,2499.00,武极电脑京东自营官方旗舰店,60+条评价
31,10022530287829,"京品电脑	
戴尔(DELL)G5 英特尔酷睿i7电竞游戏本笔记本电脑(十代标压i7 16G内存 1T固态硬盘 RTX2070MQ 8G独显)300Hz",12999.00,戴尔京东自营官方旗舰店,4.6万+条评价
32,100013758452,京天 ROG98 i9 10900K/华硕RTX3080 10G/ROG M12H/32G/1T/龙神360水冷/游戏台式组装电脑吃鸡主机UPC,29999.00,京天（KOTIN）电脑京东自营旗舰店,2500+条评价
33,66205533241,联想拯救者Y7000P 2020款15.6英寸144hz游戏笔记本电脑酷睿i7-10875H八核 32G 1T固态 RTX2060-6G 定制 新品 冰魂白,11149.00,联想西南授权专卖店,1.4万+条评价
34,31537051695,神舟(HASEE)战神G7T-CU7NS 英特尔酷睿i7-10750H GTX1650Ti 4G  17.3英寸144Hz游戏笔记本电脑(16G 512G SSD),6699.00,神舟电脑京东自营旗舰店,2.1万+条评价
35,42434354890,华为笔记本电脑MateBook D 14 15 全面屏超轻薄商务办公手提学生本 D14灰｜R5-4500U 16G+512G固态,4999.00,华为新通路专卖店,1万+条评价
36,10021297286695,华硕（ASUS）飞行堡垒8 新十代酷睿i5/i7游戏本笔记本电脑15.6英寸144Hz电竞屏 吃鸡 i7-10750H GTX1650Ti-4G 16G 512GPCIE固态 144Hz刷新率,7899.00,华硕汉腾专卖店,2100+条评价
37,28299873387,15.6英寸四核超薄本笔记本电脑轻薄本学生游戏手提商务办公超级本上网本分期免息电脑笔记本 玫瑰红 套餐九 高配【8G内存+128G高速固态】,1629.00,格莱富电脑旗舰店,5700+条评价
38,35147330191,【新品10代酷睿处理器】四核学生游戏笔记本电脑 高性能游戏本 快速者Z18商务办公便捷轻薄本 十代酷睿i5四核八线程 8G内存+128G固态+1000G机械,3588.00,快速者电脑旗舰店,800+条评价
39,10020172637884,宏碁（acer）宏基蜂鸟 13.3英寸超薄笔记本电脑 学生商务办公高清指纹识别轻薄本上网本SF113 时尚银/N3350/4G/256G SSD固态 指纹识别/蓝光护盾/定制,2699.00,宏碁天赐专卖店,5200+条评价
40,12461748038,"京品电脑	
联想(Lenovo)威6 2020款15.6英寸锐龙游戏商务办公学生轻薄高性能超薄本手提笔记本电脑 定制【六核R5-4600U/16G/512G固态】  100%sRGB IPS全高清屏 浩瀚银",5599.00,联想扬天京东自营授权旗舰店,2400+条评价
41,40737946845,鑫彩影 21.5-27英寸四核一体机电脑办公家用独显游戏台式主机整机 C5：23.6曲面/酷睿i5/8G/240G固态,1498.00,鑫彩影一体机电脑旗舰店,2900+条评价
42,45145759775,变异者  i7台式DIY组装机9700F/1660显卡/32G内存/500G固态/游戏电脑设计师主机 超越Vi7单盘,6759.00,变异者组装电脑京东自营旗舰店,6条评价
43,100013108772,【酷睿i7+独显2G游戏本】15.6英寸超轻薄窄边框笔记本电脑吃鸡金属商务办公大学生本便携超级本手提 酷睿i7 + MX130 2G独显 8G内存/256G M.2固态+1TB机械盘,4099.00,iru旗舰店,1800+条评价
44,37768592595,戴尔（DELL）OptiPlex 7070MT I7商用办公台式机整机设计电脑游戏主机7060MT 23.8英寸全高清屏/HDMI口 标机：i7-9700/4G/1T/集显,5299.00,戴尔商用雷泰龙专卖店,2700+条评价
45,58988195465,戴尔(DELL) vos成就3881 i7-10700 商用办公高性能台式电脑游戏设计主机 十代酷睿 套装23.8英寸+主机/核显 32G 512G固态+2T 定制,7249.00,戴尔鼎新台式机专卖店,800+条评价
46,46590157343,联想（Lenovo）昭阳E53-80 15.6英寸笔记本电脑 i5-8250U/12G/1T+256固态/2G独显/DVDRW（可定制win7）,7999.00,,10+条评价
47,100008063145,联想(Lenovo)小新Pro14 2021款英特尔11代酷睿i5 超轻薄笔记本电脑 办公游戏设计本 标配丨i5-1135G7 16G内存 512G固态 MX450独显 银色,6999.00,联想航电授权专卖店,1100+条评价
48,100006014351,华为荣耀MagicBook Pro 16.1英寸全面屏超薄本轻薄本笔记本电脑超极本学生游戏办公手提 20款银I7-十代 16G 512G MX350,7499.00,金博盛笔记本专营店,9200+条评价
49,10023431550996,戴尔（DELL） Latitude 智锐3410 14英寸十代商用办公学生轻薄笔记本电脑3400升级 I3-10110U丨8G丨1T+128固态定制 一年全国联保,3299.00,戴尔商用顺兴专卖店,3400+条评价
50,32709982102,华为（HUAWEI）商用笔记本电脑MateBook B5-420 KLCZ-WDH9B(Nvidia MX350 8GB+512GB)深空灰,7699.00,,7条评价
51,48695801611,微软 Surface Laptop 3 轻薄本 典雅黑 13.5英寸 | i7 16G+1T G7显卡 | 2.2K触屏 高色域 3:2生产力 | 金属掌托 | CNC铣削一体成型,19088.00,微软京东自营官方旗舰店,1.4万+条评价
52,10021720149555,联想拯救者 刃9000 2020酷睿i9 RTX3080独显吃鸡游戏视频剪辑设计制图顶配台式电脑主机 i9-10900K 32G 2T+1T固态 定制 RTX3080-10G独显 侧透,17999.00,联想响得美授权专卖店,5条评价
53,100006008783,联想YOGA C740 14英寸s高色域二合一触摸超轻薄笔记本办公电脑酷睿10代i7/i5处理器 i5-10210U 16G 512G 金色 标配,6349.00,联想西南授权专卖店,3900+条评价
54,49881657198,联想笔记本电脑E41-25 轻薄笔记本简单入门级 文员财务办公家用手提 E2-9000 8G 256G固态集成 黑色 定制升级款,2399.00,联想德信专卖店,500+条评价
55,10020432319673,惠普（HP） 星14 笔记本电脑 14英寸轻薄本微边框学生办公商务游戏惠普笔记本 新品i5-1135G7 MX450-2G 静谧银 16G内存 512GPCI-E 指纹背光 标配版,5989.00,惠普华辉专卖店,6500+条评价
