﻿,goods_id,goods_name,goods_price,goods_store,goods_commit
0,36528671362,AOC六核一体机电脑9代I5/酷睿I3I7高配游戏家用办公台式一体式整机 21.5英寸 八代J4105四核/8G/256G,2399.00,AOC云信一体机专卖店,2.8万+条评价
1,10021691048502,华硕笔记本电脑15.6英寸大屏轻薄本窄边框商务办公学生学习手提电脑锐龙VivoBook系列 当天发货15.6英寸银色丨R5-3500U四核丨  推荐配置 8G/512G固态,3799.00,华硕奇达专卖店,3500+条评价
2,10020474989310,戴尔(DELL)成就3881商用办公台式机电脑家用迷你网课财务税控炒股游戏设计美工制图整机 主机+27英寸高清显示器 十代i7 16G 1T 512G 4G独显 定制,7099.00,戴尔维克特睿专卖店,3900+条评价
3,66735938437,Apple 2020新款MacBook Air 13.3英寸 17款超薄笔记本电脑 银色 20款 256G 官方标配,6888.00,集合数码专营店,400+条评价
4,100015419348,联想小新Air14 全新性能版 酷睿i5/i7全面屏超轻薄笔记本电脑学生直播视频剪辑办公本 典型值丨标配i5-1135G7 8G 256G 2G独显 14英寸IPS全高清屏 银,5499.00,联想电脑授权专卖店,4.9万+条评价
5,49453991984,"京品电脑	
荣耀猎人HONOR HUNTER V700 16.1英寸游戏笔记本电脑(i7-10750H 16G 1TB RTX2060 144Hz 100%sRGB)幻夜黑",9999.00,荣耀京东自营旗舰店,8900+条评价
6,37029266338,机械师T58-V 144Hz全面屏游戏本十代i7-10750H/GTX1650Ti独显轻薄笔记本电脑 加强版16G/512G PCIE高速固态,7399.00,MACHENIKE机械师旗舰店,8400+条评价
7,68661354943,华为（HUAWEI）笔记本电脑MateBook D15/14 轻薄便携商务办公学生超薄本 D14银｜i5-10210U 16G+512G固态,5499.00,华为新通路专卖店,2万+条评价
8,68157353283,联想ThinkPad E14 Slim 十代英特尔酷睿 14英寸商务办公轻薄笔记本电脑双面金属 i5-10210U 8G 1T 集显 1ACD,4399.00,ThinkPad京东官方自营旗舰店,200+条评价
9,43786539979,华硕（ASUS） 英特尔酷睿十代 猎鹰V4微边框商用办公大屏一体机电脑 白色  256G 十代酷睿i3 8G 集显,3599.00,华硕电脑京东自营官方旗舰店,300+条评价
10,70491016245,戴尔（DELL）灵越5000燃5493轻薄本14英寸办公学生手提商用笔记本电脑 i5-1035G1 16G 512G固态+1T定制 【十代酷睿】皓月银 高性能核显 高清屏,4799.00,戴尔速达专卖店,1.2万+条评价
11,100009906662,微星游戏本 冲锋坦克2 GL75 游戏笔记本电脑17.3英寸144Hz电竞屏十代i7标压赛睿背光键盘 十代i7/GTX1660Ti/16G/512G固态,7989.00,微星电脑京东自营旗舰店,800+条评价
12,37629275243,华为笔记本MateBook D 14/15.6屏幕英寸可选 预装WIN10 超薄本商务办公学生超极本 D14/十代i7/16G/512G/银色 官方标配含赠品礼包,6488.00,华为比特专卖店,3700+条评价
13,66001124382,联想ThinkPad X390（1ECD）英特尔酷睿i7 13.3英寸高性能轻薄笔记本电脑(i7-10510U 8G 512G傲腾 100%sRGB)4G,9299.00,ThinkPad京东自营旗舰店,4700+条评价
14,100007098636,邪手水冷 十代i5 10500/RTX2060/512G吃鸡游戏直播台式电脑主机/DIY组装机全套 高配版套装,4899.00,邪手MOD水冷电脑旗舰店,500+条评价
15,64974578580,华硕(ASUS)笔记本电脑顽石6代i5轻薄本Y4200 14英寸学生办公手提电脑 星空灰 升级丨i5-8265U 8G 1TB+256G固态,3899.00,华硕恩荣专卖店,1600+条评价
16,18788509146,攀升 P92 AMD锐龙R5 3600六核/蓝宝580 8G/华硕B450M/512GM.2/8G台式DIY组装电脑主机京东游戏UPC,4399.00,IPASON攀升电脑京东自营旗舰店,2.1万+条评价
17,31595170146,华为笔记本电脑MateBook D 14 14英寸全面屏轻薄本锐龙手提超薄本超级本 银｜i7-10510U+16G+512G 独显 标配【预装Office办公软件】,6799.00,华为千百回专卖店,4200+条评价
18,100008460539,戴尔（DELL）笔记本灵越/成就5000 5402超极本轻薄家用学生网课商务办公游戏笔记本电脑 14.0英寸/10代i5/2G独显MX230 16G内存 512GPCIE固态硬盘 大内存定制版,4299.00,戴尔华宏创天专卖店,9.3万+条评价
19,10020432329313,华橙 AMD锐龙R5 2600升R7 2700/RX580 8G游戏吃鸡台式电脑主机DIY组装机 套餐四/2700/180G/RX580-8G,3099.00,华橙电脑旗舰店,5100+条评价
20,100009641244,戴睿2020指纹解锁超轻薄笔记本电脑15.6英寸窄边框全新四核便携手提学生商务办公游戏上网本背光键盘 炫酷银 【套7】【限量升级】16G+512G+500G,2658.00,戴睿旗舰店,2.1万+条评价
21,70175027414,华硕(ASUS) 猎鹰V4 21.5英寸商用办公一体机电脑(酷睿i3-10110U 8G 256GSSD 核芯显卡 全高清 上门售后)白,3799.00,华硕京东自营官方旗舰店,7700+条评价
22,10022233521566,戴尔(DELL)成就3881商用办公台式机电脑家用迷你网课财务税控炒股游戏设计美工制图整机 主机+27英寸高清显示器 十代i5 16G 1T 256G 4G独显 定制,5499.00,戴尔维克特睿专卖店,3900+条评价
23,100001649947,华硕(ASUS) 猎鹰V4 27英寸一体机台式电脑(酷睿i7 8G内存 256GSSD+1T MX150 2G 高清 上门售后)黑,7199.00,华硕京东自营官方旗舰店,7700+条评价
24,100014005856,惠普（HP）战66 三代 AMD版 2020款超轻薄 笔记本电脑 满血锐龙 商务办公编程设计手提电脑 15.6英寸 满血AMD版 定制升级 R5-4500U六核 16G 512G固态 高色域,4499.00,惠普商域专卖店,400+条评价
25,10020429865603,联想ThinkPad P15V 十代i5/i7标压移动图形工作站3D建模15.6英寸绘图笔记本电脑 i7 单16G 单1T固态@04CD定制 十代标压 P620 4GB独显 FHD高清,8999.00,ThinkPad华东授权专卖店,300+条评价
26,58756438415,京天 Strike S67 AMD R5 3600/GTX1660S/500G/16G DDR4内存/台式组装电脑/吃鸡游戏主机UPC,4999.00,京天（KOTIN）电脑京东自营旗舰店,2500+条评价
27,100003499661,攀升（IPASON）M95 i7 10700/丽台P2200 5G/Z490/250G+2T机械/16G/水冷设计渲染建模专业图形/组装电脑台式,8799.00,IPASON攀升电脑京东自营旗舰店,2700+条评价
28,41404521778,联想拯救者Y7000 15.6英寸2020款酷睿i5/i7高色域电竞屏学生设计师吃鸡游戏笔记本电脑 升级 i5 16G 512G RTX2060,7999.00,联想爱特家专卖店,800+条评价
29,30495239104,惠普（HP）星14青春版 十代酷睿14英寸窄边框商务办公学生轻薄游戏笔记本电脑 官方推荐【优雅银-锐龙版R3】 配置三：16G内存/512G固态,3799.00,惠普中成德胜专卖店,1.1万+条评价
30,100004104203,京天 Design 920 i9 10900K/Quadro P2200/金士顿16G DDR4/256G+2T台式组装电脑主机设计师渲染图形工作站,10999.00,京天（KOTIN）电脑京东自营旗舰店,9500+条评价
31,51082844808,华硕（ASUS）VivoBook15s轻薄笔记本电脑十代酷睿商务办公便携全面屏窄边框独显轻薄本 冰钻银/i7-1065G7/MX330-2G独显 8G丨512G固态丨1T套餐四,5799.00,华硕智凝专卖店,2.3万+条评价
32,47831781264,笔记本电脑 14英寸手提金属超极本轻薄便携商务办公学生电脑本 荣耀银 新十代酷睿i3-1005G1【核显】 【办公版推荐】 8G内存/512G固态,3199.00,戴尔阳光雨尉专卖店,1100+条评价
33,16334301554,京天 决斗D366 AMD R5 3600/GTX1660S/华硕B450/240G SSD/8G DDR4内存/台式组装电脑/吃鸡游戏主机UPC,4299.00,京天（KOTIN）电脑京东自营旗舰店,2700+条评价
34,35922082826,联想拯救者Y7000P 2020款十代酷睿i7 144Hz专业电竞游戏笔记本电脑 RTX2060独显 八核i7-10875H 64G 1TB固态 定制灰,11999.00,联想华东授权专卖店,2.4万+条评价
35,100011410520,联想(Lenovo)V340 2020款 14英寸轻薄笔记本电脑全新十代酷睿i5/i7 i5-10210U 16G内存 512G固态 升级 相思灰,4799.00,联想扬天授权旗舰店,2400+条评价
36,100011316470,京天龙骑士 AMD 锐龙7 3700X/5800X/RTX3070游戏电脑主机台式DIY组装,7999.00,京天DIY电脑旗舰店,700+条评价
37,60185181569,APPLE 苹果2020年新款MacBook air笔记本电脑13.3英寸超薄笔记本19年款 深空灰色 【20款】i3/8G/256G官方标配,7188.00,科族数码专营店,6400+条评价
38,100008794425,航向者 intel八核十六线程/GTX泰坦6G/16G台式组装电脑主机DIY组装机吃鸡LOL游戏办公 主机+显示器 套四(i9级八核+16G内存+GTX泰坦6G独显),2499.00,航向者组装电脑旗舰店,3600+条评价
39,65698197479,联想ThinkPad S2 2020（05CD）英特尔酷睿i7 13.3英寸轻薄笔记本电脑（i7-10510U 8G 512G傲腾增强型SSD）黑,7399.00,ThinkPad京东自营旗舰店,1.7万+条评价
40,20393667009,联想（Lenovo）威6 2020英特尔酷睿i5-14英寸轻薄笔记本电脑学生商用办公游戏本 2G独显 i5-1035G1 32G 1T固态｜高端升级,5899.00,联想扬天授权旗舰店,1.2万+条评价
41,58988195463,戴尔DELL XPS13-9300 13.4英寸新款4K全面屏超轻薄轻奢笔记本电脑( i7-1065G7 16G 1TSSD)白 送两年碎屏保,16999.00,戴尔京东自营官方旗舰店,1.1万+条评价
42,68629944924,惠普（HP）星14/15【11代新品】青春版笔记本电脑15.6英寸窄边框全面屏轻薄大学生手提游戏本 i5-1135G7【核显】14寸高清屏 配置二：8G/1T固态【推荐】,4699.00,惠普电脑授权专卖店,2万+条评价
43,5300144,机械师(MACHENIKE) 浩空T90Plus旗舰版 17.3英寸游戏本笔记本电脑(8核i7-10870H 16G 1TSSD RTX2060 144Hz),8999.00,机械师京东自营旗舰店,1万+条评价
44,27674188726,联想小新Air14 2021款全面屏轻薄笔记本电脑proffice大学生游戏商务办公设计超极本 十一代i5-1135G7 8G 256G固态标配 MX450窄边框全面屏背光键盘指纹解锁,5298.00,联想有点授权专卖店,1万+条评价
45,55538480040,佐瀚（zuohan）22-27英寸曲屏一体机酷睿I3/I5/I7电脑办公游戏台式主机整机 套餐一22英寸 酷睿I5/4G/128G（高速办公,1250.00,佐瀚淘森专卖店,2800+条评价
46,1233421727,华为荣耀MagicBook Pro 16.1英寸全面屏超薄本轻薄本笔记本电脑超极本学生游戏办公手提 2020银I5-十代 16G 512G/MX350,6299.00,金博盛笔记本专营店,9200+条评价
47,27738102346,华为笔记本MateBook 14 2020款超薄本全面屏超极本轻薄本学生商务办公手提笔记本电脑 灰｜R5-4600H 16G+512G触屏版【现货 标配  预装Win10+Office软件,5899.00,笔吧官方旗舰店,2200+条评价
48,27524515974,京天 Strike S81 i7 10700/RTX3080 10G/16G DDR4/B460/500G SSD台式吃鸡游戏组装电脑主机UPC,12999.00,京天（KOTIN）电脑京东自营旗舰店,2500+条评价
49,70334368652,E5 2680 V2升e5 2678v3十二核游戏模拟器多开/台式吃鸡游戏组装电脑主机DIY组装机 E5 2678 V3/升32G/4G独显,3999.00,速佳宜组装电脑旗舰店,1.3万+条评价
50,48958204363,华为笔记本电脑MateBook13 超轻薄13英寸商务性能手提本2K全面屏 深空灰｜I7-10510U 16G 512win版,7599.00,华为新通路专卖店,7100+条评价
51,22758613718,惠普（HP） 星14/15青春版十代酷睿15.6英寸窄边框轻薄商务本学生游戏设计笔记本电脑 i5-1035G1 MX330 2G独显 静谧银 16G内存 512GB高速固态 推荐定制,5499.00,惠普易企营专卖店,4100+条评价
52,100009645478,雷诺塔 i7 10700F/技嘉B460/GTX1660吃鸡游戏台式电脑主机/DIY组装机,4699.00,雷诺塔组装电脑旗舰店,3万+条评价
53,53409289174,戴尔（DELL）燃7000 灵越5493/5490/5590 轻薄超极本商务办公学生手提笔记本电脑 15.6英寸|i5-10210U|MX250-2G 16G内存 256GPCI-E固态+1T机械 定,4799.00,戴尔华宏创天专卖店,2万+条评价
