﻿,goods_id,goods_name,goods_price,goods_store,goods_commit
0,100006461107,华硕(ASUS) 猎鹰V4 23.8英寸商务游戏学习一体机电脑(酷睿i5 8G 512GSSD 2G独显 全高清 上门售后)黑,4799.00,华硕京东自营官方旗舰店,7700+条评价
1,100004508929,RedmiBook 14 增强(第十代英特尔酷睿i7-10510U 8G 512G MX250 2G独显 手环解锁)银 笔记本电脑 小米 红米,4459.00,小米京东自营旗舰店,"去看二手
							17万+条评价"
2,65173774560,华为MateBook D 14/15 超薄笔记本电脑办公学生游戏商务本手提电脑 D14｜银R5-4500U/16G/512G/集显  带Win10系统/office办公软件,5099.00,华为肆玖专卖店,7600+条评价
3,66370110214,华硕（ASUS）顽石6代14/15.6英寸轻薄便携商务办公笔记本电脑学生游戏本VivoBook15s 【14英寸】灰丨i5-1035G1/MX110 配置二 8G/512G固态,4299.00,华硕金硕专卖店,8400+条评价
4,17869432425,速佳宜：酷睿i5 10400F/i3 10100企业商务办公家用台式吃鸡游戏组装电脑主机DIY组装机 四：全新i5 6400T/4G独显/送24高清屏,2299.00,速佳宜组装电脑旗舰店,3.1万+条评价
5,20404273101,逆世界 intel八核十六线程/GTX1050Ti台式整机全套LOL游戏办公电脑主机/DIY组装机 电脑主机+显示器 套餐三：i9级八核十六线程+1050Ti电竞独显,1988.00,逆世界电脑DIY旗舰店,1.2万+条评价
6,100014562280,神舟战神ZX6/TX6-CU5DA 十代六核i5 GTX1650/1050独显手提游戏本笔记本电脑 K670T-标准版/G6400/8G/512G,3599.00,神舟游戏本专卖店,1.7万+条评价
7,100010267476,宏碁(Acer)商祺SQX4270 660C 商用办公台式电脑整机 家用电脑 （十代i5-10400 8G 512GSSD wifi ）21.5英寸,3699.00,宏碁京东自营旗舰店,2.8万+条评价
8,100004901643,联想(Lenovo)刃7000P 3代锐龙7nm 设计师游戏电脑主机（RYZEN 7_3700X 16G 512G SSD+1T  RTX2060 三年上门),7499.00,联想京东自营旗舰店,1.7万+条评价
9,71184212078,戴尔(DELL)成就3471英特尔酷睿i5商用办公台式电脑整机(九代i5-9400 8G 1T 四年上门 键鼠 WIFI)21.5英寸,3699.00,戴尔京东自营官方旗舰店,15万+条评价
10,100010774634,亮子装机 游戏主机 i7 9700K高端定制水冷个性台式机 高配办公吃鸡直播组装电脑全套DIY配置单 定制套餐四：i7 9700F/RTX2060S,7184.00,速腾恒信组装电脑专营店,3200+条评价
11,100008739259,"京品电脑	
戴尔DELL XPS13-7390 13.3英寸移动超能版英特尔酷睿i5轻奢笔记本电脑(i5-10210U 8G 512GSSD 高色域)银",9499.00,戴尔京东自营官方旗舰店,1.1万+条评价
12,64415810534,戴尔(DELL)G5 英特尔酷睿i5电竞游戏本笔记本电脑(16G内存 512G固态硬盘 1650显卡 外星人智控中心),5799.00,戴尔京东自营官方旗舰店,4.6万+条评价
13,100005224917,【十代处理器】联想ThinkPad E15 15.6英寸英特尔酷睿i5/i7大屏全尺寸商务笔记本电脑 0PCD】RX625 2G独显 i5-10210u 16GB内存 512G高速固态 定制,5399.00,ThinkPad华南授权专卖店,2800+条评价
14,100008837966,"京品电脑	
RedmiBook 14 锐龙版 全金属超轻薄(R7 16G 512G PCIe 全高清)银 手提 笔记本电脑 小米 红米",4099.00,小米京东自营旗舰店,"去看二手
							10万+条评价"
15,1614722606,攀升商睿M迷你办公商用台式机电脑主机（AMD A10升级FX9830P四核 8G 240GSSD 商务键鼠 3年上门）,1299.00,攀升京东自营官方旗舰店,4.6万+条评价
16,30221803412,"京品电脑	
【自带WiFi6】武极 i7 10700/P620/16G内存专业图形设计渲染台式电脑主机DIY组装",5188.00,武极电脑DIY旗舰店,4000+条评价
17,40406124683,华橙i5 9400F升10400/GTX1650 4G/256G吃鸡游戏台式电脑主机DIY组装机全套 套餐三/i5 9400F/GTX1060神级显卡,2939.00,华橙电脑旗舰店,1.5万+条评价
18,100007010717,神舟战神ZX6/TX6十代标压i5 GTX1650/1650Ti独显学生手提游戏本笔记本电脑 ZX6-CU5DS:十代I5/16G/512G,5388.00,神舟海神专卖店,1.2万+条评价
19,66990457472,机械师（MACHENIKE）未来战舰 十代水冷游戏台式机电脑电竞主机 （i7-10700 16G 512G+1T RTX2060 Super）,8399.00,机械师京东自营旗舰店,1.2万+条评价
20,71379602705,华为MateBook D 14/15 超薄笔记本电脑办公学生游戏商务本手提电脑 D14｜银i5-10210U/16G/512G独显  带Win10系统/office办公软件,5599.00,华为肆玖专卖店,7600+条评价
21,100008695019,戴尔(DELL)灵越5401/5402 Urban14英寸新品酷睿高清全面屏固态影音轻薄笔记本电脑 5401-1628银 十代i5 16G MX330 标配,4979.00,戴尔官方旗舰店,1800+条评价
22,100006881259,"京品电脑	
华硕(ASUS)灵耀X纵横 英特尔Evo平台认证11代酷睿i7 13.9英寸商务轻薄笔记本电脑(i7-1165G7 16G 512G)墨玉黑",9999.00,华硕京东自营官方旗舰店,3200+条评价
23,70074946948,"京品电脑	
机械革命（MECHREVO）S2 14英寸(英特尔酷睿i5-10210U 16G 512G MX350 摄像头) 银 网课 办公轻薄笔记本电脑",4999.00,机械革命京东自营官方旗舰店,5万+条评价
24,10472571482,【支持64/32位WIN7系统】联想台式机E76a办公税控财务开票带并口整机台式电脑主机 单主机（无显示器） 速龙-300GE 4G 128G+1T定制,1999.00,联想ThinkCentre旗舰店,6500+条评价
25,15660770358,一品国度 九代i3 9100F/4G独显/240G固态办公游戏台式吃鸡组装电脑主机DIY组装机全套,1999.00,一品国度DIY旗舰店,7400+条评价
26,60363288625,博仑帅（BOLUNSHUAI） 18.5-27英寸一体机电脑办公家用游戏台式主机整机 D2家庭影音21.5英寸升级 i5 8G/120G,1888.00,博仑帅一体机电脑旗舰店,3.7万+条评价
27,100008522013,外星人（ALIENWARE）全新m15 2020版R3酷睿高清独显15.6英寸电竞吃鸡游戏笔记本电脑 预定 5726白十代i7/512G/1660Ti  官方标配,13989.00,外星人官方旗舰店,2300+条评价
28,65123978318,雷神（ThundeRobot）911黑武士RYZEN AMD水冷游戏台式电脑主机（Ryzen7_3700X 16G GTX1660S 512G 三年上门）,5999.00,雷神京东自营官方旗舰店,2.5万+条评价
29,14543766895,华为笔记本电脑MateBook D 14 15 全面屏超轻薄商务办公手提学生本 D14银｜R5-4500U 16G+512G固态,4877.00,华为新通路专卖店,1万+条评价
30,54099396040,联想（Lenovo）小新Air14 2021款11代酷睿i5超轻薄笔记本电脑 高性能办公设计手提电脑 金属机身 银色 升配i5-1135G7 8G 512G丨MX450,5499.00,联想航电授权专卖店,7000+条评价
31,100009111877,联想(Lenovo)小新15 2020八核锐龙版 15.6英寸大屏高性能轻薄手提笔记本电脑办公游戏本 6核12线程R5-4600U 16G 512G固态 IPS全高清屏 W10 浩瀚银,5399.00,联想电脑授权专卖店,4.9万+条评价
32,100014057186,宏华 i7四核八线程/GTX1650S 4G独显英雄联盟吃鸡游戏台式组装电脑主机整机全套 主机 配置二 I7四核八线程+十万跑分独显,1499.00,宏华组装电脑旗舰店,8700+条评价
33,10022105230435,联想(Lenovo)YOGAPro 13s 2021款超轻薄商务办公本 13.3英寸全面屏笔记本电脑(i5-1135G7 16G 512G 2.5K高色域屏 碳纤维材质)白,6799.00,联想京东自营旗舰店,33万+条评价
34,10022053063556,宁美国度 CR100 商用mini办公台式机电脑主机（J4105/8G/256G固态 3年上门服务 送键鼠）迷你主机电脑,1399.00,宁美国度一体机京东自营旗舰店,1500+条评价
35,11411798594,联想(Lenovo)小新Air15 2021款锐龙版全面屏高色域 轻薄笔记本电脑 新品R7-4800U 16G 512G/八核版 高色域 深空灰,5689.00,联想汇汉授权专卖店,3300+条评价
36,100005770945,联想小新Air15锐龙版 2021新款15.6英寸大屏7纳米六核/八核手提超轻薄笔记本电脑 R7-4800U 16G 512G固态｜八核版 win10 附带office,5799.00,联想众信授权专卖店,1800+条评价
37,18322332931,"京品电脑	
武极 AMD锐龙R5 2600/GTX1650/240G/游戏台式吃鸡电脑主机/DIY组装机",2788.00,武极电脑DIY旗舰店,1.4万+条评价
38,60126656831,联想(Lenovo)扬天M7200d 锐龙四核高性能商务家用网课办公台式电脑整机 21.5英寸全高清屏 定制R3-2200G/8G/1T单硬盘,3099.00,联想扬天京东自营授权旗舰店,900+条评价
39,45196456886,联想（Lenovo）扬天M4000s英特尔酷睿i5 办公台式电脑整机(i5-9400 8G 1T+256GSSD 2G独显 键鼠 串口)23英寸,4989.00,联想扬天京东自营旗舰店,2.9万+条评价
40,100007161631,戴尔（DELL）OptiPlex 7070MT I7商用办公台式机整机设计电脑游戏主机7060MT 单主机（无显示器） 主推：I7-9700/16G/128G/1T/集显,5089.00,戴尔商用雷泰龙专卖店,2800+条评价
41,10020380641571,华硕（ASUS）VivoBook14 2020笔记本电脑i5超薄轻薄本14英寸手提办公 冰晶银 十代i5-1035G1 8G 512GPCIE MX330-2G独显,4299.00,华硕恩荣专卖店,4900+条评价
42,11135319743,联想小新15性能版Plus 2020款15.6英寸设计师大屏窄边框四核超轻薄游戏本办公手提笔记本电脑 11代i5-1135G7 16G 512G｜标配 100%高色域屏 附带office,6299.00,联想众信授权专卖店,1.1万+条评价
43,100012696986,和谐号YD2308P 23.8英寸高清商用办公曲面一体机台式电脑(英特尔四核J4105/8G/256G 双频WiFi 3年上门 键鼠),1799.00,和谐号电脑京东自营官方旗舰店,1900+条评价
44,100015893792,小米游戏本Redmi G 16.1英寸4G独显轻薄红米笔记本电脑电竞吃鸡 办公 编程 设计 学生 【升级版】i5-10200H GTX1650Ti 4G独显 16G内存 512G高速PCIe 100%,5999.00,小米官方授权专卖店,1.2万+条评价
45,28555444938,梵泰 酷睿i3i5四核窄边框超薄一体机电脑办公家用游戏台式整机 23.8微边/酷睿I5/4G内存/120G固态,1268.00,梵泰电脑官方旗舰店,1700+条评价
46,67542470762,宏碁(Acer)墨舞EX215 15.6英寸轻薄大屏笔记本(四核N4120 4G 128GSSD 蓝光护盾 网课 办公 Win10),2199.00,宏碁商用京东自营旗舰店,3800+条评价
47,100007443967,惠普(HP)战66 微边框商用一体台式机电脑23.8英寸(RYZEN锐龙R3-4300U 8G 256GSSD Win10 Office 三年上门),2899.00,惠普京东自营官方旗舰店,1.4万+条评价
48,100015842956,联想(Lenovo)拯救者刃9000K 2020游戏电脑主机(i7-10700K RTX3080 10GB显卡 16G 2T+512G SSD 水冷 ARGB),15999.00,联想京东自营旗舰店,2.5万+条评价
49,100011494502,15.6英寸 超簿本 轻薄本 笔记本电脑轻薄 超级本 学生网上课堂电脑 远程办公电脑 笔记本电脑 J4105四核 8G内存 256G固态,1598.00,YEPO电脑旗舰店,2.7万+条评价
50,62542227740,联想(Lenovo)拯救者刃9000K英特尔酷睿i9 2020游戏电脑主机(i9-10900K RTX3080 10GB显卡 32G 2T+1TB  水冷),19999.00,联想京东自营旗舰店,2.5万+条评价
51,100014198930,"京品电脑	
14英寸增强版笔记本电脑 第十代酷睿全金属超轻薄红米游戏商务办公手提学生女生 【性价比银】i7-10510U 8G 512G固态 MX250 2G独显 Office办公软件",4399.00,小米官方授权专卖店,3200+条评价
52,16683828363,联想威6 2020款15.6/14英寸全新锐龙R5六核高性能超薄本游戏学生轻薄商务办公手提笔记本电脑 15.6英寸定制R5-4600U 16G 512G 100%sRGB 高色域 IPS全高清 浩瀚银,5469.00,联想扬天京东自营授权旗舰店,700+条评价
