﻿,goods_id,goods_name,goods_price,goods_store,goods_commit
0,68695474564,华为笔记本MateBook D 14 15 全面屏超轻薄商务办公手提电脑学生本 D14银｜i5-10210U 16G 512G现货,5466.00,华为德信专卖店,1万+条评价
1,18098916844,戴尔（DELL）燃5000灵越5493/5593  十代酷睿轻薄学生游戏本手提笔记本电脑皓月银 15.6英寸5593 i3十代酷睿 核显 8GB内存 256GB固态 定制,2989.00,戴尔宇熙世纪专卖店,1.2万+条评价
2,26515102479,"京品电脑	
机械师F117-V 144Hz全面屏游戏本十代i7-10870H八核RTX2060独显吃鸡笔记本电脑 荣耀版10代i7/8G/512G PCIE高速固态",8389.00,MACHENIKE机械师旗舰店,1万+条评价
3,100006365927,"京品电脑	
LG gram20款17英寸WQXGA 16:10雷电3 80Wh长续航 十代酷睿i7 16G 1TSSD 轻薄本笔记本电脑银色17Z90N-V.AA77C",11499.00,LG笔记本电脑京东自营旗舰店,1万+条评价
4,100009073821,【超级盒子】联想ThinkPad X1 Carbon 英特尔酷睿i7 14英寸轻薄笔记本电脑(十代i7 16G 512G WQHD)4G 沉浸黑,12988.00,ThinkPad京东自营旗舰店,1.5万+条评价
5,100013427382,惠普(HP)战99 G2 商用办公台式电脑主机（十代i7-10700 8G 1TB+256G 2G独显  Win10 Office 注册五年上门）,5499.00,惠普京东自营官方旗舰店,1.6万+条评价
6,100013252726,惠普(HP)战66 商用办公台式电脑主机（AMD锐龙R5-3400G 8G 512GSSD WiFi蓝牙 Office 注册五年上门）21.5英寸,3599.00,惠普京东自营官方旗舰店,2100+条评价
7,100013255310,联想ThinkPad X1 Carbon 2020(38CD)英特尔酷睿i7 14英寸笔记本电脑(十代i7 16G 512GSSD WQHD)4G版 沉浸黑,13999.00,ThinkPad京东自营旗舰店,1.5万+条评价
8,14677498221,联想(Lenovo)小新13 2020超轻薄笔记本电脑 高色域全面屏 高性能学生办公设计游戏本 十代i5 8G 256G MX350独显 定制银,4699.00,联想华东授权专卖店,9.8万+条评价
9,69817383246,联想ThinkPad X13 酷睿版 十代英特尔酷睿i5 13.3英寸商务办公轻薄笔记本电脑 i5-10210U 16G 256G固态 0CCD,6999.00,ThinkPad京东官方自营旗舰店,700+条评价
10,100014717922,RedmiBook Air 13.3 2.5k屏超轻薄(第十代英特尔酷睿i5-10210Y 8G 512G 100%sRGB 紫晶灰)笔记本电脑,4899.00,小米京东自营旗舰店,6.1万+条评价
11,20894319252,DELL戴尔7070mff 微型台式电脑迷你小主机酷睿I5I7游戏商用台式机办公MINI客厅HTPC 单主机/含键盘鼠标 i5-9500T/8G/256G Nvme/标配版,3499.00,戴尔商用千臣专卖店,5600+条评价
12,10022332910906,攀升战神二代 i9 10900F创意设计师视频剪辑影视后期设计师水冷游戏台式电脑主机整机 十代i9 10900F | RTX2060,8999.00,攀升官方旗舰店,70+条评价
13,10020635717339,联想拯救者R7000P 新品高端八核15.6英寸144Hz电竞屏3D设计轻薄手提游戏笔记本电脑 R7-4800H八核丨RTX2060 6G独显 16G 512G固态丨标准版,8899.00,联想众信授权专卖店,2800+条评价
14,71227662250,华硕(ASUS) 灵耀13 英特尔酷睿 13.3英寸轻薄笔记本电脑 100%sRGB 人脸识别 i5-1035G1 8G 512GSSD 松木青,5499.00,华硕电脑京东自营官方旗舰店,900+条评价
15,68500208504,联想ThinkPad E15 2020款 15.6英寸高端轻薄商务办公游戏手提ibm笔记本电脑i7- 10710U 16G 512G+1T@定制6DCD,7149.00,ThinkPad山东授权专卖店,1700+条评价
16,32174622772,华硕（ASUS）VivoBook15s笔记本电脑十代酷睿商务学习窄边框轻薄本 Redol丨R5-4500U丨16G丨512G,4199.00,clife旗舰店,9100+条评价
17,100015286070,中柏（Jumper）11.6英寸win10平板电脑二合一笔记本（6G+64G/N3450四核/win10)Epad pro8,1079.00,中柏平板京东自营旗舰店,2400+条评价
18,28404544531,戴尔（DELL）燃7000 灵越5493/5490/5590 轻薄超极本商务办公学生手提笔记本电脑 15.6英寸|i5-10210U|MX250-2G 16G内存 512GPCI-E固态+1T机械 定,4999.00,戴尔华宏创天专卖店,2万+条评价
19,11038818383,戴尔（DELL）灵越5493燃5000 14英寸酷睿十代轻薄便携独显窄边框商务办公手提笔记本电脑 i5-1035G1 8GB 512G固态店长推荐,4599.00,戴尔速达专卖店,7800+条评价
20,100009972496,微软 Surface Laptop 3 轻薄本 亮铂金 13.5英寸 | i5 8G+128G G7显卡 | 2.2K触屏 高色域 3:2生产力 | Alcantara掌托 | CNC铣削一体成型,7888.00,微软京东自营官方旗舰店,"去看二手
							1.4万+条评价"
21,11534559432,联想15s笔记本电脑 2020新款十代酷睿i3 15.6英寸大屏幕轻薄学生游戏商务办公本 标配版丨十代酷睿i3 8G 512G固态 FHD高清屏 Win 10丨亮银色,3569.00,联想华南授权专卖店,6100+条评价
22,30791623328,联想(Lenovo)小新Pro13 2020锐龙版全面屏性能超轻薄笔记本电脑 标配8核16线程R7-4800U 16G 512G 2.5K屏 100%sRGB高色域)灰,5349.00,联想有点授权专卖店,1.6万+条评价
23,100015839614,戴尔dell灵越15-5509 15.6英寸高色域全面屏超轻薄商务本(十一代i5-1135G7 16G 512G MX350 2GB独显)星空灰,5999.00,戴尔京东自营官方旗舰店,5.4万+条评价
24,100014449084,"京品电脑	
宏碁(Acer) 暗影骑士·威N50-N95游戏台式机 吃鸡游戏电脑主机(十代i5-10400F 16G 512G SSD RTX2060Super 8G)",7299.00,宏碁京东自营旗舰店,1.1万+条评价
25,100013178790,三星（SAMSUNG）13.3英寸Galaxy Book S 超轻薄笔记本电脑触控屏超静音长效续航(酷睿i5/8G/512GB)银河灰,8199.00,三星笔记本京东自营官方旗舰店,1600+条评价
26,65253406201,联想ThinkPad E14 14英寸 轻薄商务办公手提学生游戏笔记本电脑 酷睿i3-10110U 【标配银】8G内存 256G固态 39CD,3299.00,ThinkPad广东授权专卖店,2700+条评价
27,10023456636889,宏碁(Acer)新蜂鸟Fun 14英寸笔记本电脑 学生商务办公窄边框轻薄便携手提本 冰川蓝（i5-1135G7-16G-512G ),3799.00,宏碁京东自营官方旗舰店,100+条评价
28,50817004683,GPD p2 max 8.9英寸迷你口袋2K高清窄边框屏指纹解锁商务超轻薄手提触控固态掌上笔记本电脑 增强版|琥珀黑|8100Y 16GB 512G固态,4899.00,GPD笔记本官方旗舰店,2700+条评价
29,100008983809,惠普(HP)战66 微边框商用一体台式机电脑23.8英寸(十代i5-10500 8G 256GSSD+1TB 独显 Office 注册五年上门),5099.00,惠普京东自营官方旗舰店,1.4万+条评价
30,100007958257,ROG玩家国度光刃G15CK电竞游戏玻璃侧透台式电脑主机(英特尔酷睿i7-10700KF 16G 1TSSD+1T RTX2060S 8G独显),10969.00,玩家国度ROG京东自营官方旗舰店,3600+条评价
31,48457323632,【32/64位Win7系统】联想ThinkPad E490 14英寸酷睿i3/i5轻薄商务笔记本电脑 2QCD@i3-8145u 8G 128G+1T 定制Win7专业版/旗舰版   FHD屏,3699.00,ThinkPad华南授权专卖店,600+条评价
32,100013335052,"京品电脑	
联想( Lenovo )M10 PLUS增强版平板电脑10.3英寸全高清 4G+128GB 支持学生模式 德国莱茵护眼 网课平板 WIFI",1399.00,联想京东自营旗舰店,4.9万+条评价
33,10023324743436,华硕a豆 adolbook14s 增强版 11代酷睿 14英寸金属轻薄笔记本电脑 腾讯怪奇鹅版套装 i5-1135G7 16G 512G MX350,5689.00,adol官方旗舰店,100+条评价
34,100013333248,联想ThinkPad T14 酷睿版 英特尔酷睿i7 2020款(08CD) 14英寸轻薄笔记本电脑 i7-10510U 16G 512GSSD 2G独显 广视角屏,10999.00,ThinkPad京东自营旗舰店,5400+条评价
35,70861907945,苹果（Apple）ipad2019/2020新款第8代10.2英寸air2更新版平板电脑 WiFi版 2020款 银色 128G ( 官 方 标 配 ),3109.00,APPLE翔合专卖店,18万+条评价
36,59849797810,戴尔（DELL）灵越5000 5493/5593 14/15.6英寸十代学生商务办公笔记本电脑 5493:i5-1035G1 MX230 2G独显 8G内存512G固态 定制,4279.00,戴尔卓越专卖店,3600+条评价
37,10020021887036,惠普HP暗影精灵6游戏台式电脑主机 16G/256GSSD+1THDD/GTX1660Ti 6G独显 /酷睿十代i7/升级三年上门,6799.00,惠普中国京东自营官方旗舰店,200+条评价
38,46584678581,联想(Lenovo)扬天V330 14英寸独显超薄本轻薄超级本学生商务办公手提笔记本电脑 定制A4-9125/4G/128G+500G双硬盘 2G独显 星空灰 两年上门,3399.00,联想扬天京东自营授权旗舰店,4500+条评价
39,100014902310,"【十代新品】AOC 荣光815系列台式电脑 商用办公绘图设计台式机电脑整机 主机+AOC 21.5""显示器 十代双核G5905/8G/256G固态",2299.00,AOC电脑龙辰专卖店,4600+条评价
40,10023301458339,AOC 的卢916 十代酷睿电竞游戏台式电脑主机（i5-10400F 16G 256G+1T GTX1660S 6G独显 三年上门 背光键鼠）,5199.00,AOC电脑京东自营旗舰店,3000+条评价
41,100008799514,联想ThinkPad X1 Carbon 2020 英特尔酷睿i5/i7 14英寸轻薄商务笔记本电脑 十代i5 8G 512G 37CD 4G版,8999.00,ThinkPad京东官方自营旗舰店,300+条评价
42,27914580588,京天 决斗D58 AMD Ryzen5 2600/RX580/8G DDR4/240G游戏电竞吃鸡台式组装电脑DIY主机UPC,2699.00,京天（KOTIN）电脑京东自营旗舰店,2700+条评价
43,100008858851,惠普（hp）旗舰店 星14进阶版 11代新品 星13系列轻薄超薄商用手提学生女游戏笔记本电脑超极本 静谧银：【背光键盘版-11代进阶丨稀缺货源】 标准版...,5999.00,惠普授权旗舰店,3.9万+条评价
44,29317248552,神舟（HASEE）战神K45 十代专业设计师游戏台式电脑主机 （i5-10400 8G 512GSSD GTX1650 4G独显 WIN10）,3888.00,神舟电脑京东自营旗舰店,8000+条评价
45,65997444668,戴尔台式机 OptiPlex7060升级7070MT i7九代八核商用绘图设计3D渲染建模台式机电脑 配23.8英寸E2420H滤蓝光IPS屏 I7/16G/1T+256/1050Ti-4G独显,6999.00,戴尔商用祥云专卖店,3200+条评价
46,70786371039,华硕(ASUS)笔记本电脑顽石6代i5轻薄本Y4200 14英寸学生办公手提电脑 冰钻银 推荐丨i5-8265U 8G 256G固态 2G,3599.00,华硕恩荣专卖店,1600+条评价
47,20764164505,华为笔记本MateBook 14 2020款 轻薄本2K触控全面屏商务办公学生超薄笔记本电脑 灰｜十代i5 16G+512G MX350 触控屏,6488.00,华为康特专卖店,3100+条评价
48,100015521966,苹果（Apple）新款 iPad Air 10.9英寸平板电脑Air4 WIFI版 可选教育优惠版 20款 10.9英寸 深空灰 64G (官 方 标 配）,4799.00,APPLE翔合专卖店,4.6万+条评价
49,71841247253,机械师（MACHENIKE）未来战舰II代 水冷游戏台式电脑主机 （十代i9-10900K 32G 1T SSD+2T RTX3080 10G）,18999.00,机械师京东自营旗舰店,1.2万+条评价
50,100007249617,联想小新Air14 2021新款11代酷睿i5 14英寸超轻薄办公手提学生吃鸡游戏笔记本电脑 I5-1135G7 8G内存 512G固态丨推荐  MX450 2G独显 背光键盘IPS屏定制版银色,5699.00,联想德信专卖店,1万+条评价
51,57182453954,华硕a豆 adolbook13 2020 13.3英寸高颜值全面屏超轻薄全金属笔记本电脑 迷幻海洋套装 100%sRGB高色域 i5-1035G1 16G 512固态 MX350,5799.00,华硕电脑官方旗舰店,400+条评价
52,1530032313,和谐号 办公商用游戏台式电脑主机组装整机(九代i3-9100/8G/128G+1TB双硬盘 无线WiFi 3年上门)21.5英寸套装,2499.00,和谐号电脑京东自营官方旗舰店,5000+条评价
53,10023104521986,戴尔（DELL）Optiplex 7070MT商用办公电脑台式主机I7设计图形台式机7060MT 单主机（带键盘鼠标） 定制：I7-9700/16G/1T/256G/2G,5549.00,戴尔商用雷泰龙专卖店,300+条评价
54,10023342795726,梵泰（FOTEN）一体机电脑i5四核商用办公娱乐游戏台式电脑整机 18.5英寸/酷睿i5/4G/120G固态硬盘,1038.00,梵泰电脑官方旗舰店,6100+条评价
55,72262183023,联想（Lenovo）YogaDuet 英特尔酷睿i5 13英寸  二合一平板笔记本电脑 i5-10210U 16G 512G 2K触控屏 人脸识别 标配背光蓝牙键盘,7299.00,联想京东自营官方旗舰店,100+条评价
56,100013261244,联想(Lenovo)小新Pro14 2021款11代酷睿高性能全面屏轻薄笔记本电脑高色域独显游戏本 标配|i5-1135G7 16G 512G固态 MX450独显,6799.00,联想育新授权专卖店,700+条评价
57,100008640835,华硕(ASUS) 灵耀13 英特尔酷睿 13.3英寸轻薄笔记本电脑 100%sRGB 人脸识别 i7-1065G7 16G 1TB SSD 松木青,6989.00,华硕电脑京东自营官方旗舰店,900+条评价
