﻿,goods_id,goods_name,goods_price,goods_store,goods_commit
0,10020795399769,邪手水冷 十代i5 10400F/华硕RTX2060/游戏台式电脑主机 吃鸡电竞直播DIY组装机 高配电竞迷你mini,4499.00,邪手MOD水冷电脑旗舰店,400+条评价
1,59069110442,戴尔（DELL）2020款 灵越G3 3500 15.6英寸高性能游戏本电竞设计师笔记本电脑 i7-10750H GTX1650Ti 4G独显 16G/512G+1T定制,7299.00,戴尔卓越专卖店,2200+条评价
2,69214593078,华为荣耀MagicBook Pro笔记本电脑16.1英寸全面屏超薄本轻薄便携学生商务办公超极本 【20款Pro】十代i5+16+512mx350,5999.00,荣耀策山专卖店,4900+条评价
3,68011991788,神舟战神K670T/K670E/ZX6吃鸡游戏本MX350/GTX1650独显15.6英寸笔记本电脑 K670T-G4A2:G6400 8G 256G版,3299.00,神舟屹创专卖店,1500+条评价
4,14541673780,华硕（ASUS）飞行堡垒8 天选 15.6英寸窄边框电竞屏游戏笔记本电脑学生手提 飞8 i5-10200H  GTX1650Ti 配置一 8G/512G PCIE固态,5799.00,华硕金硕专卖店,9100+条评价
5,100005170605,联想拯救者r7000 15.6英寸锐龙R5六核游戏本p 2020办公设计本学生高色域全面屏笔记本电脑 GTX1650Ti 4G独显丨100%sRGB丨 竞速丨R5-4600H 8G内存 512G固态,6749.00,联想航电授权专卖店,1.4万+条评价
6,8557848,AOC AIO大师926 23.8英寸高清办公一体机台式电脑 (九代i5-9400 8G 512GSSD 旋转升降支架 支持壁挂 WiFi),4099.00,AOC电脑京东自营旗舰店,1.8万+条评价
7,33530906936,京天 Blitz 707 i7 10700/B460/240G SSD/8G DDR4内存/ 家用办公台式组装电脑游戏主机京东UPC,3699.00,京天（KOTIN）电脑京东自营旗舰店,3400+条评价
8,100007278657,联想新品ideapad15s酷睿版 15.6英寸轻薄笔记本电脑 办公设计游戏娱乐女生学生上网课便携本 升级：i3-10110U 20G内存+512G固态  银色,3899.00,联想航电授权专卖店,3.1万+条评价
9,65231363301,联想ThinkPad T14 酷睿版 英特尔酷睿i5 2020款(02CD) 14英寸轻薄笔记本电脑(i5-10210U 8G 512GSSD UHD 4K显示屏),8999.00,ThinkPad京东自营旗舰店,5400+条评价
10,100002772401,新品华为笔记本MateBook D 14/15 轻薄本商务办公本笔记本电脑学生 D15 i7-10510U 16G 512G独显银,6888.00,华为兰焜专卖店,2200+条评价
11,5786535,联想ThinkPad T490(03CD)14英寸轻薄笔记本电脑(i5-8265U 8G 1TSSD 2G独显 2K高清屏 人脸识别摄像头),11499.00,ThinkPad京东自营旗舰店,5400+条评价
12,10020003279094,京天 Strike S69 i7 10700/RTX2060/16G DDR4/500G NVMe台式吃鸡游戏组装电脑主机UPC,6999.00,京天（KOTIN）电脑京东自营旗舰店,2300+条评价
13,61926533696,酷比魔方 iPlay20 2020新款10.1英寸八核大屏双4G通话学生学习平板电脑安卓 标配:(全贴合屏4G+64G，4G通话上网),699.00,酷比魔方旗舰店,9400+条评价
14,42589196729,"拍拍	
【二手9成新】联想电脑台式机酷睿i5/i7固态512G商务办公家用网课学习二手电脑主机 套餐四【A73 8G 120G固态送20寸】",999.00,淘正二手电脑专营店,2800+条评价
15,100014468978,联想拯救者Y7000 2020款15.6英寸高色域游戏笔记本电脑p专业电竞本酷睿i7-10750H 16G 512G固态 GTX1650电竞显卡 标配,7699.00,联想西南授权专卖店,5700+条评价
16,62685076932,ROG幻15 十代8核英特尔酷睿i7 15.6英寸4K屏创意设计师商务本轻薄笔记本电脑(i7-10875H 16G 512G RTX2060)灰,12969.00,玩家国度ROG京东自营官方旗舰店,3000+条评价
17,41847385983,华为笔记本MateBook D 14 15 全面屏超轻薄商务办公手提电脑学生本 D15银｜R5-4500U 16G内存 512固态,4999.00,华为德信专卖店,1万+条评价
18,56234462862,华为荣耀笔记本MagicBook 14/15 2020新款笔记本电脑 轻薄本商务办公学生超级本 14SE/R5-3500U/16G/512G/现货 银色,4399.00,华为比特专卖店,3900+条评价
19,67672773658,机械革命Z2Air-S蛟龙Z3全面屏轻薄游戏本十代i7独显学生商务设计笔记本高色域提电脑15.6英寸 【Z2/z3竞技系】i7-1650-100%高色域 【进阶版】8G|512GPCIE,6499.00,机械革命旗舰店,1.7万+条评价
20,100014804474,联想（Lenovo）小新13十代酷睿i5轻薄本 2020款高色域笔记本电脑 商务设计游戏便携设计本 定制丨i5 10210U 8G 256G 独显 13.3英寸 银色,4599.00,联想航电授权专卖店,2.8万+条评价
21,58921206255,小米Pro增强版 2020款 15.6英寸笔记本电脑全金属超轻薄 设计做图 商务办公手提红米学生游戏 十代酷睿i5-10210U 8G 512G固态 MX250 2G独显100%sRGB高色域荣耀灰,4999.00,小米官方授权专卖店,6900+条评价
22,10020430734276,雷神(ThundeRobot) 911Air星战三代 15.6英寸游戏笔记本电脑(十代八核i7-10870H 16G 512GSSD GTX1650),6599.00,雷神京东自营官方旗舰店,2万+条评价
23,59079277612,15.6英寸轻薄笔记本电脑商务办公上网课大学生女生款游戏本超薄便携超级本手提 新品十代四核J4115 16G内存 512G M.2固态  微边框全面屏,3299.00,iru旗舰店,1900+条评价
24,100009021911,航向者i5 9400F升10400/i7 10700/GTX1650吃鸡游戏台式电脑主机DIY组装机 套一/i3 10100F/8G/GTX1050Ti,1899.00,航向者组装电脑旗舰店,1.6万+条评价
25,10873703489,联想(Lenovo)威6 2020新品锐龙版 15.6英寸大屏高性能游戏笔记本电脑设计办公手提轻薄本 6核R5-4600U 16G 512G固态丨升级 100%sRGB IPS全高清屏 背光键盘 皎洁,4488.00,联想佳运汇通专卖店,2.3万+条评价
26,67464585604,aierxuan夜行者X1 十代桌面级CPU笔记本电脑GTX1650Ti显卡17.3英寸吃鸡游戏本 GTX1650Ti版本/144Hz电竞屏 套餐一,5799.00,爱尔轩笔记本电脑旗舰店,1400+条评价
27,10021425829495,【新品酷睿四核i7+IPS屏】15.6英寸轻薄金属笔记本电脑 超薄高性能游戏本办公商务本大学生超级本 高频版 酷睿i7+ 8G内存/256G固态,3199.00,iru旗舰店,3200+条评价
28,67657607492,横远i5 10400/GTX1660S 6G/32G内存高配水冷台式吃鸡直播游戏组装电脑主机全套网吧 配置三,3899.00,横远DIY电脑旗舰店,3300+条评价
29,68646673177,惠普（HP）战99-K3 15.6英寸 工作站 设计本 笔记本i9-10885H/32G/1T SSD/T1000 4G独显/UHD/Win10/3年保修,14999.00,惠普京东自营官方旗舰店,1.6万+条评价
30,71228061011,联想拯救者Y9000X轻薄笔记本电脑15.6英寸标压酷睿i7/i5高端性能本可选4K高色域屏 i7-9750H 16G 1TB固态 标配 高色域+双雷电3接口,7299.00,联想华东授权专卖店,2200+条评价
31,100009153328,小米笔记本电脑RedmiBook 14英寸锐龙高性能超轻薄游戏办公红米学生网课手提荣耀银手机互传 【四核】R5-3500U 16G 512G高速固态 预装office办公软件,3499.00,小米官方授权专卖店,4600+条评价
32,69624058843,联想ThinkPad E14 Slim 十代英特尔酷睿 14英寸商务办公轻薄笔记本电脑双面金属 i7-10710U 8G 512G 独显 18CD,6799.00,ThinkPad京东官方自营旗舰店,200+条评价
33,65143749073,华为笔记本 MateBook 14 2020款 超轻薄本超极本全面屏商务办公手提电脑 灰｜十代i7 16G 512G MX350 触屏版 官方标配【预装正版Office】,7888.00,科族数码专营店,3500+条评价
34,10022073725904,宏碁（Acer）旗舰店 蜂鸟FUN Plus S50/S40轻薄学生网课游戏基手提笔记本电脑15.6 14”【银色】十代i5-10210U/MX350 极速版：20G/512G SSD,4699.00,Acer宏碁旗舰店,4200+条评价
35,58567758490,联想ThinkPad E14 14英寸 轻薄商务办公手提学生游戏笔记本电脑 酷睿i3-10110U 【定制黑】8G内存 256G固态 06CD,3299.00,ThinkPad广东授权专卖店,2700+条评价
36,100001628075,京天 决斗D5S i5 10400/GTX1650 D6/华硕B460/16G DDR4/240G游戏电竞吃鸡台式组装DIY电脑主机UPC,3999.00,京天（KOTIN）电脑京东自营旗舰店,1.2万+条评价
37,42229849231,新品华硕(ASUS) VivoBook15s 15.6英寸轻薄笔记本电脑 酷睿十代 商务办公学习电脑 15.6银 十代i7-1065G7 MX330 8G 512G  标配,5689.00,华硕汉腾专卖店,1100+条评价
38,37029266336,宏碁（Acer）旗舰店 蜂鸟FUN Plus S50/S40轻薄学生网课游戏基手提笔记本电脑15.6 15”【红色】十代i5-10210U/MX350 标准版:8G/512G PCIeSSD【六倍提速,4188.00,Acer宏碁旗舰店,4200+条评价
39,10021069580638,联想小新Air15 2021高色域锐龙版R5全面屏金属轻薄笔记本电脑R7商务办公本学生办公设计游戏本 八核R7-4800U 16G 512G|标配 100%高色域,5599.00,联想育新授权专卖店,3400+条评价
40,71201615254,华为荣耀笔记本电脑MagicBook Pro 16.1英寸轻薄本手提商务办公超极本 SE银|R5-3550H 16G 512G【现货】 标配,4599.00,千百回电脑专营店,4500+条评价
41,43348757790,京天 Victory V86 i9 10900K/RTX2070 SUPER/Z490/1T M.2 SSD/16G内存/台式组装电脑游戏吃鸡主机UPC,11888.00,京天（KOTIN）电脑京东自营旗舰店,2500+条评价
42,40818101696,【十代新品】AOC739一体机电脑曲面屏超薄家用办公游戏四核i3 i5 i7六核台式高配整机全套 十代i5-10400+16G+512G固态,4399.00,AOC电脑海克专卖店,1600+条评价
43,43539646608,华为（HUAWEI）笔记本电脑MateBook D15/14 轻薄便携商务办公学生超薄本 D14银丨R5-4500U 16G 512G固态,4899.00,华为新通路专卖店,2万+条评价
44,10020928577814,小米RedmiBook 14英寸二代锐龙版高性能超薄办公游戏红米学生上网手提笔记本电脑荣耀银手机互传 一代【四核】R5-3500U 16G 512固态,3468.00,小米瑞通专卖店,600+条评价
45,20043866642,"京品电脑	
惠普（HP）光影精灵6pro电竞版 新锐龙7nm 暗夜暗影电竞吃鸡游戏笔记本电脑旗舰店 R5-4600H六核芯 GTX1650-4G 电竞 8G 512G PCIE 15.6英寸",5499.00,惠普授权旗舰店,2600+条评价
46,100009070559,戴尔（DELL） 成就5490/5402 14英寸10代U窄边框金属轻薄商务办公学生手提笔记本电脑 5402 11代i7 16G 512G MX350 2G独显 极速快充  全国一年上门服务 定制升级,6599.00,戴尔宇熙世纪专卖店,1400+条评价
47,71649320627,神舟战神ZX6/TX6十代标压i5 GTX1650/1650Ti独显学生手提游戏本笔记本电脑 K670T-G4A2:G6400/8/512G,3688.00,神舟海神专卖店,1.2万+条评价
48,57539091370,宏碁acer 宏基11代新蜂鸟FUN 商务办公 S50/S40 轻薄本女学生网课笔记本游戏本A515 15.6英寸丨i5 十代 MX350 独显【银色】 极速版： 8G / 512固态,3968.00,宏碁Acer硕和专卖店,4300+条评价
49,100008326677,联想(Lenovo)旗舰店小新15 2020锐龙版超轻薄笔记本电脑AMD锐龙版(全新7nm) 标配R7-4800U/16/512G固态 银色,5399.00,联想授权旗舰店,2500+条评价
50,71354290730,15.6窄边框 全面高清 大屏超极本轻薄本 游戏本 笔记本电脑 女超薄本办公本 得峰 网课笔记本电脑 银色Intel-J4105-12G内存 SSD500G固态硬盘,2098.00,得峰旗舰店,6.3万+条评价
51,100010921266,微软Surface Laptop Go 超轻薄触控笔记本 砂岩金 | 12.4英寸 英特尔酷睿i5 8G 256G SSD 金属键盘 网课办公,6888.00,微软京东自营官方旗舰店,1.4万+条评价
52,11547179902,戴尔（DELL）灵越5493燃5000轻薄本酷睿十代i5/i7窄边框商务办公学生笔记本电脑 MX230独显2G银色 四核十代i5-1035G1 8G内存+512G固态 定制,4199.00,戴尔康特专卖店,2500+条评价
53,10020392647459,华为荣耀笔记本电脑MagicBook Pro 16.1英寸轻薄本手提商务办公超极本 银|R5-3550H 16G 512G [现货] 标配,4599.00,千百回电脑专营店,4500+条评价
