﻿,goods_id,goods_name,goods_price,goods_store,goods_commit
0,60185181579,惠普（HP）星14/15【11代新品】青春版笔记本电脑15.6英寸窄边框全面屏轻薄大学生手提游戏本 i5-1135G7【MX450 2G】15寸高清屏 配置三：16G/512G固态【标配】,5987.00,惠普电脑授权专卖店,2万+条评价
1,10021716587190,惠普（HP）星14青春版 14英寸轻薄便携 超轻薄金属商务办公学生游戏手提笔记本电脑 星14青春版【星空银-锐龙版R5】 套餐二 8G/PCI-E 512G【新品】,4148.00,惠普赞晓专卖店,1.3万+条评价
2,100013208402,宏碁(Acer)暗影骑士·擎 17.3英寸 144Hz高色域 吃鸡游戏本（新标压I5/16G/1TSSD/RTX2060 /背光键盘）,8299.00,宏碁京东自营旗舰店,4万+条评价
3,68230542787,华为荣耀笔记本MagicBook Pro旗舰版全面屏轻薄本超薄本学生商务办公手提电脑超极本网课本 银|锐龙R5/16G/512固态/高色域 全面屏,4699.00,荣耀方和专卖店,1500+条评价
4,13290678723,联想扬天V系列 2020款14英寸酷睿i5四核高端性能学生超薄本家用轻薄游戏商务办公手提笔记本电脑 标配i5-1035G1/8G/512G固态 2G独显 IPS全高清屏 星空灰,5269.00,联想扬天京东自营授权旗舰店,2100+条评价
5,32954858548,联想ideapad14S 2020款 锐龙版 手提超轻薄本学生设计师商务办公超薄笔记本电脑 游戏本 定制｜R3-4300U｜12G｜512G固态,4299.00,联想华北授权专卖店,2.7万+条评价
6,46278793178,海兰 一体机电脑X6台式家用办公设计网课游戏电脑酷睿i3i5整机G40可壁挂23.8英寸高清IPS屏 【酷睿九代】i3-9100 8G 240G SSD,2979.00,海兰电脑数码专营店,5700+条评价
7,56280907639,联想ThinkPad E490（23CD）笔记本电脑14英寸FHD高清商务办公超薄2G独显 升级版：I5-8265U 16G 256G+1T,4999.00,ThinkPad东南授权专卖店,3000+条评价
8,12458826165,"惠普（HP）旗舰店 星14系列青春版 14英寸学生窄边框超轻薄新锐龙笔记本电脑 全新R7-4700U 7nm制程 八核芯14.0"" 进阶版：16G 512G PCIE固态",4799.00,惠普授权旗舰店,7300+条评价
9,25361143550,联想ThinkBook 14s 酷睿版 王源同款14英寸时尚商务办公轻薄笔记本电脑 i7 8G 512G傲腾增强型固态 独显 2KCD,6999.00,ThinkPad京东官方自营旗舰店,8600+条评价
10,45196456887,攀升i7 10700K/RTX3070/华硕Z490/16G直播游戏台式电脑主机DIY组装机,10299.00,攀升DIY电脑旗舰店,300+条评价
11,12457135255,戴尔（DELL）灵越5493/5593/5000 2020新款学生游戏商务办公轻薄家用手提笔记本电脑 成就3501【i3/1005G1】15英寸淡金 办公版 8G内存/256G固态【推荐】,3399.00,戴尔阳光雨尉专卖店,1.2万+条评价
12,61743850724,联想小新15性能版Plus 2020款15.6英寸设计师大屏窄边框四核超轻薄游戏本办公手提笔记本电脑 11代 i5-1135G7 16G 1TB｜升级 100%高色域屏 附带office,6799.00,联想众信授权专卖店,1.1万+条评价
13,49483767152,联想(Lenovo)小新Air14酷睿10代/2021-11代超轻薄学生商务办公笔记本电脑 高配：i5-1035G1 16G 512G 固态 高性能独显,5499.00,联想昌盛授权专卖店,1600+条评价
14,10950969526,戴尔（DELL）Latitude 智锐3510 15.6英寸笔记本电脑 轻薄商务办公学生家用手提电脑 定制：5205U/8G/1T/128G,2980.00,戴尔商用地升专卖店,3300+条评价
15,58650836038,戴尔(DELL)成就3881 全新10代处理器 商用办公台式机电脑 游戏迷你主机 主机+27英寸高清显示器 i5-10400 8G 1T 2G独显 定制,4999.00,戴尔百诚台式机专卖店,4200+条评价
16,25168769085,宏碁（acer） 墨舞EX215 15.6英寸轻薄商务办公宏基笔记本电脑 套餐三【四核N4120/8G/512G固态】 背光防眩光雾面屏 WiFi 蓝牙,2656.00,宏碁沃美嘉专卖店,2300+条评价
17,12594068022,方正（iFound）台式机  家用办公电脑主机整机全套 支持win7 四核i3-9100 8G 240G 单主机+21.5英寸显示器,2999.00,方正（ifound）电脑富丽达专卖店,500+条评价
18,70103903989,联想ThinkPad E480 14英寸窄边框商务办公手提笔记本电脑超轻薄本 酷睿八代 【i5】16G 512G固态@3RCD定制,4299.00,ThinkPad华东授权专卖店,1.4万+条评价
19,58847113247,【定制Win7-32位】联想台式机 商用办公税控台式电脑主机 WIN7系统电脑整机 大机箱+19.5英寸显示器IPS 定制G3930T 4G 500G 无光驱 W7,2899.00,联想扬天华南授权专卖店,3100+条评价
20,10020868138471,惠普（HP）星14 十一代酷睿14英寸学生女粉色笔记本电脑独显 窄边框办公手提轻薄便携本 十一代i5-1135G7 MX450荣耀银 16G内存 512GB高速固态 标配版,5399.00,惠普诚启专卖店,600+条评价
21,14184533665,京天 i5 10400F/10600KF/RTX2070S/3070游戏台式电脑主机DIY电脑组装机 配置二 10400F/RTX2070S/500G,6399.00,京天DIY电脑旗舰店,90+条评价
22,34735947181,惠普（HP）战66 三代AMD版 指纹识别+背光键盘轻薄笔记本电脑 商务精英办公 学生本 全新锐龙 14英寸 精装升级版 六核R5-4500U/8G/512G固态/高清屏,4299.00,惠普峻峰专卖店,1.2万+条评价
23,13154766588,联想（Lenovo）扬天V330 14英寸笔记本电脑娱乐商务影音家用学生手提电脑 高清屏 定制A4-9125 8G 500+128G固态,2588.00,联想扬天丽邦专卖店,4800+条评价
24,67515660192,15.6英寸四核超薄本笔记本电脑轻薄本学生游戏手提商务办公超级本上网本分期免息电脑笔记本 太空银 套餐九 高配【8G内存+128G高速固态】,1629.00,格莱富电脑旗舰店,5700+条评价
25,100015707124,戴尔（DELL）成就5000 -1625 / 1725 15.6/14英寸2G独显轻薄笔记本电脑 5502：11代i7/32G/1T固态 定制,7499.00,戴尔卓越专卖店,6200+条评价
26,24711562637,联想（Lenovo）V330 14英寸超轻薄独显商务办公学生手提笔记本电脑 A4-9125 8G内存 500G+128G双硬盘 2G独显 全高清屏 星空灰 精装升级,2999.00,联想佳运汇通专卖店,4000+条评价
27,70801692636,华为荣耀笔记本电脑MagicBook Pro 16.1英寸全面屏轻薄本高清屏win10版 【锐龙版】R5-3550H16G512G+原装包鼠,4899.00,荣耀京诚专卖店,1100+条评价
28,100011103350,宁美国度 魂 水冷设计电脑台式机主机（i9 10900K 16G RTX3090 1T固态）三年上门,23999.00,宁美国度一体机京东自营旗舰店,100+条评价
29,71175901648,华硕（ASUS）VivoBook15s笔记本电脑十代酷睿商务学习窄边框轻薄本 i5-1035G1丨MX330丨8G丨512G,4289.00,clife旗舰店,9100+条评价
30,31595170144,华为 荣耀笔记本电脑 MagicBook 14/15.6英寸2020轻薄本超极本高清屏学生商务办公 银14R5-3500U 8+256+原厂包鼠  官方标配,4199.00,荣耀咖博专卖店,2100+条评价
31,10021872907129,雷霆世纪 觉醒X2C 酷睿九代品牌游戏台式机/电脑主机（i5 9400F GTX1660Super 16G 256G+1T WIN10 三年上门）,4999.00,雷霆世纪（Raytine）京东自营旗舰店,300+条评价
32,29961635545,狄派 intel酷睿i7四核独显 吃鸡游戏 电竞台式机 电脑主机 组装电脑 整机全套 主机+24英寸曲面显示器 配置三(酷睿i7/16G/GTX1060),3899.00,狄派电脑旗舰店,200+条评价
33,37356097993,戴睿2020指纹解锁超轻薄笔记本电脑15.6英寸窄边框全新四核便携手提学生商务办公游戏上网本背光键盘 炫酷银 【套5】12G内存+512固态硬盘,2358.00,戴睿旗舰店,2.1万+条评价
34,71545250423,联想拯救者Y7000P 2020款十代酷睿i7六核15.6英寸高性能吃鸡游戏本电竞屏笔记本电脑 i7-10750H六核 GTX1650Ti4G独显 16G 512G固态｜标配版 144Hz刷新率电竞屏,8499.00,联想众信授权专卖店,1900+条评价
35,10021073792568,名睿高配水冷I7/32G/GTX1660super吃鸡电竞游戏办公网吧DIY组装台式电脑主机全套 套餐五,3999.00,名睿组装电脑旗舰店,3400+条评价
36,23261958817,惠普（HP）星14青春版 小欧14S笔记本电脑星14英寸轻薄便携窄边框学生家用商务办公手提电脑 初恋粉【赛扬N4000】 推荐四：8G/256G固态,3299.00,惠普老熟人专卖店,4500+条评价
37,54186875511,戴尔（DELL）G3游戏笔记本电脑3500 15.6英寸窄边框轻薄标压新灵越游匣游戏本 新G3 i5-10200H 4G独显120Hz 8G内存 512G固态无机械硬盘 定制版,5599.00,戴尔启予专卖店,7300+条评价
38,100013209806,戴睿2020指纹解锁超轻薄笔记本电脑15.6英寸窄边框全新四核便携手提学生商务办公游戏上网本背光键盘 珍珠白 【套餐3】【限量升级】8存+256G固态+500G,2058.00,戴睿旗舰店,2.1万+条评价
39,10021774397217,戴尔（DELL）灵越5000 5593/5493 成就3401超极本学生办公女生轻薄本手提笔记本电脑 14英寸|银色|十代i3-1005G1|UHD 8G内存 256GPcie固态+1T机械 定制版,3399.00,戴尔华宏创天专卖店,1.1万+条评价
40,69084604332,惠普(hp)星系列 青春版14/15.6英寸轻薄商务办公游戏十一代酷睿男女学生超薄笔记本电脑预售中 星系列14【i5-1135g7 mx450独显】 旗舰版：8g内存 512g固态【...,5599.00,惠普汇通专卖店,2800+条评价
41,58650393658,雷蛇(Razer)灵刃15标准版 2020款 15.6英寸轻薄游戏笔记本电脑（i7-10750H 16G 512G RTX2070MaxQ 100%sRGB 144Hz IPS 雷电3 m2可加装）,13999.00,雷蛇电脑京东自营旗舰店,3100+条评价
42,27397632832,优胜美电i7 10700/P620平面设计师3D视频剪辑渲染建模黑蘋果图形工作站台式组装水冷电脑主机 I7 10700+16G内存+双硬盘 方案一/Quadro P400 2G专业显卡,4688.00,优胜美电设计电脑旗舰店,4600+条评价
43,70491016244,世纪之星 英特尔酷睿i3-9100F升酷睿i5/GTX1650独显吃鸡多开LOL游戏组装电脑台式整机 主机+24英寸曲面显示器 配置一：九代i3/GTX750/8G,2299.00,世纪之星电脑整机旗舰店,200+条评价
44,100014959302,阿玛塔 i5 9400f六核/GTX1060组装电脑主机台式机办公吃鸡游戏整机英雄联盟 套餐三（9400F/GTX1060 3G)16G,2899.00,阿玛塔电脑旗舰店,2100+条评价
45,27397632830,新品华为笔记本MateBook D 14/15 轻薄本商务办公本笔记本电脑学生  六核D15 R5-4500U 16G 512 银,5199.00,华为兰焜专卖店,2200+条评价
46,69247330571,华为荣耀笔记本电脑MagicBook 14/15英寸超薄本轻薄本学生商务办公手提笔记本电脑 Pro SE R5 3550H 16 1T升级版,5199.00,金博盛笔记本专营店,3.5万+条评价
47,68412331624,华硕（ASUS）VivoBook15s轻薄笔记本电脑十代酷睿商务办公便携全面屏窄边框独显轻薄本 冰钻银/i5-1035G1/MX330-2G独显 8G丨512G固态丨1T套餐四,4799.00,华硕智凝专卖店,2.3万+条评价
48,30508033105,微星游戏本 冲锋坦克2 GL75 游戏笔记本电脑17.3英寸144Hz电竞屏十代i7标压赛睿背光键盘 十代i7/RTX2060/16G/512G固态,8989.00,微星电脑京东自营旗舰店,800+条评价
49,71106667251,雷神(ThundeRobot) 新911绝地武士 16.6英寸游戏笔记本电脑(十代八核i7-10870H 8G 512GSSD RTX2060 144Hz),8399.00,雷神京东自营官方旗舰店,2万+条评价
50,14317699250,华为荣耀笔记本电脑MagicBook 14/15英寸超薄本轻薄本学生商务办公手提笔记本电脑 20款pro十代I5-16G 512G MX350,6299.00,金博盛笔记本专营店,3.5万+条评价
51,100014325164,雷神（ThundeRobot）911黑武士Ⅱ 十代酷睿水冷吃鸡游戏台式电脑主机高端设计制图编程台式机 水冷十代i5-10400/GTX1650-4G 16GB内存 256GB NVMe+1TB机械,5499.00,雷神汇智云端专卖店,2200+条评价
52,28260111826,鑫锐 i7 10700升酷睿i9/R7/RTX2060 3070吃鸡游戏直播台式电脑主机DIY组装机 配置一(升级版):FX八核/RX560,2499.00,鑫锐电脑旗舰店,2.1万+条评价
53,100010816690,15.6英寸轻薄酷睿笔记本电脑游戏学生全面屏 超级本  上网本办公十代高性能便携手提电脑笔记本免息 银灰色 旗舰PROS-5005U【8G运行+512G固态】,2588.00,格莱富电脑旗舰店,5200+条评价
54,18172680128,华硕（ASUS）顽石6代14/15.6英寸轻薄便携商务办公笔记本电脑学生游戏本VivoBook15s 【15.6英寸】银i7-1065G7/MX330 配置三 8G/256G固态+1TB机械,5599.00,华硕金硕专卖店,8400+条评价
