﻿,goods_id,goods_name,goods_price,goods_store,goods_commit
0,68628594397,华为笔记本MateBook D 14 15高性能全面屏锐龙轻薄本超极本学生商务办公手提笔记本电脑 银|D14 十代i5 16G 512G 独显 标配  预装Win10+Office软件,5499.00,笔吧官方旗舰店,4800+条评价
1,25579502143,联想ThinkPad E480 14英寸窄边框商务办公手提笔记本电脑超轻薄本 酷睿八代 【i3】8G 1T+256G@3PCD定制,3299.00,ThinkPad华东授权专卖店,1.4万+条评价
2,4820525,攀升 P87 锐龙R5 2600六核/升华硕RX590 8G/华硕 B450M/240G M.2/8G游戏台式DIY组装电脑主机京东UPC,3499.00,IPASON攀升电脑京东自营旗舰店,5.2万+条评价
3,100006461111,华硕(ASUS) 猎鹰V4 23.8英寸商用办公一体机电脑(酷睿i5 8G 512GSSD 2G独显 全高清 上门售后)白,4799.00,华硕京东自营官方旗舰店,7700+条评价
4,100015470366,Apple iPad Air 10.9英寸 平板电脑（ 2020年新款 64G WLAN版/A14芯片/触控ID/全面屏MYFQ2CH/A）天蓝色,4799.00,Apple产品京东自营旗舰店,1.7万+条评价
5,28848395337,联想拯救者Y7000 2020新品酷睿i5/i7十代P高色域性能独显游戏本 吃鸡学生设计师笔记本电脑 升级版i5-10200H  16G 512G固态 GTX1650-4G电竞显卡,7089.00,联想汇汉授权专卖店,2.8万+条评价
6,10020271760545,联想 小新pro13 锐龙版13.3英寸超薄便携商务办公女生笔记本电脑2.5K高色域人脸识别超级本 R5-3550H 核显 银色 官配 16G内存 512G固态,4999.00,联想爱特家专卖店,2000+条评价
7,23193661142,亚当贝尔24-27英寸曲面超薄一体机电脑 酷睿i5/i7独显游戏组装吃鸡办公家用台式电脑主机整套 27英寸/酷睿i5/4G独显/256G,3099.00,亚当贝尔电脑旗舰店,1.9万+条评价
8,100010935790,华硕(ASUS) PN61S 商用办公家用教育 台式机电脑主机 (i5-8265U 256G SSD 8G 正版Win10 三年上门) 迷你台式,2899.00,华硕京东自营旗舰店,3200+条评价
9,10330829019,航向者i5 9400F/10400F/4G电竞独显/240G吃鸡游戏台式组装电脑主机/DIY组装机 配置一/i5 9400F/RX560 4G,2199.00,航向者组装电脑旗舰店,2万+条评价
10,45844182116,15.6英寸超轻薄本 高速固态硬盘 笔记本电脑轻薄超级本 学生网上课堂电脑 远程办公本 得峰电脑 银色--超窄边框Intel-J3455/8G内存 SSD512G高速固态硬盘,1959.00,得峰旗舰店,6.3万+条评价
11,30962332645,武极 i7 10700/华硕RTX 2060SUPER/240G吃鸡游戏台式电脑主机DIY组装机,6788.00,武极电脑DIY旗舰店,1700+条评价
12,100008705347,宏碁(Acer)非凡S5 时尚触控屏超轻薄本 抗菌设计 笔记本电脑(11代英特尔酷睿i5 16G 1TSSD Win10 指纹识别)绿,6599.00,宏碁京东自营旗舰店,6100+条评价
13,72473159362,【多仓发货】海尔（haier）窄边框 笔记本电脑轻薄 学生网课 办公手提电脑 【15.6英寸】S15Pro 8G内存 128G+500G存储【定制双硬盘】,2358.00,海尔电脑旗舰店,1万+条评价
14,10020348450995,【指纹解锁】笔记本电脑游戏本酷睿i7轻便手提窄边框15.6英寸澳典大学生超薄本学习商务办公轻薄本 酷睿i7  16G内存 512G固态,3498.00,澳典笔记本旗舰店,3.3万+条评价
15,45557776839,【自带WiFi】武极 i7 10700/P1000/16G高端3D渲染建模图形工作站创意设计师组装机,5988.00,武极电脑DIY旗舰店,700+条评价
16,26877580263,惠普（HP）星14青春版 14英寸轻薄便携 超轻薄金属商务办公学生游戏手提笔记本电脑 星14青春版【优雅银-高清屏】 套餐二 8G/PCI-E 512G【新品】,3599.00,惠普赞晓专卖店,1.3万+条评价
17,100011817084,华硕(ASUS) 猎鹰V4 23.8英寸商务办公学习一体机电脑(酷睿i3 4G内存 512GSSD 全高清 上门售后)白,3699.00,华硕京东自营官方旗舰店,7700+条评价
18,46133264869,联想新品ideapad15s 酷睿I3 轻薄笔记本电脑 商务设计游戏娱乐女生学生网课 升级：i3-10110U 12G内存 512G固态 银色,3669.00,联想卓电授权专卖店,1100+条评价
19,100015522620,戴尔(DELL)G5 英特尔酷睿i5电竞游戏本笔记本电脑(16G内存 512G固态硬盘 1650Ti显卡 外星人智控中心),6199.00,戴尔京东自营官方旗舰店,4.6万+条评价
20,100015921260,联想ThinkPad X1 Carbon 2020(7FCD)英特尔酷睿i5 14英寸轻薄笔记本电脑(十代i5 16G 512G)4G版 沉浸黑,10499.00,,1.5万+条评价
21,10023171877396,【酷睿i7 指纹解锁】酷耶 15.6英寸 笔记本电脑 游戏本 轻薄本 商务本 轻便手提家用办公 酷睿i7 6650U/8G/128G 6秒开机,2999.00,cooyes笔记本官方旗舰店,1万+条评价
22,7340883,攀升 E28升i5 10400六核/H410/高频8G/240G固态/商务键鼠/家用办公企业采购台式组装电脑京东UPC,2599.00,IPASON攀升电脑京东自营旗舰店,6500+条评价
23,100007151999,"京品电脑	
戴尔DELL灵越7000英特尔酷睿i5 轻薄本 设计师 笔记本电脑 15.6英寸(十代标压i5 8G 512GSSD GTX1650 全面屏)",8499.00,戴尔京东自营官方旗舰店,1.5万+条评价
24,69358232349,攀升 战神水冷十代i7 10700F电竞游戏台式电脑主机/DIY组装机 配置四【十代i7 10700F RTX2060S】 单主机,7799.00,攀升官方旗舰店,700+条评价
25,65987134067,奥珀特酷睿十代i5 10400f台式电脑独显高配游戏台式机组装电脑主机全套电竞直播吃鸡主机全套曲屏 套餐五(十代i5-10400f/RTX2060,5799.00,奥珀电脑专营店,100+条评价
26,10022053571713,中柏（Jumper） 14英寸轻薄笔记本电脑便携商务办公超极本学生上网本手提电脑 N3350/6G+128G硬盘,1249.00,中柏柏万智能专卖店,200+条评价
27,65343008383,戴尔（DELL）OptiPlex 7060升级款7070MT 商用办公做图设计3D建模台式机电脑主机 i7-9700 16G 256固态+1T GTX1660-6G独立显卡 定制版,6999.00,戴尔商用润弘专卖店,1000+条评价
28,100008133549,AOC 荣光910 迷你商用办公台式电脑整机 (Intel G5420 高频8G 1T 三年上门 商务键鼠 )21.5英寸高清 爱眼屏,2299.00,AOC电脑京东自营旗舰店,6200+条评价
29,19209975641,宁美 i3 9100F四核/GT710 2G独显企业办公台式电脑主机家用网课娱乐游戏整机DIY组装机 标准版 i3 9100F/8G/256G 爆款办公,1749.00,宁美官方旗舰店,6900+条评价
30,71034395431,宏硕 酷睿i3/独立显卡/8G内存/台式机电脑主机家用炒股票企业公司办公游戏娱乐组装电脑整机全套 主机+22英寸显示器 酷睿i3/独立显卡/8G内存/240G固态,1499.00,宏硕电脑旗舰店,100+条评价
31,100007443487,联想ThinkPad T490(16CD)英特尔酷睿i7 14英寸轻薄笔记本电脑(i7-10510U 8G 512GSSD 2G独显 WVA屏 人脸识别),10299.00,ThinkPad京东自营旗舰店,1.8万+条评价
32,69387210822,"京东超市	
台电（TECLAST）P20HD安卓平板电脑八核4G通话上网10.1英寸4+64GB影音娱乐网课学习 标配",699.00,台电京东自营官方旗舰店,8200+条评价
33,100013068446,戴尔DELL灵越5000 14.0英寸高性能轻薄笔记本电脑(十代i5-1035G1 16G 512GSSD MX330 2G独显)薄荷银,5499.00,戴尔京东自营官方旗舰店,15万+条评价
34,100016333036,戴尔(DELL)XPS8940 设计师/游戏台式机电脑主机(十代i7-10700 16G 512G 1T GTX1650 SUPER 4G独显)白,8999.00,戴尔京东自营官方旗舰店,6700+条评价
35,40808146150,京天 新十代酷睿i5 10400F/10600KF/RTX2060 吃鸡游戏台式电脑主机DIY组装机,4699.00,京天DIY电脑旗舰店,2500+条评价
36,48228682306,武极 i5 9400F/GTX1050TI/240G固态游戏台式独显吃鸡组装电脑主机/DIY组装机,2999.00,武极电脑DIY旗舰店,2100+条评价
37,10020860098530,戴尔（DELL）Optiplex 7070MT 商用绘图设计主机3D渲染建模游戏台式机电脑整机 定制i7/16G/1T+256G/1050Ti4G 全国联保 三年上门,6399.00,戴尔商用京东自营官方旗舰店,700+条评价
38,10020500213685,戴尔（DELL）灵越5593笔记本 15.6英寸5000系列轻薄固态商务学生手提电脑【三期免息】 15寸| 十代酷睿i5-1035G1|2G独显 【进阶版】8G内存 256GPCIe固态+1T机械,4499.00,戴尔瑞泰专卖店,300+条评价
39,65842220609,联想（Lenovo） 擎天T510A 15升主机 个人商务办公台式机电脑 配置二：i3-9100 8G 1TB机械,2599.00,联想京东自营官方旗舰店,7200+条评价
40,100007590515,攀升 商睿P22 21.5英寸一体机电脑（英特尔4核J4105 8G 256GSSD WiFi 蓝牙 键鼠 3年上门）办公商用台式主机,1899.00,攀升京东自营官方旗舰店,2万+条评价
41,100007539314,"京品电脑	
戴尔DELL灵越5000fit 14英寸英特尔酷睿i5轻薄窄边框笔记本电脑(十代i5-10210U 8G 512G MX250 2年整机)绿",4599.00,戴尔京东自营官方旗舰店,15万+条评价
42,6529160,攀升（IPASON）E24 AMD锐龙R5 3400G四核/240G固态/高频8G/商务键鼠/家用办公设计渲染游戏组装电脑京东UPC,2199.00,IPASON攀升电脑京东自营旗舰店,6500+条评价
43,100015867106,戴尔DELL灵越7000 15.6英寸 英特尔酷睿i7轻薄笔记本电脑(十代i7-10750H 16G 512G GTX1650Ti 4G独显)白金银,9499.00,戴尔京东自营官方旗舰店,1.5万+条评价
44,100015196322,机械师（MACHENIKE）未来战舰 游戏台式机电脑电竞设计主机（十代i5-10400 16G 256G SSD+1T GTX1660Ti 6G）,5499.00,机械师京东自营旗舰店,1.2万+条评价
45,100007135957,"京品电脑	
华硕(ASUS) 飞行堡垒8 英特尔酷睿i7 15.6英寸游戏笔记本电脑(i7-10750H 16G 512GSSD GTX1650Ti 4G 144Hz)",7299.00,华硕京东自营官方旗舰店,2.3万+条评价
46,58737308653,华为笔记本MateBook 14 2020款锐龙超薄本全面屏超极本轻薄本学生商务办公手提笔记本电脑 灰｜十代i5 16G+512G 独显 触屏版【现货,6488.00,华为兴汇聚专卖店,1.6万+条评价
47,32260818978,联想(Lenovo)拯救者刃9000K 2020游戏电脑主机(i9-10900K RTX3090 24GB显卡 64G 2T+1TB SSD 水冷 ARGB ),28999.00,联想京东自营旗舰店,2.5万+条评价
48,71403507062,佐瀚（zuohan）4G独显/绝地求生吃鸡台式机组装电脑酷睿I5四核商务办公家用游戏电脑主机 单主机 AMD A4-3300/8G/120G固态家用办公,799.00,佐瀚淘森专卖店,2300+条评价
49,100014072648,狄派 英特尔酷睿十代i5/i7-10700八核台式电脑主机整机全套6G独显办公游戏电竞组装电脑 主机+24英寸曲面显示器 配置四(i5-10400F+1660S 三年保）,5399.00,狄派电脑旗舰店,3900+条评价
50,69292240638,华为笔记本MateBook D 14 15 全面屏轻薄本AMD锐龙版商务办公学生手提笔记本电脑超极本 D14银六核R5-4500U 16G+512G锐龙,4699.00,华为航智专卖店,9100+条评价
51,25722397024,"京品电脑	
联想(Lenovo)天逸510S 英特尔酷睿十代i3 台式机电脑整机(i3-10100  8G 1T wifi win10 三年上门)23英寸",3099.00,联想京东自营旗舰店,3.1万+条评价
52,72328076786,阿玛塔 intel酷睿十代i5 10400F/2060 6G组装电脑主机台式全套吃鸡游戏 配置二(十代10400F)GTX1060 5G,4399.00,阿玛塔电脑旗舰店,800+条评价
53,71442226572,"拍拍	
【二手9成新】DELL/戴尔电脑台式机 双核四核小主机 大主机 家用 娱乐 视频 看股票 办公主机 3：四核Q8400/4G/500G/WiFi",481.70,中宏安优二手电脑整机专营店,7800+条评价
54,70018441889,【现货速发】华硕（ASUS）顽石6代 14英寸轻薄本便携商务办公笔记本电脑学生上网游戏本Y4200 星空灰i5-8265U/MX110-2G独显 8G内存+500G+256G固态【店长推荐】,4099.00,茂双笔记本旗舰店,1700+条评价
55,17651966214,戴尔（DELL）成就3671商用办公税务台式机整机 i5-9400 单主机 8G内存 512G纯固态 集显 定制,3598.00,戴尔奥莱台式机专卖店,500+条评价
56,64305047475,华硕（ASUS） VivoBook14 2020新款 十代英特尔酷睿 14英寸窄边框轻薄本笔记本电脑 银色 i5-1035G1 8G 512G固态 MX330,4289.00,华硕电脑官方旗舰店,5100+条评价
57,69669333664,酷耶(Cooyes) i5 9400F/GTX1060独显/台式机电脑主机整机全套组装家用游戏电竞 i5 9400F+GTX1060 5G+24显示器,4468.00,酷耶电脑旗舰店,6万+条评价
