﻿,goods_id,goods_name,goods_price,goods_store,goods_commit
0,1211877574,联想扬天V系列 2020款14英寸酷睿i5四核高端性能学生超薄本家用轻薄游戏商务办公手提笔记本电脑 定制i5-1035G1/8G/512G+1T 2G独显 IPS全高清屏 星空灰,5669.00,联想扬天京东自营授权旗舰店,2100+条评价
1,10023127127907,雷诺塔 i7 10700F/RTX2070S Super/8G吃鸡游戏台式电脑主机/DIY组装机,6999.00,雷诺塔组装电脑旗舰店,8900+条评价
2,34418277085,联想（Lenovo）V330 14英寸轻薄手提商务办公学生独显笔记本电脑 A4-9125 8G内存 500G+128G双硬盘 2G独显 全高清屏 星空灰 精装升级,2899.00,联想佳运汇通专卖店,2600+条评价
3,27307261432,英特尔十代酷睿i5笔记本电脑 高性能独显游戏设计师商务办公学生超轻薄手提本 i5-1035G1 12G内存 512G固态 MX330 2G独显 全高清屏 星空灰 精装升级,4599.00,联想佳运汇通专卖店,6600+条评价
4,10020321805675,联想拯救者Y7000 15.6英寸2020款酷睿i5/i7高色域电竞屏学生设计师吃鸡游戏笔记本电脑 升级 i7 16G 512G+1T 1650,8499.00,联想爱特家专卖店,800+条评价
5,69535281939,戴尔（DELL）成就3268升级版 商用台式机电脑 mini整机 游戏炒股主机全套 单主机（预装win10家庭版） i5-9400 8G 1T+128G固态 定制,3449.00,戴尔康特台式机专卖店,1600+条评价
6,67678188002,戴尔（DELL）灵越5000 5593/5493 成就3401超极本学生办公女生轻薄本手提笔记本电脑 14英寸|银色|十代i5-1035G1|2G独显 8G内存 256GPcie固态+1T机械 定制版,4099.00,戴尔华宏创天专卖店,1.1万+条评价
7,36928571143,惠普（HP）战66 三代AMD版 指纹识别+背光键盘轻薄笔记本电脑 商务精英办公 学生本 全新锐龙 15.6英寸 精装升级版 六核R5-4500U/16G/512G固态/高清屏,4599.00,惠普峻峰专卖店,1.2万+条评价
8,58620779897,机械革命钛钽OG十代i7 电竞级游戏台式电脑高端设计制图品牌主机3年上门保修 i7-10700/RTX2060 super-8G 发烧极速：16G/256G PCIe+1T机械,7799.00,机械革命电脑整机旗舰店,200+条评价
9,70698482962,笔记本电脑 15.6英寸国民本 商务办公手提电脑超轻薄学生网课游戏红米荣耀灰 标配【 酷睿i7-16G内存 512G固态】 GDDR5 2G独显 预装Office办公软件,4779.00,小米官方授权专卖店,4600+条评价
10,10021169751524,联想（ThinkCentre） M720T (M710T升级款)高端商用办公台式机电脑主机 单主机 i7-9700/8G/1T/2G/刻录光驱标配,6299.00,联想严选授权专卖店,400+条评价
11,100013758468,华硕（ASUS) 飞行堡垒8 天选 144Hz电竞游戏本笔记本电脑 英特尔酷睿吃鸡设计学生手提办公本 新十代I5-10200H GTX1650TI-4G 定制 8G/512GPCIE固态,6399.00,华硕金新荣专卖店,5800+条评价
12,65688181695,惠普(HP)星系列星14/15青春版轻薄超薄笔记本电脑窄边框学生游戏 星14青春版【i5-1135G7】银 升级版：8G内存 1T高速大固态,4899.00,惠普汇通专卖店,1200+条评价
13,61305939368,联想(Lenovo)小新Pro13 2020款全新超轻薄十代酷睿i5/i7高色域独显笔记本电脑 标配:i7-10710U 16G 512G固态 蓝 MX350独显 2.5K超清屏,7499.00,联想华南授权专卖店,6100+条评价
14,68538062581,神舟(HASEE)战神Z9-CU7PS 英特尔酷睿i7-10750H RTX2070 8G  15.6英寸144Hz游戏笔记本电脑(16G 512G SSD),8699.00,神舟电脑京东自营旗舰店,2.1万+条评价
15,100006359849,联想(Lenovo)小新Air14 2021款14英寸11代酷睿全面屏金属超薄本轻薄手提笔记本电脑 11代 i5-1135G7 8G 512G｜升级 附带office,5699.00,联想众信授权专卖店,2800+条评价
16,55538480037,笔记本电脑 女超薄本办公本 得峰 网课笔记本电脑 银色Intel-J4105-12G内存 SSD128G固态硬盘+高档蓝牙耳机套餐,1799.00,得峰旗舰店,3100+条评价
17,10022094408289,华为笔记本电脑MateBook13 超轻薄13英寸商务性能手提本2K全面屏 新品银｜R7-4800H/16G/512G固态,5699.00,华为新通路专卖店,7100+条评价
18,100011051734,LG gram20款15.6英寸 雷电3 80Wh长续航 十代酷睿i5 8G 512GB 女生轻薄本 笔记本电脑白色 15Z90N-V.AR56C,7499.00,LG笔记本电脑京东自营旗舰店,1万+条评价
19,11302227147,惠普（HP） 星14/15青春版十代酷睿15.6英寸窄边框轻薄商务本学生游戏设计笔记本电脑 星系列i5-1135G7  MX450-2G 银色 16G内存 512GB高速固态 推荐定制,6199.00,惠普易企营专卖店,4100+条评价
20,18129650775,2020年新款苹果平板电脑Apple iPad Air4全面屏二合一平板电脑视网膜显示屏支持二代笔 深空灰 64G Wi-Fi版【标配】,4549.00,Apple无限专卖店,3700+条评价
21,43309854897,机械革命Z2Air-S蛟龙Z3全面屏轻薄游戏本十代i7独显学生商务设计笔记本高色域提电脑15.6英寸 【锐龙款】R5六核-1650 120HZ仅100台 【超车版】16G|512GPCIE,6399.00,机械革命旗舰店,1.7万+条评价
22,100013800254,长城 Great Wall P27 27英寸曲面电竞游戏一体机台式电脑主机整机(九代i5 9400F 8G 512G固态  4G独显 键鼠),4480.00,长城电脑京东自营官方旗舰店,7700+条评价
23,29317251243,APPLE苹果2019新款iPad mini5/mini4更新平板电脑7.9英寸 深空灰色 64G WLAN版【官方标配】,2599.00,科族数码专营店,7.5万+条评价
24,42216670807,戴尔（DELL）燃5000灵越5493/5593  十代酷睿轻薄学生游戏本手提笔记本电脑皓月银 15.6英寸5593 i5-1035G1 2G独显 8GB内存 256GB固态 定制,4199.00,戴尔宇熙世纪专卖店,1.2万+条评价
25,10021773915645,联想ThinkPad E480 14英寸窄边框商务办公手提笔记本电脑超轻薄本 酷睿八代 【i5】8G 256G固态@4LCD定制,4099.00,ThinkPad华东授权专卖店,1.4万+条评价
26,10022106902268,神舟(HASEE)战神G10-CU7PF 英特尔酷睿i7-10750H RTX2070Super8G 17.3英寸144Hz游戏笔记本电脑(16G 512G+1T),10999.00,神舟电脑京东自营旗舰店,5100+条评价
27,100014226776,戴尔台式机 OptiPlex7060升级7070MT i7九代八核商用绘图设计3D渲染建模台式机电脑 配27英寸SE2719HR滤蓝光IPS屏 I7/32G/2T+512G/P620-2G独显,8699.00,戴尔商用祥云专卖店,3200+条评价
28,12323833083,"拍拍	
【二手99新】酷睿i5/i7八核独显GTX1060网吧直播吃鸡LOL游戏组装机台式办公电脑DIY主机 套餐二  主机+24寸曲面屏【主流推荐】",2399.00,极客盟二手电脑专营店,2.4万+条评价
29,46518952600,联想(lenovo）小新Pro13-13酷睿十代i5/i7高性能处理器超轻薄笔记本电脑 标配：i5-10210U 16G内存 512G固态 MX-350 2G独显 Win10H星空银,5999.00,国美官方旗舰店,100+条评价
30,27703117011,2020新款 酷睿i7轻薄本 锐龙R5R7游戏本可选15.6英寸笔记本电脑 商务办公超薄本 昂福镭仕 吃鸡/LOL: 锐龙R5 8G内存+128G固态,3288.00,昂福镭仕电脑专营店,2000+条评价
31,46628049978,荣耀平板6 10.1英寸 4+64GB 通话版 华为海思麒麟710A 影音娱乐游戏学习办公平板电脑 星空灰,1599.00,荣耀京东自营旗舰店,36万+条评价
32,64084665566,联想(Lenovo)IdeaPad14s 2020款超轻薄网课办公笔记本电脑14英寸银色 定制i3-10110/12G/512G固态,3849.00,联想授权旗舰店,1.2万+条评价
33,70160282903,戴尔（DELL）OptiPlex 7080MT 十代八核商用办公台式机电脑 7070MT升级款 主机+23.8英寸窄边升降显示器U2419H I7-10700丨8G丨128G固态+1T丨集成,6099.00,戴尔商用顺兴专卖店,1700+条评价
34,10021979452620,【9代主机】DELL戴尔3070MFF 微型台式电脑迷你小主机 小型台式机商用办公游戏MINI客厅 单主机 i5-9500T/8G/256G固态/定制版,3499.00,戴尔商用千臣专卖店,4500+条评价
35,32330058235,联想拯救者Y7000 2020款1080p专业电竞游戏笔记本电脑 RTX2060独显 酷睿十代i5 16G内存 512G固态 定制黑,7799.00,联想华东授权专卖店,4600+条评价
36,1184839570,下单送包鼠！戴尔（DELL）成就Vostro3000十代4核i5/i7Pcle固盘轻薄便携笔记本电脑 官方标配 2629银十代i5/8G/256G固态/2G独显,4199.00,戴尔官方旗舰店,1600+条评价
37,100013209550,外星人（ALIENWARE）全新Aurora R11 十代酷睿独显显卡吃鸡游戏台式电脑主机 现货6724十代i7/256G+1T/1660Ti 官方标配,13999.00,外星人官方旗舰店,200+条评价
38,67417131615,联想小新Air14 荣耀银 轻薄笔记本电脑全面屏学生pr office办公游戏手提笔记本 定制【i5-1035G1 16G内存+1TB固态】 MX350独显 银色全面屏背光键盘指纹解锁,6099.00,联想有点授权专卖店,9900+条评价
39,66698696620,联想（Lenovo） 天逸510s 商用办公台式机电脑迷你主机 小机箱内置wifi 蓝牙 主机+21.5英寸显示器 定制i3-10100 8G 512G固态 2G独显,3299.00,联想源睿台式机授权专卖店,2800+条评价
40,51634634997,盛凡智尊 迷你i5 10400/8G内存/台式电脑主机 吃鸡游戏办公家用/DIY组装机,2199.00,盛凡智尊DIY电脑旗舰店,2.2万+条评价
41,17817911293,外星人ALIENWARE 全新m15 2020版R3 十代英特尔酷睿i7 高端电竞游戏本 15.6英寸300Hz高刷新RTX2060 OC 独显 轻薄高配笔记本电脑5736 白色 现货,17989.00,外星人京东自营旗舰店,3200+条评价
42,11943085273,机械师T58-V 全面屏游戏本十代i5-10200H/GTX1650Ti独显轻薄吃鸡游戏笔记本电脑 竞速版16G/512G PCIE高速固态+1TB,6689.00,MACHENIKE机械师旗舰店,7200+条评价
43,31046822053,戴尔（DELL）成就3000 15.6英寸十代酷睿i5轻薄商务办公学生笔记本电脑 i7-10510U四核/银色/2G独显  16G内存PCIe512G固态+1T机械定制,5499.00,戴尔奥莱专卖店,100+条评价
44,100012345038,攀升 i7 10700F八核/RTX3070 8G/16G独显水冷吃鸡游戏台式电脑主机DIY组装机,8299.00,攀升DIY电脑旗舰店,200+条评价
45,60769966766,【32/64位Win7系统】联想ThinkPad笔记本 E490 14英寸商务办公酷睿i5笔记本电脑 25CD(i5-8265U/8G/128G+1TB 定制Win7专业版/旗舰版）,4999.00,ThinkPad华南授权专卖店,3200+条评价
46,72139857506,戴尔（DELL）灵越5493/5593 燃5000 手提轻薄超极本商务办公网课学生游戏笔记本电脑 酷炫银|14.0英寸|i5-1035G1|2G独显 8G内存 256GPCI-E固态+1T机械 定制版,4099.00,戴尔华宏创天专卖店,3万+条评价
47,11243242375,DELL戴尔7070mff 微型台式电脑迷你小主机酷睿I5I7游戏商用台式机办公MINI客厅HTPC 整机含23.8英寸显示器E2420H i5-9500T/16G/256G+1T/定制版,5099.00,戴尔商用千臣专卖店,5600+条评价
48,10021647730345,"京品电脑	
雷神(ThundeRobot) 911Air星战三代 15.6英寸游戏笔记本电脑 (十代i7-10750H 8G 512GSSD RGB键盘 GTX1650Ti)",6399.00,雷神京东自营官方旗舰店,1.1万+条评价
49,10020432319665,联想(Lenovo)V340 2020款 14英寸轻薄笔记本电脑全新十代酷睿i5/i7 i7-10510U 16G 1T+512G固态升级 相思灰,5999.00,联想扬天授权旗舰店,2400+条评价
50,30426969491,联想（lenovo)aio520c 致美一体机电脑企业采购商用办公家用个人游戏娱乐学习网课电脑整机 【支持win7】aio520c-24黑色丨白色可选 定制：i3-8145丨8g内存丨2...,3799.00,联想华辉台式机授权专卖店,100+条评价
51,69340248778,攀升 i7 10700K/RTX3080/Z490吃鸡水冷游戏台式直播电脑主机DIY组装机,12599.00,攀升DIY电脑旗舰店,900+条评价
52,100013494176,【高性能酷睿I7】 品纯 全面屏轻薄笔记本电脑商务办公手提电脑游戏本超极本超薄本 标压酷睿I7 8G内存 256G固态硬盘,3699.00,品纯官方旗舰店,500+条评价
53,28745052505,联想（Lenovo）V330 14英寸超轻薄独显商务办公学生手提笔记本电脑 A4-9125 8G内存 500G+256G双硬盘 2G独显 全高清屏 星空灰 精装升级,3199.00,联想佳运汇通专卖店,4000+条评价
54,30943475884,戴尔(DELL)成就3881商用办公台式机电脑家用迷你网课财务税控炒股游戏设计美工制图整机 单主机(无显示器) i5-10400 16G 1T 256G固态 定制,3988.00,戴尔维克特睿专卖店,3900+条评价
