﻿,goods_id,goods_name,goods_price,goods_store,goods_commit
0,10021030124825,戴尔笔记本电脑灵越5000 5493成就5402 14英寸超极本学生办公女生轻薄本手提商务本游戏本 十代i5/16G/512G+1T 2G独显 定制 （Intel）英特尔处理器,4599.00,戴尔华宏创天专卖店,700+条评价
1,100016022332,戴尔笔记本电脑dell灵越14-7400 高色域斩蓝屏超轻薄本( 十一代i5-1135G7 16G 512G MX350 2GB独显)镁合金,8999.00,戴尔京东自营官方旗舰店,1.5万+条评价
2,24877362150,联想 IdeaPad15s 2020新锐版 超轻薄本 全面屏办公15.6英寸笔记本电脑学生手提本 定制I3-10110U 20G 1T+512G固态 FHD全高清屏 W10 银,4299.00,联想电脑授权专卖店,8.2万+条评价
3,13445046814,戴尔（DELL） 灵越5391 5300 5301 13.3英寸轻薄便携商务办公手提笔记本电脑学生本 【不凡银】 i3-10110U/8G/256G固态 标配,3879.00,戴尔卓越专卖店,2.1万+条评价
4,100008576543,戴尔（DELL）2020款 灵越G3 3500 15.6英寸高性能游戏本电竞设计师笔记本电脑 i5-10200H GTX1650Ti 4G独显 16G/512G+1T定制,6299.00,戴尔卓越专卖店,2300+条评价
5,100012178002,和谐号YD-2308P 23.8英寸曲面一体机电脑(十代i3-10100/8G/256G 双频WiFi 3年质保 键鼠)办公商用游戏主机,2699.00,和谐号电脑京东自营官方旗舰店,1900+条评价
6,100014300332,宏碁(Acer)新蜂鸟3 14英寸 十代酷睿I7 长续航 轻薄宏基笔记本电脑(指纹识别 WIFI6 16G 1TSSD 高色域屏)粉,5799.00,宏碁京东自营旗舰店,6100+条评价
7,59723601467,宁美-魂-钢铁侠i5 10400F/RTX2060/16G内存/512G SSD/漫威联名款/台式DIY组装电脑/UPC,4999.00,宁美国度京东自营旗舰店,100+条评价
8,35303684698,AOC品牌直营超高清一体机电脑游戏i5/i3/i7八核企业商用办公家用秒超台式机主机全套 21.5英J3160四核8G/512G超大固态,2149.00,AOC善与美电脑专卖店,9800+条评价
9,100007206535,机械革命S2/S2 air锐龙新品14英寸i5/i7轻薄本学生游戏商务办公手提便携笔记本电脑 S2/十代i5-10210U/MX350-2G独显 豪华升级：16G内存/512G固态硬盘,4599.00,机械革命授权专卖店,4900+条评价
10,71769803984,雷霆世纪 飓风K523 十代i5-10400/8G内存/256G+1T/键鼠/正版Win10/商用办公电脑/家用组装台式电脑主机/UPC,3399.00,雷霆世纪京东自营旗舰店,9100+条评价
11,100008857777,华硕Redolbook14 锐龙版 7nm六核高性能轻薄本 网课学生办公笔记本电脑 14英寸丨银丨Redolbook丨R5-4500U 16G内存丨512G固态+512G固态,4699.00,华硕智凝专卖店,1600+条评价
12,100011740958,戴尔(DELL)灵越AIO 7700 全高清IPS 防眩光 一体机台式电脑 27英寸(十一代i7-1165G7 8G 256G 1T)银,8699.00,戴尔京东自营官方旗舰店,3.9万+条评价
13,28918985148,华硕(ASUS) 猎鹰V4 21.5英寸商用办公一体机台机电脑(Intel 奔腾4417U 4G内存 256GSSD 全高清 上门售后)白,2899.00,华硕京东自营官方旗舰店,7700+条评价
14,10022098380737,联想拯救者Y7000 2020新品酷睿i5/i7十代P高色域性能独显游戏本 吃鸡学生设计师笔记本电脑 升级版i5-10200H 16G 256G+1T GTX1650-4G电竞显卡,7189.00,联想汇汉授权专卖店,2.8万+条评价
15,64965128420,戴尔（DELL） 灵越5000系列5593 15.6英寸十代酷睿轻薄商务办公学生笔记本电脑 十代i7-1065G7四核/4G独显 16G内存Pcie512G固态+1T机械定制,5999.00,戴尔奥莱专卖店,2000+条评价
16,70751474798,联想ThinkPad E14 14英寸 轻薄商务办公手提学生游戏笔记本电脑 酷睿i3-10110U 【定制银】16G内存 256G+1T硬盘 39CD,3999.00,ThinkPad广东授权专卖店,2700+条评价
17,100005584963,【多仓发货】海尔（haier）窄边框 笔记本电脑轻薄 学生网课 办公手提电脑 【15.6英寸】S15Pro 8G内存 128G+120G存储【定制双硬盘】,2199.00,海尔电脑旗舰店,1万+条评价
18,69061755279,神舟(HASEE)精盾X55A1 英特尔酷睿i5-1035G4 15.6英寸72%色域轻薄笔记本电脑(8G 512G PCIeSSD IPS),3999.00,神舟电脑京东自营旗舰店,5.4万+条评价
19,100002499596,苹果（Apple）2020新款MacBook Air 13.3英寸超轻薄学生办公手提笔记本电脑 国行 Macbook air 13.3英寸【香槟金】 【2020款】i5/8GB/256G/视网膜显示屏,8088.00,苹果百桔专卖店,3200+条评价
20,66880658909,京天 Design 840 i9 10900K/RTX4000/512G+4T/32G DDR4台式设计师组装电脑主机设计渲染图形工作站/京东UPC,16999.00,京天（KOTIN）电脑京东自营旗舰店,9500+条评价
21,100013755360,雷神（ThundeRobot）911黑武士 吃鸡游戏台式机电脑主机做图设计编程165Hz曲面屏显示器 27英寸+水冷i5-10400/2060-6G独显 16G内存+512GB NVMe固态,7999.00,雷神汇智云端专卖店,1100+条评价
22,100008642809,华硕(ASUS) VivoBook15 X 2020版 15.6英寸轻薄笔记本电脑(i5-10210U 8G 32G傲腾增强版512GSSD 2G独显)绿,5899.00,华硕京东自营官方旗舰店,4.4万+条评价
23,100014902200,华为平板MatePad 5G 10.4英寸麒麟820游戏影音娱乐办公学习 专属教育 2K全面屏平板电脑 6+128GB全网通 白,3199.00,华为京东自营官方旗舰店,8万+条评价
24,60171057807,戴尔(DELL)成就5880商用办公高性能台式电脑整机(十代i7-10700 16G 512G 2T RTX 2060 6GB 四年上门),10999.00,戴尔京东自营官方旗舰店,9条评价
25,10020348450993,戴尔（DELL）OptiPlex7070MFF 商用高性能迷你小型电脑主机  酷睿9代 单主机（有线键盘+鼠标） i9-9900 32G 1T+512G固态 定制款,7999.00,戴尔商用恒实专卖店,1600+条评价
26,59315956404,【指纹解锁】笔记本电脑游戏本酷睿i7轻便手提窄边框15.6英寸澳典大学生超薄本学习商务办公轻薄本 酷睿i7  8G内存  1TB固态,3698.00,澳典笔记本旗舰店,3.3万+条评价
27,100007123425,华为荣耀MagicBook Pro笔记本电脑16.1英寸全面屏超薄本轻薄便携学生商务办公超极本 【20款14SE】R5-3500U+16+512,4599.00,荣耀策山专卖店,4900+条评价
28,10021034985223,联想(Lenovo)扬天 威6 23.8英寸商务家用窄边框 一体机台式电脑(英特尔酷睿i3-10110U 8G 1T+128G SSD 三年上门),3999.00,联想扬天京东自营旗舰店,1700+条评价
29,10021222177044,苹果（Apple）MacBook Air 13.3英寸笔记本电脑 【2020款商务灰】四核i5/8G/256G 19点前付款当天发货,7988.00,疆界旗舰店,1400+条评价
30,100011817046,武极微星联名款 十代英特尔酷睿i5 10400F游戏台式机电脑主机组装电脑 三年上门 十代i5 GTX1660 8G 256G 十代真香,4399.00,武极电脑京东自营官方旗舰店,30+条评价
31,48898166047,长城（Great Wall）A2403 23.8英寸超薄高清一体机台式电脑(intel四核J3160/8G/256G 双频WiFi 3年上门 键鼠),1999.00,长城电脑京东自营官方旗舰店,7700+条评价
32,11230411484,博仑帅（BOLUNSHUAI） 18.5-27英寸一体机电脑办公家用游戏台式主机整机 A4商务办公 A8四核 8G/240G,1999.00,博仑帅一体机电脑旗舰店,3.7万+条评价
33,100010208364,攀升 AMD锐龙R5 2600/GTX1650独显吃鸡游戏台式机组装电脑主机/DIY组装机,2599.00,攀升DIY电脑旗舰店,2400+条评价
34,48896596197,攀升 探险家A81 十代i7 10700K/RTX2070S 8G/华硕Z490/ITM.2固态/16G水冷游戏图形设计师渲染台式电脑主机UPC,10299.00,IPASON攀升电脑京东自营旗舰店,700+条评价
35,69182877980,联想(Lenovo)扬天M6610d 英特尔酷睿九代i5六核商务家用网课办公台式电脑整机 21.5英寸全高清屏 定制 i5-9400/8G/1T+256G固态,4899.00,联想扬天京东自营授权旗舰店,200+条评价
36,61233151899,京芒 i3 9100F/i3 10100/GTX1650 4G独显办公游戏台式电脑主机DIY组装机 配置一I3 9100F/120G/独显1G,1288.00,京芒DIY电脑旗舰店,3600+条评价
37,67429618612,惠普（HP）光影精灵6 新十代酷睿标压 暗夜暗影电竞游戏笔记本电脑 旗舰店官网【2020热款】 i7-10750H GTX1650Ti-4G 点杀 16G 512G PCIE+1T 15.6英寸,7099.00,惠普授权旗舰店,8200+条评价
38,20051632790,华为荣耀笔记本电脑MagicBook pro/14/15全面屏超薄本轻薄本便携学生商务办公本超极本 【20款ProSE】R5-3550H+16+512,4599.00,荣耀策山专卖店,1.4万+条评价
39,69531507823,华为笔记本电脑MateBook D 14 15 全面屏超轻薄商务办公手提学生本 D14灰｜i5-10210U 16G+512G独显,5599.00,华为新通路专卖店,1万+条评价
40,40108294331,鑫锐 i7 10700/R7/GTX1080升RTX2070游戏吃鸡台式办公电脑主机/DIY组装机 配置二：升级版R7-GTX1070 8G,4099.00,鑫锐电脑旗舰店,1300+条评价
41,100005653635,戴尔（DELL）灵越5000 5593/5493 成就3401超极本学生办公女生轻薄本手提笔记本电脑 14.0英寸|银色|十代i3-1005G1|UHD 8G内存 256GPcie固态+1T机械 定制,3399.00,戴尔华宏创天专卖店,1.1万+条评价
42,100006294017,联想小新15 2020新品15.6英寸（全新7nm）锐龙R5轻薄笔记本电脑 游戏设计本上网课商务本 标配【R5-4600U 16G 512G固态】 高色域IPS屏 银色,4849.00,联想航电授权专卖店,2800+条评价
43,14672477496,联想ThinkPad X1 Carbon（04CD）英特尔酷睿i7 14英寸商务高端笔记本电脑(i7-10710U 16G 1TSSD 4K)4G版,16999.00,ThinkPad京东自营旗舰店,"去看二手
							6700+条评价"
44,25525709260,宏碁(Acer)新蜂鸟3 英特尔移动超能版 3:2生产力2K高清屏 全面屏轻薄本学生笔记本电脑(i7/16G/1TB/Win10)银,5799.00,宏碁京东自营旗舰店,6100+条评价
45,100003883935,戴尔（DELL）燃7000 灵越5493/5490/5590 轻薄超极本商务办公学生手提笔记本电脑 14英寸|i5-10210U|MX250-2G独显 8G内存 512GPCI-E固态+1T机械 定制,4499.00,戴尔华宏创天专卖店,2万+条评价
46,50406237566,名龙堂 i5 10400/GTX1660S/RTX2060 高配游戏台式机吃鸡电脑主机DIY组装机,4099.00,名龙堂DIY电脑旗舰店,1300+条评价
47,23193661143,攀升 探险家A71 十代I7 10700/RTX2070S 8G/500GM.2固态/海盗船16G/水冷游戏图形设计师渲染台式电脑主机UPC,8999.00,IPASON攀升电脑京东自营旗舰店,900+条评价
48,10020877212238,宏华 AMD高频处理器/4G独显/32G内存吃鸡游戏家用企业影音公司办公台式组装电脑主机 主机 标配（主机+显示器） 配置一INTEL I5级四核处理器120G高速固态,967.00,宏华组装电脑旗舰店,2.5万+条评价
49,69061755274,亚当贝尔24-27英寸曲面超薄一体机电脑 酷睿i5/i7独显游戏组装吃鸡办公家用台式电脑主机整套 27英寸/i7/GTX1650 4g独显吃鸡,3899.00,亚当贝尔电脑旗舰店,1.9万+条评价
50,27106137228,华为 荣耀笔记本电脑 MagicBook 14/15.6英寸2020轻薄本超极本高清屏学生商务办公 14银 四核SE R5-3500U+16+512 官方标配,4398.00,荣耀咖博专卖店,2100+条评价
51,41036107613,苹果（Apple）2020新款MacBook Air 13.3英寸超轻薄学生办公手提笔记本电脑 国行 Macbook air 13.3英寸【商务灰】 【2020款】i5/8GB/256G/视网膜显示屏,8088.00,苹果百桔专卖店,3200+条评价
52,100014129020,联想ThinkPad P15V 十代i5/i7标压高性能编程设计游戏本笔记本电脑移动图形工作站定制为 16G内存 512G高速固态 i7-10750H 4G专业显卡 高清屏丨04CD,8499.00,ThinkPad华北授权专卖店,2300+条评价
53,30538249347,神舟战神Z7/Z7M/10 代i5/i7GTX1650/1650Ti/RTX2060游戏本笔记本电脑 Z7-CU5升级:i5-10200H/16/512,5588.00,神舟海神专卖店,1.8万+条评价
54,28355253535,方正（ifound） FD1501 商用办公台式机电脑主机（九代酷睿i5-9400 8G 480GSSD 三年上门服务）23.8英寸整机,3299.00,iFound方正国际电脑京东自营旗舰店,200+条评价
55,100007081489,机械革命Z2Air-S蛟龙Z3全面屏轻薄游戏本十代i7独显学生商务设计笔记本高色域提电脑15.6英寸  【Z3八核系】i7-1650Ti 100%高色域 【超车版】16G|512GPCIE,7299.00,机械革命旗舰店,1.7万+条评价
56,10141360742,戴尔（DELL）笔记本灵越5000 5593 15.6英寸10代轻薄家用办公学生2020款笔记本电脑 i7-1065G7 4G独显 16G内存PCIe512G固态+1T机械 店铺定制,6099.00,戴尔金盛专卖店,5400+条评价
