﻿,goods_id,goods_name,goods_price,goods_store,goods_commit
0,48270122334,联想（Lenovo）V340 2020十代酷睿 15.6英寸大屏独显轻薄手提商务办公游戏笔记本电脑 i3-1005G1 8G内存 256G固态|标配 2G独显 IPS全高清屏 星空灰 尊享升级,3399.00,联想佳运汇通专卖店,8000+条评价
1,16883367615,AOC 美人鱼系列象牙白一体机电脑 商务办公家用娱乐台式电脑整机 四核I3-9100+8G+256G固态 23.8英寸高清屏,3099.00,AOC电脑龙辰专卖店,9600+条评价
2,70537226174,亚当贝尔24-27英寸曲面超薄一体机电脑 酷睿i5/i7独显游戏组装吃鸡办公家用台式电脑主机整套 24英寸/酷睿i7/8G/256G,1850.00,亚当贝尔电脑旗舰店,1.9万+条评价
3,71034395430,苹果（Apple） MacBook Air 13.3英寸轻薄办公笔记本电脑 D32 银色 【六期免息】,5573.00,APPLE翔合专卖店,20+条评价
4,100006691543,宏硕 酷睿i3/独立显卡/8G内存/台式机电脑主机家用炒股票企业公司办公游戏娱乐组装电脑整机全套 主机+22英寸显示器 酷睿i3/核显/4G内存/120G固态,1199.00,宏硕电脑旗舰店,100+条评价
5,57528916942,机械师(MACHENIKE) 浩空T90Plus荣耀版 17.3英寸游戏本笔记本电脑(i7-10750H 16G 1TSSD RTX2060 144Hz),8799.00,机械师京东自营旗舰店,1万+条评价
6,100014947258,横远i5 10400/GTX1660S 6G/32G内存高配水冷台式吃鸡直播游戏组装电脑主机全套网吧 配置一,3099.00,横远DIY电脑旗舰店,3300+条评价
7,10022231071820,畅骁 商祺A1 青春版 AMD A4-3350B/8G/128G/映泰主板/自带WiFi/家用办公企业采购台式组装电脑主机京东UPC,999.00,畅骁京东自营旗舰店,200+条评价
8,69850720058,【2020款指纹解锁+10代酷睿处理器】15.6英寸轻薄笔记本电脑 快速者Z18商务办公学生游戏本 8G内存+256G固态硬盘 10代酷睿10110U主频2.1G 睿频4.1G,3088.00,快速者电脑旗舰店,200+条评价
9,56203730707,戴尔/DELL灵越5490家用办公一体机电脑 十代酷睿i3/i523.8英寸商用游戏前台财务整机全套 【银色】十代i3-10110U丨集显 8G/256GM.2固态/定制,4199.00,戴尔菱悦专卖店,600+条评价
10,25440708329,爆款5G平板电脑十核8G+512G一屏两用办公学习游戏全网通话笔记本二合一Matepad带键LenX 前白后银+蓝灰键盘,1399.00,LenX星空智联专卖店,1700+条评价
11,46294953740,长城(Great Wall)商务家用办公台式一体机电脑 23.8英寸 四核 A8-7410 8G 256G 官方标配,1949.00,长城电脑旗舰店,5800+条评价
12,50527049746,【新十代酷睿】惠普（HP）旗舰店 薄锐envy13/15超极本 超薄wood手提商务笔记本电脑 【超级点杀】13寸丨i5 8G 512 MX250,5899.00,惠普授权旗舰店,2600+条评价
13,71930459982,戴尔（DELL）游匣新g3/g5灵越5500 15.6英寸i5/i7学生游戏电竞笔记本电脑 十代i7 RTX2060 6G独显 240Hz 16内存512G PCIe固态 【高配版】,8669.00,戴尔阳光雨尉专卖店,5000+条评价
14,31538652877,【领600元券】华硕天选15.6英寸游戏本笔记本电脑锐龙8核R7 7nm 窄边框144Hz电竞屏 钛空灰 R7-4800H GTX1650Ti-4G 锐龙8核 16G 512GSSD 144Hz,7599.00,华硕恩荣专卖店,2300+条评价
15,10021687337310,"拍拍	
【二手9成新】联想（Thinkpad）L512 i5 二手笔记本电脑 轻薄便携商务办公 ibm L512 i5/8G/256G固态实惠推荐 联想thinkpad超高性价比",1199.00,剑匣二手商品专营店,1500+条评价
16,51372563207,华硕（ASUS）飞行堡垒8 新十代酷睿标压 15.6英寸电竞游戏本笔记本电脑 i7-10870H 8G 512G固态 GTX 1660Ti-6G 144Hz,7599.00,华硕电脑官方旗舰店,1800+条评价
17,10020297757458,变异者 组装电脑DIY台式主机家用办公 酷睿i5/256G固态硬盘/华硕主板 商祺A4,2189.00,变异者组装电脑京东自营旗舰店,300+条评价
18,63671917072,2020新品/联想一体机电脑23.8英寸扬天S5430十代酷睿i3/i5商用办公家用台式电脑支持壁挂 定制：i5-10210U 16G 512G固态 集显 23.8英寸窄边框 3年上门保修,5099.00,联想天佑专卖店,2700+条评价
19,65456588126,"拍拍	
【二手95新】apple imac 苹果一体机电脑台式机 办公 游戏 设计 【秒杀】21寸-MB950-8G-500G+120",2191.00,重力二手商品专营店,5700+条评价
20,51731884936,华为笔记本电脑MateBook 14 2020款 轻薄本手提全面屏商务办公超极本 灰｜十代i7 16G 512G 独显触屏版【现货】 标配【预装Office】,7899.00,华为千百回专卖店,1.3万+条评价
21,71274280942,天虹 迷你主机家用办公台式机四核微型电脑mini小主机 DIY微型PC 【套餐七】A8 7410/4G/128G,799.00,天虹电脑官方旗舰店,1900+条评价
22,100010338572,【全新8核可选】雷神911M野王十代酷睿i7-10750轻薄游戏本GTX1650/Ti独显笔记本电脑 8核i7-10870/1650TI/16G/512,7499.00,Thunderobot雷神旗舰店,3600+条评价
23,100014469032,15.6英寸大屏办公设计高性能独显游戏学生超轻薄手提笔记本电脑 i5-10210U 8G内存 512G固态丨标配 MX330 2G独显 全高清屏 银色 定制增强版,4799.00,联想德信专卖店,1.1万+条评价
24,100014226546,"拍拍	
【准新机】Apple iPad2020/2019/18款 9.7/10.2寸 二手苹果平板电脑 2019款10.2寸【99新】颜色备注 128G+保护壳+原装充电套装",2399.00,沪上优品二手商品专营店,500+条评价
25,52443810800,AOC AIO大师926 23.8英寸高清办公一体机台式电脑 (九代i3-9100 8G 256GSSD 旋转升降支架 支持壁挂 WiFi),3299.00,AOC电脑京东自营旗舰店,1.8万+条评价
26,41359393335,ROG幻15 十代8核英特尔酷睿i7 15.6英寸4K屏创意设计师商务本轻薄笔记本电脑(i7-10875H 16G 512G RTX2060)黑,12979.00,玩家国度ROG京东自营官方旗舰店,3000+条评价
27,40818101697,华硕(ASUS) PN30 商用办公家用教育 台式机电脑主机 (AMD 500G HDD 4G 正版Win10 三年上门)迷你主机,1099.00,华硕京东自营旗舰店,100+条评价
28,57120254694,X4四核i5吃鸡游戏商务办公学习炒股台式组装电脑主机DIY兼容机整机全套 单主机 酷睿i5：8G+120G+集显/下单升级,849.00,七色狐电脑专营店,800+条评价
29,51731884935,惠普（HP）光影精灵6plus 暗影暗夜精灵5游戏手提笔记本电脑15.6英寸光影暗影精灵6pro升级 i5-10200H 1650Ti-4G高色域MAX 16G内存 512G PCIE纯固态 标配,6599.00,惠普华辉专卖店,1.6万+条评价
30,49881657197,神舟战神ZX6/TX6十代标压i5 GTX1650/1650Ti独显学生手提游戏本笔记本电脑 K670T-G6A2:I5-10400/8/512,4388.00,神舟海神专卖店,1.2万+条评价
31,64694686818,华为荣耀笔记本电脑MagicBook pro/14/15全面屏超薄本轻薄本便携学生商务办公本超极本 【14英寸】R5-3500U+8+256,4099.00,荣耀策山专卖店,1.4万+条评价
32,100002221522,天虹 迷你主机家用办公台式机四核微型电脑mini小主机 DIY微型PC 【套餐六】A8 7410/8G/128G,899.00,天虹电脑官方旗舰店,1900+条评价
33,67267383650,惠普（HP） 光影精灵6 MAX/暗影精灵6 游戏轻薄笔记本电脑吃鸡电竞手提游戏本电脑 6/6 MAX/大尺寸电竞游戏本/背光键盘 十代i5/16/512G1650ti/72%16”,6999.00,惠普蓝星专卖店,2100+条评价
34,100015586792,华硕（ASUS）VivoBook15s轻薄笔记本电脑十代酷睿商务办公便携全面屏窄边框独显轻薄本 冰钻银/i7-1065G7/MX330-2G独显 16G内存丨1T丨512G固态套餐八,6099.00,华硕智凝专卖店,2.3万+条评价
35,10020792290061,京天 Victory V77 i7 10700/RTX2070 SUPER/B460/500G高速固态/16G DDR4/台式组装电脑/游戏吃鸡主机UPC,8999.00,京天（KOTIN）电脑京东自营旗舰店,2500+条评价
36,10020930269581,【8核可选】雷神911PRO钛空 轻薄游戏本RTX2060独显 i7-10750笔记本电脑144Hz i7-10750H/2060 16/512固态,8589.00,Thunderobot雷神旗舰店,1600+条评价
37,100015276934,惠普(HP)暗影精灵6 plus 17.3英寸游戏笔记本电脑(i7-10870H 16G 1TSSD RTX2080Super 8G独显 300Hz),17499.00,惠普（HP）OMEN暗影精灵京东自营旗舰店,7.8万+条评价
38,100015989984,台电M40八核10.1英寸6+128G全网通4G平板电脑手机通话学习娱乐办公游戏平板全高清IPS 官方标配,899.00,台电数码旗舰店,400+条评价
39,10023321648652,联想ThinkPad 翼E14 Slim（21CD）14英寸轻薄商务笔记本电脑 i5-10210U 【定制】16G内存 512GB固态硬盘 2G独显 FHD全高清 AD面金属材质,4999.00,ThinkPad华中授权专卖店,800+条评价
40,53208352463,联想15s 2020十代酷睿i5 15.6英寸大屏办公设计高性能独显游戏学生超轻薄手提笔记本电脑 i5-10210U 20G内存 512G固态 MX330 2G独显 全高清屏 银色 定制增强版,5199.00,联想德信专卖店,1.1万+条评价
41,68346625651,方正（iFound）T249 23.8英寸高清IPS办公一体机台式电脑(4核AMD A10-9600P 8G 240GSSD WIFI 三年上门服务),2299.00,iFound方正国际电脑京东自营旗舰店,4400+条评价
42,59852955572,戴尔（DELL）智锐3510（Latitude） 15.6英寸商用大屏笔记本i5-10210U/8G/512G SSD/2G独显/win10h/一年质保,4699.00,戴尔商用京东自营旗舰店,500+条评价
43,10021720149531,联想小新Pad平板电脑 年度旗舰新品 Tab P11 影音娱乐 办公学习 安卓Pad 小新Pad 11英寸【6G+128G】 官方标配WIFI版,1499.00,银思朗平板专营店,1500+条评价
44,66961989156,ThinkView17.3/21.5/23.8英寸触摸屏一体机电脑酷睿i3i5COM口VESA壁挂 工控商用21.5触屏i3-9100/8G/256G,3699.00,ThinkView官方旗舰店,1000+条评价
45,24422970032,华为平板MatePad平板电脑10.4英寸全面屏安卓学生学习网课办公 6G+128GB WIFI版 贝母白 官方标配,2299.00,千百回数码旗舰店,4000+条评价
46,69607622670,戴尔（DELL）灵越5000 5493/5593 14/15.6英寸十代学生商务办公笔记本电脑 5493:i5-1035G1 MX230 2G独显 16G/512G固态 定制,4599.00,戴尔卓越专卖店,3600+条评价
47,69407821406,APPLE苹果ipad2019/2020新款10.2英寸8代平板电脑air2更新版7代 2020款金色 32G WLAN版【官方标配】,2499.00,科族数码专营店,27万+条评价
48,35143817287,联想（Lenovo）小新15性能版 2021款全新十一代酷睿超轻薄笔记本电脑 高性能游戏学生手提电脑 标配丨i5-1135G7 16G 512G固态丨银 MX450 高性能独显,6099.00,联想卓电授权专卖店,300+条评价
49,100007278665,宏碁（acer）宏基 FUN 15.6英寸 2G独显 微边框 商务办公 轻薄本 手提 笔记本电脑 十代i5【16G/128+1T机械】2G独显|蓝色 定制主流款/Win10,4198.00,宏碁天赐专卖店,1.2万+条评价
50,66748716003,苹果（Apple）2020款 MacBook Air 13.3英寸超轻薄学生办公手提笔记本电脑 国行 【2020款】MacBook Air【商务灰】 【旗舰版】十代i5/8G/256G/视网膜屏,8088.00,苹果百桔专卖店,700+条评价
51,10021466875257,联想（Lenovo）扬天V15 （2020款新品）15.6英寸学生办公轻薄游戏笔记本电脑 定制丨i5 20G 512G MX330 2G独显,4699.00,联想严选授权专卖店,900+条评价
52,100015180636,乐事(Le')英特尔酷睿i3/i5/i7系列微边框可壁挂旋转一体机 台式机 一体机电脑 L3 J3160 8G 128G 22英寸,1749.00,乐事数码旗舰店,4500+条评价
53,54202932960,"拍拍	
【二手95新】神舟/Hasee 战神15.6寸吃鸡二手笔记本电脑游戏本 酷睿i7-7700 i7-4700M 8G 120+500 独显",2149.00,企晨二手电脑专营店,3100+条评价
54,68159642304,联想ThinkPad T14 酷睿版 英特尔酷睿i7 2020款(01CD) 14英寸轻薄笔记本电脑(i7-10510U 16G 1TSSD 2G独显 广视角屏),11999.00,ThinkPad京东自营旗舰店,5400+条评价
