﻿,goods_id,goods_name,goods_price,goods_store,goods_commit
0,56473443928,联想小新13 2020新款高色域全面屏超薄本十代四核金属轻薄商务办公手提长续航笔记本电脑 银色 十代i5/8G/512G固态丨标配 带office,4899.00,联想众信授权专卖店,800+条评价
1,45266944314,联想ThinkPad R490（0NA0000CD）14英寸指纹轻薄便携商务办公ibm手提笔记本电脑 (16G内存 256G固态+1TB双硬盘 指纹识别 i5-8265u win10）升配,5499.00,ThinkPad华北授权专卖店,3100+条评价
2,10020785807210,R7轻薄手提笔记本电脑超级本游戏办公设计本 六核R5-4600U 8G 512G丨14英寸 100%高色域IPS屏 背光键盘 皎洁银 精装升级,4199.00,联想佳运汇通专卖店,2700+条评价
3,100011849934,"拍拍	
【二手9成新】联想电脑二手台式机酷睿i3/i5/i7商务办公家用网课学习二手电脑独显主机送显示器全套 套餐一A4 5300 3.4G/4G/500G机械 默认送19寸原装显示器",599.00,京乐购二手电脑专营店,2700+条评价
4,100014057120,【官方AppleCare+版】Apple 2019新品 MacBook Pro 16【带触控栏】九代八核i9 16G 1TB 银色 MVVM2CH/A,24128.00,Apple产品京东自营旗舰店,8.5万+条评价
5,10023870188257,和谐号YD-2306Q 23.8英寸曲面一体机电脑(九代i3-9100F/4G独显/8GD4 双频WiFi )台式商用办公游戏主机整套,2899.00,和谐号电脑京东自营官方旗舰店,1900+条评价
6,23626122876,Apple iPad 10.2英寸 平板电脑（ 2020年新款 128G WLAN版/Retina 显示屏/A12仿生芯片MYLF2CH/A） 金色,3099.00,科族数码专营店,7500+条评价
7,65810893286,【9代主机】DELL戴尔3070MFF 微型台式电脑迷你小主机 小型台式机商用办公游戏MINI客厅 整机含23.8英寸P2419H升降显示器 i3-9100T/8G/128G+1T/定制版,4069.00,戴尔商用千臣专卖店,4500+条评价
8,66790193248,华硕（ASUS）VivoBook14 2020笔记本电脑i5超薄轻薄本14英寸手提办公 冰晶银 十代i7-1065G7 12G 512GPCIE MX330-2G独显,5699.00,华硕恩荣专卖店,4900+条评价
9,100006773599,苹果（Apple）MacBook Pro 16英寸笔记本电脑 【2019款】金属银 【火爆】i7/16G/512G/5300M4G,17188.00,疆界旗舰店,600+条评价
10,59390326418,苹果（Apple）2020年新款 iPadPro 11英寸/12.9英寸轻薄办公学习 多合一平板电脑 11 灰色+原厂笔+壳膜 128G WLAN版,6919.00,APPLE翔合专卖店,1.8万+条评价
11,66415702795,雷神(ThundeRobot) 911Air星战三代 15.6英寸游戏笔记本电脑 (十代i7-10750H 8G 1TSSD GTX1650Ti),6699.00,雷神京东自营官方旗舰店,1.1万+条评价
12,67286488818,戴尔（DELL）灵越5391燃5000笔记本13.3英寸紫色轻薄商务办公女大学生超薄超极本手提电脑 办公 | 十代处理器 星光银【72%高色域】13寸 【畅享版】双核...,3799.00,戴尔佳富惠呈专卖店,1900+条评价
13,12943624335,华为荣耀笔记本电脑MagicBook Pro 16.1英寸商务办公轻薄便携本超薄学生网课本超极本游戏 R7-3750H 8GB 512G 核显 标配版 冰河银 WIN10系统 高色域 100%sRGB,4588.00,洁创数码专营店,1300+条评价
14,68700228871,变异者 组装电脑台式DIY主机i5 9400F/16G内存/独立显卡/B365主板 设计师游戏办公 【双盘】120G固态+1T机械盘,4389.00,变异者组装电脑京东自营旗舰店,40+条评价
15,71377856210,华为笔记本电脑 MateBook X 2020款 13英寸轻薄本3K触控全面屏商务办公超极本 冰霜银｜i7十代+16G+512G 【触屏版】 官方标配,9999.00,华为千百回专卖店,5800+条评价
16,46590157345,雷神（ThundeRobot）911黑武士Ⅱ 十代酷睿水冷吃鸡游戏台式电脑主机高端设计制图编程台式机 水冷十代i7-10700/RTX2070S-8G 32GB内存 1TB NVMe+2TB机械,11999.00,雷神汇智云端专卖店,2200+条评价
17,52650293852,戴尔（DELL）OptiPlex7080MT十代i9商用台式机图形计算工业电脑 设计工作站主机 i9-10900 16G内存 256G+1T机械 RTX2070 8G独显 定制版,11488.00,戴尔商用祥云专卖店,1200+条评价
18,1673056303,戴尔（DELL） Latitude 智锐3410 14英寸十代商用办公学生轻薄笔记本电脑3400升级 I3-10110U丨8G丨1T+256固态定制 一年全国联保,3499.00,戴尔商用顺兴专卖店,3400+条评价
19,30727649089,联想ThinkPad E480 14英寸窄边框商务办公手提笔记本电脑超轻薄本 酷睿八代 【i5】8G 1T+256G@3RCD定制,4199.00,ThinkPad华东授权专卖店,1.4万+条评价
20,20894319254,一品国度 酷睿十代i5 10400/B460 电脑主机商用游戏办公台式机DIY组装机,2399.00,一品国度DIY旗舰店,5900+条评价
21,45171241071,名睿 高配水冷i7升I5 10400/GTX1660S电脑主机电竞直播吃鸡游戏台式机DIY组装机全套 套餐一,2999.00,名睿组装电脑旗舰店,2500+条评价
22,10754390366,DELL戴尔7070mff 微型台式电脑迷你小主机酷睿I5I7游戏商用台式机办公MINI客厅HTPC 单主机/含键盘鼠标 i5-9500T/8G/256G+1T/定制版,3899.00,戴尔商用千臣专卖店,5600+条评价
23,70786371036,戴尔DELL笔记本电脑灵越燃5000 5493/5593 2020款学生商务办公家用手提轻薄超极本 14.0英寸|十代酷睿i5-1035G1|2G独显 8G内存 512GPCIE高速固态 定制版,4099.00,戴尔华宏创天专卖店,200+条评价
24,38479525094,戴尔（DELL）灵越5493燃5000 14英寸酷睿十代轻薄便携独显窄边框商务办公手提笔记本电脑 i5-1035G1 16G 256G固态+1T定制,4699.00,戴尔速达专卖店,7800+条评价
25,12926302773,华为笔记本MateBook 14 2020款 轻薄本2K触控全面屏商务办公学生超薄笔记本电脑 银｜R7-4800H 16G 512G 触控屏,6599.00,华为康特专卖店,3100+条评价
26,52369842974,戴尔(DELL)成就3671商用办公家用网课财务炒股台式电脑 定制主机支持win7九代I5-9400 单主机（含键盘鼠标） 定制:i5/8G/128G+1T,3499.00,戴尔鼎新台式机专卖店,2200+条评价
27,100013017726,纵横卓创 十代i5 10400/独显平面设计师视频剪辑工业绘图电商美工修图影楼广告组装台式电脑主机 配置三：主机+戴尔D2421H显示器,3899.00,纵横卓创组装电脑旗舰店,2100+条评价
28,10020073971583,华硕（ASUS）VivoBook15s笔记本电脑十代酷睿商务学习窄边框轻薄本 i7-1065G7丨MX330丨16G丨512G,5689.00,clife旗舰店,9100+条评价
29,11463636029,雷霆世纪 觉醒X21 酷睿十代品牌游戏台式机/电脑主机（i5 10400 GTX1650 8G 512G固态 WIN10 三年上门）,4499.00,雷霆世纪（Raytine）京东自营旗舰店,300+条评价
30,70129374835,联想拯救者Y7000 15.6英寸2020款酷睿i5/i7高色域电竞屏学生设计师吃鸡游戏笔记本电脑 升级 i5 32G 512G固态 1650Ti,7899.00,联想爱特家专卖店,800+条评价
31,10021690077849,【酷睿i7+独显2G游戏本】15.6英寸超轻薄窄边框笔记本电脑吃鸡金属商务办公大学生本便携超级本手提 酷睿i7 + MX130 2G独显 8G内存 128G M.2固态+500G机械盘,3699.00,iru旗舰店,1800+条评价
32,34062000336,华为荣耀笔记本电脑MagicBook Pro 16.1英寸轻薄本手提商务办公超极本 2020款 银|i5十代 16G 512G 独显 标配,5999.00,千百回电脑专营店,4500+条评价
33,65481624784,华为荣耀笔记本电脑MagicBook 14 笔记本电脑全面屏14英寸超轻薄便携学生商务办公超极本 16款R7-3750H 8GB 512G固态 标配 冰河银 win10系统,4488.00,洁创数码专营店,2400+条评价
34,1409414827,华为笔记本MateBook13 2020款超轻薄13英寸商务办公性能手提本电脑2K全面屏 银丨I7-10510U 16G 512G独显 触屏,7599.00,华为德信专卖店,1.1万+条评价
35,47669728704,联想小新Pro13.3英寸2020款超窄边框2.5K高色域轻薄笔记本电脑酷睿十代i5/i7处理器 银色丨i7-10710U 16G 1T固态 定制 新一代MX350 2G独显,7749.00,联想西南授权专卖店,1400+条评价
36,72080718550,联想(Lenovo)扬天V14 十代酷睿i5四核高性能轻薄学生超薄本商务办公游戏超级本手提笔记本电脑 定制 i5-1035G1/12G/512G+1T MX330 2G独显 全高清 星空灰,5499.00,联想扬天京东自营授权旗舰店,900+条评价
37,40105117035,华为荣耀笔记本电脑MagicBook Pro笔记本 2020新款 16.1英寸高色域轻薄本商务超极本 SE/R7-3750H/8G/512G/灰色 官方标配,4499.00,华为比特专卖店,4800+条评价
38,35374530420,武极 AMD锐龙R5 3600/蓝宝石RX 590-8G独显游戏台式吃鸡电脑主机DIY组装机组装电脑,3699.00,武极电脑DIY旗舰店,4100+条评价
39,69629935418,戴尔（DELL）灵越5000 5493/5593独显轻薄超极本办公网课学生游戏笔记本电脑 15.6英寸 十代i5 MX230-2G独显 16G内存 512G PCI-E 固态硬盘 定制版,4379.00,戴尔崇云专卖店,2600+条评价
40,10022403453189,苹果（Apple）2020款 MacBook Air 13.3英寸超轻薄学生办公手提笔记本电脑 国行 【2020款】MacBook Air【商务灰】 【顶配版】十代i7/8GB/256GB/视网膜屏,9188.00,苹果百桔专卖店,700+条评价
41,51628067700,惠普（HP）星15青春版【十代新品】15.6英寸轻薄窄边框轻薄笔记本电脑 商务办公学生手提笔记本电脑 星15青春版 i5-1035G1 MX330-2G 8G 512G PCIE固态/高清屏...,4899.00,惠普九州专卖店,1.2万+条评价
42,26657558750,联想（Lenovo)旗舰店拯救者R7000 15.6英寸吃鸡游戏笔记本电脑锐龙R5 定制R5-4600H/8G/1T+128G固态  GTX1650 4G 100%sRGB,6699.00,联想授权旗舰店,1.4万+条评价
43,100008326681,联想小新Pro13 2020款锐龙R7轻薄笔记本电脑2.5K高色域R5全面屏超极本女生办公笔记本电脑 6核R5-4600U 16G 1T固态|定制 全金属机身 支持人脸识别,6099.00,联想育新授权专卖店,2.6万+条评价
44,10021950549482,昂福镭仕15.6英寸酷睿I5I7可选笔记本电脑可选超薄本游戏本轻薄手提便携办公lol 2020新款 吃鸡/LOL: 锐龙R7  12G+256G,3399.00,锦杰电脑专营店,200+条评价
45,45111354481,华硕PBA 十代i5 10400F/GTX1660 6G吃鸡游戏台式机组装电脑主机DIY整机 配置四,4799.00,benkou电脑官方旗舰店,1100+条评价
46,70334368646,"神舟（HASEE）优雅X3/X4系列 轻薄商务笔记本电脑 IPS高清屏 持久续航 256SSD全金属 X3G1｜i3-5005U+8G+13.3""72%",2599.00,神舟电脑旗舰店,2300+条评价
47,53617954033,神舟(HASEE)战神TX6TI-CU5DA 英特尔酷睿i5-10400 GTX1650TI 4G 16.1英寸144Hz游戏笔记本(8G 512G SSD),5699.00,神舟电脑京东自营旗舰店,5100+条评价
48,32968963673,2020新款平板电脑12英寸全网通4g安卓平板手机十核10g平板高清学习机超薄大屏娱乐吃鸡游戏平板 小米黑256g（免费试用+分期免息+鼠标蓝牙键盘） 12英...,1038.00,博智星颍川世家专卖店,3700+条评价
49,54099396046,戴尔台式机 OptiPlex7060升级7070MT i7九代八核商用绘图设计3D渲染建模台式机电脑 配23.8英寸E2420H滤蓝光IPS屏 I7/32G/2T+512固态/1060-6G独显,9099.00,戴尔商用祥云专卖店,3200+条评价
50,57813754023,华硕(ASUS) 天选 15.6英寸游戏本笔记本电脑新锐龙 7nm 窄边框144Hz电竞屏游戏本 元气蓝 R7-4800H 新GTX1650Ti 16G内存+1TB+512G高速固态,8199.00,茂双笔记本旗舰店,4200+条评价
51,10022398625841,惠普（HP）光影精灵6 15.6英寸游戏笔记本电脑 暗影精灵6暗夜6 设计师电脑 吃鸡笔记本 i7-10750H/GTX1650Ti 4G高色域 定制三:16G 1T固态 IPS 窄边框,7699.00,惠普峻峰专卖店,1.5万+条评价
52,27694802957,天宝T-bao R8 15.6英寸轻薄笔记本电脑 便携商务i5超薄游戏本 学生网上课堂远程办公超极本 四核处理器  8G内存 128G固态硬盘 高速处理器,1468.00,天宝电脑旗舰店,1.1万+条评价
53,30727649090,联想笔记本电脑 ideapad15S 2020款 锐龙R5 超轻薄本学生设计师商务办公笔记本游戏本 定制版R5-4600U 8G 512G固态 15.6英寸 皓月银,3999.00,联想电脑授权专卖店,2900+条评价
54,100013209566,宏华 i7四核八线程/GTX1650S 4G独显英雄联盟吃鸡游戏台式组装电脑主机整机全套 显示器+主机 配置三 I7四核八线程+Gtx1060 3G,2498.00,宏华组装电脑旗舰店,8700+条评价
