﻿,goods_id,goods_name,goods_price,goods_store,goods_commit
0,100016521620,京天(KOTIN)复仇者9308十代酷睿i9游戏台式水冷电脑主机(i9 10850K 32G 1TB SSD RTX3080 10G独显360水冷),15999.00,京天京东自营官方旗舰店,10+条评价
1,66684292279,华为荣耀笔记本电脑MagicBook Pro  16.1英寸高色域超轻薄学生网课商务办公超极本 银｜R7-3750H/8G/512G Win版,4599.00,新通路数码专营店,1000+条评价
2,100009401879,京天(KOTIN)复仇者9307十代酷睿i9游戏台式水冷电脑主机(i9 10850K 16G 500G SSD RTX3070 8G独显360水冷),12999.00,京天京东自营官方旗舰店,10+条评价
3,10022559551829,酷耶 英特尔十代i5 10400F/技嘉主板/GTX1070独显 设计师游戏台式机电脑主机组装整机 套餐三（GTX1070独显8G 设计直播）,4499.00,酷耶电脑旗舰店,20+条评价
4,100015285742,华为笔记本MateBook 13 2020新款13英寸超薄本全面屏轻薄商务办公学生笔记本电脑超极本 十代i7/16G/512G/触屏/银色,7299.00,华为比特专卖店,5500+条评价
5,38679805698,中柏（Jumper）11.6英寸win10平板电脑二合一笔记本（6G+128G/N3450四核/win10)Epad pro8,1279.00,中柏平板京东自营旗舰店,2400+条评价
6,14541812602,联想（Lenovo）拯救者刃9000K 2020酷睿设计师游戏电竞运算3D制图分体台式机整机电脑主机 I9-10900K 64G 2T+1T固态 水冷 RTX3090-24GB显卡 无线+蓝牙 定制,29999.00,联想新腾台式机专卖店,20+条评价
7,18956261327,联想新品IdeaPad14s 2020款 十代英特尔酷睿i3/i5 14英寸 高性能轻薄笔记本电脑 Intel i3 10110U银 双盘丨8G 1T机械+128G固态,3449.00,联想航电授权专卖店,5.8万+条评价
8,70459845153,亚当贝尔24-27英寸曲面超薄一体机电脑 酷睿i5/i7独显游戏组装吃鸡办公家用台式电脑主机整套 24英寸/酷睿i7/1650 4G独显/8G,3399.00,亚当贝尔电脑旗舰店,1.9万+条评价
9,62041201135,联想ThinkPad E15 2020款 15.6英寸高端轻薄商务办公游戏手提ibm笔记本电脑i7- 10710U 32G 512G+1T@定制6DCD,7749.00,ThinkPad山东授权专卖店,1700+条评价
10,59242983888,华硕（ASUS）一体机猎鹰V4 21.5英寸家用办公整机窄边框公司商务会议台式机电脑 商务办公｜4417U/8G/256G固态,3799.00,华硕恩荣专卖店,2400+条评价
11,10022938692480,机械革命(MECHREVO) 新品S2/S2pro 14英寸全面屏办公轻薄笔记本电脑 网课 银或灰 十代i5-10210U/MX350独显 套餐三 16G内存/512G 固态硬盘,4549.00,机械革命沃美嘉专卖店,1500+条评价
12,71179118073,联想V340 15.6英寸高端性能十代酷睿i5窄边框超薄本轻薄学生超极本商务办公游戏笔记本手提电脑 定制i5-1035G1 16G 512G+2T 2G独显 IPS全高清屏 星空灰,5899.00,联想扬天京东自营授权旗舰店,50+条评价
13,21766353190,华为荣耀笔记本MagicBook 14/15英寸薄窄边框级轻薄学生商务办公游戏手提笔记本电脑 蓝边SE 银 R5+16G+512G【14英寸】 官方标配,4499.00,金博盛笔记本专营店,2700+条评价
14,69582595959,名睿 高配水冷i7 /GTX1660升RTX2060电竞游戏台式组装电脑主机全套 套餐四,4999.00,名睿组装电脑旗舰店,500+条评价
15,65666025763,华为荣耀笔记本电脑MagicBook Pro 16.1英寸商务办公轻薄便携本超薄学生网课本超极本游戏 20款i5十代 16G 512G MX350 标配 冰河银 WIN10系统 高色域 100%sRG,5999.00,洁创数码专营店,1300+条评价
16,10020228626538,联想ThinkBook 十代酷睿i5/i7轻薄商务办公手提学生游戏笔记本电脑ThinkBook 15-06CD i5-1035G1 2G独显 8G内存 512G固态 背光键盘 标配,4499.00,ThinkPad广东授权专卖店,1600+条评价
17,10020598957682,戴尔（DELL） Latitude3500/3510商用办公15.6英寸轻薄笔记本电脑便携手提学生 定制：赛扬5205U 8G 256G固态 磨砂黑,2999.00,戴尔商用瑞华专卖店,60+条评价
18,66770331088,华为荣耀笔记本电脑MagicBook 14 笔记本电脑全面屏14英寸超轻薄便携学生商务办公超极本 R5-4500U/16G/512G 灰色+原装包鼠 冰河银 win10系统,4999.00,洁创数码专营店,2400+条评价
19,45558039438,苹果（Apple）2020年新款 iPadPro 11英寸/12.9英寸轻薄办公学习 多合一平板电脑 11 银色 + 官 方 标 配 256G WLAN版,6599.00,APPLE翔合专卖店,1.8万+条评价
20,71992827223,联想（Lenovo）GeekPro 设计师家用办公吃鸡游戏台式机电脑整机十代八核i7-10700F 标配16G 1T+256G GTX1650-4G 主机+23.0IPS屏,7499.00,联想同诚台式机授权专卖店,100+条评价
21,69395331029,苹果（Apple）2020新款MacBook Air 13.3英寸超轻薄学生办公手提笔记本电脑 国行 Macbook air 13.3英寸【商务灰】 【2020款】i5/8G/256G【12期免息分期,9188.00,苹果百桔专卖店,3200+条评价
22,100015180662,华硕（ASUS）2020年新款7nm新锐龙八核处理器15.6英寸全金属轻薄笔记本电脑 耀夜黑 R7-4700U 配置一 16G/512G 固态,4799.00,华硕金硕专卖店,90+条评价
23,28676527542,三星Galaxy Tab S7 11英寸影音办公游戏平板电脑(8G+256GB/WLAN版/120Hz+2K全面屏/骁龙865+/T870）曜岩黑,5799.00,三星平板京东自营旗舰店,1600+条评价
24,56882541195,DPAITEC鼎派办公一体机电脑19-24英寸 窄边框电脑一体机游戏家用高清屏台式主机 企业推荐)19.1英寸酷睿i5 4G/120G,1058.00,DPAITEC电脑官方旗舰店,1200+条评价
25,54200491672,联想小新air14 2020英特尔十代新品 14英寸超轻薄酷睿i5笔记本电脑办公设计学生超级本 i5-1035G1 16G 512G |标配高色域 满血MX350 2G独显 IPS全高清屏,5889.00,联想德信专卖店,1.1万+条评价
26,55273379548,联想小新Air14英寸超轻薄笔记本电脑超极本办公游戏设计本2021款新一代酷睿i5可选 i5-1135G7 16G 1T固态MX450定制,6499.00,联想西南授权专卖店,6400+条评价
27,100008492950,"京品电脑	
联想小新Air14/15 2020锐龙版(全新7nm)八核超轻薄笔记本电脑 学生本商务设计游戏轻薄本 升级【R5 4600U 16G内存 1T固态】灰",5299.00,联想航电授权专卖店,1.9万+条评价
28,27689962576,戴尔（DELL）旗舰店 灵越7490/7400 14英寸全面屏超轻薄设计师固态笔记本电脑 7490-1525银 i5 8G MX250,6799.00,戴尔官方旗舰店,1800+条评价
29,10021505341038,雷蛇(Razer)灵刃15标准版 15.6英寸轻薄窄边框游戏笔记本电脑（i7-9750H 16G 256G+1T GTX1660Ti 144Hz 100%sRGB IPS全高清屏 雷电3）,9599.00,雷蛇电脑京东自营旗舰店,3700+条评价
30,37438498680,神舟战神Z7M/Z8系列酷睿标压处理器GTX1650Ti RTX2060 独显电竞游戏笔记本手提电脑 Z8-CU7升级版 十代i7 16G内存 512G 官方标配/定制,7399.00,神舟天美专卖店,2.1万+条评价
31,71201615259,华硕(ASUS) VivoBook15s 英特尔酷睿i5 新版15.6英寸轻薄笔记本电脑 15.6英寸丨i7-1065G7丨MX330-2G 16G/512G固态+1T 套餐四,6099.00,华硕智凝专卖店,500+条评价
32,66750340815,戴尔（DELL）OptiPlex7080MFF 十代办公迷你主机微型台式电脑客厅htpc 7070升 单主机（含键鼠，不含显示器） i7-10700T｜16G｜1T+256G M.2,5499.00,戴尔商用华东专卖店,90+条评价
33,10023358481419,"京品电脑	
惠普（HP）光影精灵6pro电竞版 新锐龙7nm 暗夜暗影电竞吃鸡游戏笔记本电脑旗舰店 R7-4800H八核 GTX1650Ti-4G旗舰 16G 512G PCIE+1T 15.6英寸",6799.00,惠普授权旗舰店,2600+条评价
34,35374530424,戴尔（DELL）轻薄本灵越5000系列15.6英寸十代酷睿游戏本轻薄办公家用学生笔记本电脑 i7-1065G7四核|2G独显|银色 16G内存PCIe512G固态+1T机械定制,5799.00,戴尔奥莱专卖店,400+条评价
35,29415165257,13.3英寸轻薄便携高色域翻转触控屏笔记本电脑 FHD高色域触摸翻转屏 背光键盘 指纹识别 i7-1165G7 16G 512G 月光银 标配,7899.00,惠普华辉专卖店,5000+条评价
36,69940920640,联想（Lenovo)旗舰店拯救者R7000 15.6英寸吃鸡游戏笔记本电脑锐龙R5 定制R5-4600H/16G/1T+128G固态  GTX1650 4G 100%sRGB,7099.00,联想授权旗舰店,1.4万+条评价
37,10022227168266,机械师T58-V 全面屏游戏本十代i7-10750H/GTX1650 4G独显轻薄游戏笔记本电脑 竞速版16G/512G PCIE高速固态+1TB,6789.00,MACHENIKE机械师旗舰店,3.2万+条评价
38,14276132103,小米红米笔记本电脑RedmiBook 14英寸轻薄本超薄手提超极本商务办公大学生 十代i5+8G+512G+MX350 官方标配,4299.00,千百回电脑专营店,2700+条评价
39,100012882690,【全新8核可选】雷神911M野王十代酷睿i7-10750轻薄游戏本GTX1650/Ti独显笔记本电脑 i7-10750/1650Ti/8G/256+1T,6699.00,Thunderobot雷神旗舰店,3600+条评价
40,30380050300,联想（Lenovo）扬天V330 14英寸笔记本电脑娱乐商务影音家用学生手提电脑 高清屏 定制A4-9125 8G 500+256G固态,2788.00,联想扬天丽邦专卖店,4800+条评价
41,63137742193,戴尔 DELL Latitude 7490 14英寸高端商务远程办公手提轻薄笔记本电脑: i5-8350U/8G/512G固态/Win10,4999.00,戴尔商用解决方案自营旗舰店,200+条评价
42,16883367608,Apple苹果 新款MacBook Pro13.3英寸超薄笔记本电脑支持Air drop 20款 高配 1 T B 灰色,14288.00,APPLE翔合专卖店,7600+条评价
43,100013209572,戴尔（DELL）成就5880酷睿十代i5台式机电脑吃鸡游戏设计家用办公全套整机 定制i5-10400 主机+23.8英寸显示器 8G 256G固态 GT730-2G独显,4699.00,戴尔华行台式机专卖店,1700+条评价
44,66064910983,亚当贝尔24-27英寸曲面超薄一体机电脑 酷睿i5/i7独显游戏组装吃鸡办公家用台式电脑主机整套 24英寸/八代G4900/独显/8G/256G,2599.00,亚当贝尔电脑旗舰店,1.9万+条评价
45,11576451290,外星人ALIENWARE 全新m17 2020版R3 十代英特尔酷睿i9 高端电竞游戏本 17.3英寸300Hz高刷新RTX2080 SUPER 8G独显 轻薄高配笔记本电脑5968 白色 现货,44989.00,外星人京东自营旗舰店,3000+条评价
46,10021505161521,华为笔记本 MateBook 14 2020款 14英寸超薄本商务办公手提电脑轻薄本超极本 灰｜R5-4600H/16G/512G/集显 标配,5699.00,华为肆玖专卖店,2600+条评价
47,10950969528,惠普（HP）200G7 14英寸轻薄笔记本电脑 学生本 商务本 N4000 8G内存 256G固态 定制 win10带office 黑色,2699.00,惠普峻峰专卖店,1600+条评价
48,47350039163,联想ThinkPad E系列 14/15.6英寸大屏轻薄商务办公学生游戏手提笔记本电脑 E15 05CD 15.6英寸 四核R3-4300 8G内存 256G固态 定制,3499.00,ThinkPad广东授权专卖店,80+条评价
49,68230542788,宏碁（acer） 墨舞EX215 15.6英寸轻薄商务办公宏基笔记本电脑 套餐五【四核N4120/12G/256G固态】 背光防眩光雾面屏 WiFi 蓝牙,2656.00,宏碁沃美嘉专卖店,2300+条评价
50,67165904442,联想(Lenovo)扬天V340 2020款15.6英寸新十代酷睿i5学生轻薄商务办公手提笔记本电脑 定制i5-1035G1 8G 512G+1T 2G独显 全高清屏 星空灰,5599.00,联想扬天京东自营授权旗舰店,200+条评价
51,29285639626,惠普（HP）旗舰店星14青春版 轻薄窄边笔记本手提电脑学生商务新锐龙R3/7超极本 R3-3250U 8G 256G IPS 14英寸,3899.00,惠普授权旗舰店,1000+条评价
52,67035475918,戴尔（DELL）笔记本电脑 成就5490/5590/5501 十代酷睿窄边框商务办公学生游戏轻薄本 14英寸|i5-10210U|MX250-2G独显 16G内存/512G高速固态+1T,4569.00,戴尔京灵笔记本专卖店,200+条评价
53,68971636052,华为荣耀笔记本MagicBook Pro旗舰版全面屏轻薄本超薄本学生商务办公手提电脑超极本网课本 银|锐龙R5/16G/1T固态 高色域 全面屏,5299.00,荣耀方和专卖店,1500+条评价
54,71841431096,华为荣耀笔记本电脑MagicBook 14 2020年超轻薄便携商务办公学生游戏本手提电脑 16.1|银|升级款R5/16G/512G固态,4599.00,荣耀方和专卖店,3900+条评价
55,10022231391156,戴尔台式机 OptiPlex7060升级7070MT i7九代八核商用绘图设计3D渲染建模台式机电脑 单主机（预装win10家庭版） I7-9700/32G/1T+256固态/2G独显,6259.00,戴尔商用祥云专卖店,3200+条评价
