﻿,goods_id,goods_name,goods_price,goods_store,goods_commit
0,59641930114,战翔酷睿i5 9400F/高配独显吃鸡游戏电竞台式机电脑主机LOL组装家用办公全套整机送24英寸曲屏 套餐六i5-9400F/16G/1660 6G独显,4899.00,战翔电脑旗舰店,4400+条评价
1,100015522270,联想（Lenovo）IdeaPad14s 增强版2020酷睿i3轻薄本商务办公学生手提超薄笔记本电脑 新锐性能十代酷睿I3-1005G1 12GB内存 512GB固态 皓月银丨定制,3889.00,联想华北授权专卖店,1.1万+条评价
2,25696687462,"京品电脑	
宏碁(Acer)新蜂鸟Fun 15.6英寸轻薄本 学生商务办公笔记本电脑(11代英特尔酷睿i5-1135G7 16G 512G wifi6)银",3999.00,宏碁京东自营旗舰店,1万+条评价
3,68664197792,长城(Great Wall)商务家用办公台式一体机电脑 21.5英寸 四核 J3160 8G 256G 官方标配,1849.00,长城电脑旗舰店,5800+条评价
4,61117900063,长城(Great Wall)四核一体机电脑酷睿I3/I5/高配游戏家用办公台式一体式整机 21.5英寸 十代I3-10100 8G 256G,2999.00,长城电脑自营旗舰店,3100+条评价
5,100006831883,武极 酷睿i5 10600KF/RX5600XT游戏台式吃鸡电脑主机/DIY组装机 电脑 DIY组装机,5188.00,武极电脑DIY旗舰店,2500+条评价
6,71403507057,宁美 HN270C 27英寸曲面1080P低蓝光爱眼16:9可壁挂178°广视角电脑办公液晶显示器/70Hz/UPC,899.00,宁美国度京东自营旗舰店,2300+条评价
7,67701207722,狄派 英特尔酷睿十代i5/i7-10700八核台式电脑主机整机全套6G独显办公游戏电竞组装电脑 单主机 配置三(i5-10400F+GTX1650三年保),3699.00,狄派电脑旗舰店,3900+条评价
8,100007010725,"拍拍	
【二手9成新】联想电脑台式机i3i5商务办公网课学习工作室游戏dnf搬砖整套 3】四核q9400/4G/500G机械 送19寸显示器",799.00,万佳二手电脑专营店,2.3万+条评价
9,100015328584,"京品电脑	
雷神（ThundeRobot）911黑武士三代 水冷游戏台式电脑电竞主机（十代i5-10400 16G GTX1660Ti 256G SSD+1T ）",6199.00,雷神京东自营官方旗舰店,2.1万+条评价
10,61926533693,雷神(ThundeRobot)GeekBox 设计师游戏台式电脑主机(十代酷睿i5-10400 8G GTX1650 512GSSD 三年上门）,4199.00,雷神京东自营官方旗舰店,2.5万+条评价
11,63053915030,"拍拍	
【二手9成新】联想电脑台式机酷睿i5/i7固态512G商务办公家用网课学习二手电脑主机 套餐一 【酷睿双核 4G  320G送19寸】",578.00,淘正二手电脑专营店,2800+条评价
12,30240147160,"拍拍	
【二手95新】Apple MacBook Pro苹果笔记本电脑 二手笔记本 9新MD101升i5/8g/240固态带光驱",2388.00,麦克布克二手电脑专营店,1.3万+条评价
13,100012283700,亚当贝尔 十代酷睿i5/i7-10700F八核/GTX2060电竞办公游戏吃鸡组装台式电脑主机整机 主机+24英寸曲面电竞显示器 配置二：十代酷睿i5/1650 4G/512G,3799.00,亚当贝尔电脑旗舰店,2.8万+条评价
14,100013263236,宏碁 (Acer )墨舞B311 11.6英寸便携教育办公笔记本 网课(四核N4120 8G 256G 触控IPS屏 360°翻转 Win10),3199.00,宏碁商用京东自营旗舰店,400+条评价
15,10023609757850,海尔（Haier）逸15 15.6英寸窄边框商务办公轻薄本（intel 5205U  8G 256G SSD 1080P WIN10）砂岩灰,2699.00,海尔电脑京东自营旗舰店,1.8万+条评价
16,100014171090,战神盟主 十代i5 10400F六核 GTX1060 6G独显 电竞游戏台式机电脑主机组装整机 GTX1650独显4G+24英寸曲屏显示器,3668.00,战神盟主电脑旗舰店,300+条评价
17,100013294774,"京品电脑	
联想(Lenovo)拯救者刃9000 2020英特尔酷睿i9游戏电脑主机(i9-10900K RTX2070 16G 512G ARGB侧透)",10999.00,联想京东自营旗舰店,2.5万+条评价
18,11227267922,"京品电脑	
华硕(ASUS)灵耀14 十代i7 13.5mm超轻薄14英寸商务办公手提笔记本电脑(i7-1065G7 16G 512G 高色域)松木青",7199.00,华硕京东自营官方旗舰店,1.1万+条评价
19,59646054105,攀升 英特尔十代酷睿i5 10400企业家用办公设计师游戏台式机电脑主机/DIY组装机,2288.00,攀升DIY电脑旗舰店,2900+条评价
20,59565348726,联想ThinkPad E15 05CD AMD锐龙版 15.6英寸轻薄本 办公游戏笔记本电脑 四核 R3-4300U 12G内存 512G固态 升级,4099.00,ThinkPad成都授权专卖店,200+条评价
21,71379602713,酷耶 i7四核/GTX1080独显8G水冷吃鸡游戏台式机电脑主机组装整机 主机+24英寸曲面显示器 套餐一（16G/240G/GTX1070 8G),4698.00,酷耶电脑旗舰店,900+条评价
22,33158234860,戴尔(DELL)灵越5401/5402 Urban14英寸新品酷睿高清全面屏固态影音轻薄笔记本电脑 5401-1828银 十代i7 16G MX330 标配,5899.00,戴尔官方旗舰店,1800+条评价
23,10021184161214,联想ThinkPad E480 14英寸窄边框商务办公手提笔记本电脑超轻薄本 酷睿八代 【i3】16G 512G固态@3PCD定制,3469.00,ThinkPad华东授权专卖店,1.4万+条评价
24,10644935487,ThinkPad笔记本 联想 E15（0PCD）2020款15.6英寸商务办公笔记本电脑十代酷睿i5 【定制升级】16G内存 256G固态+1TB双硬盘 全高清屏 独立显卡 独立数字小键盘,5199.00,ThinkPad定制版专卖店,1000+条评价
25,48309802992,佐瀚（zuohan）酷睿i5四核/E5系列八核/6G独显台式电脑主机家用商务办公组装电竞游戏电脑整机 套餐二 i5四核+240G固态+4G独显 畅玩游戏,1599.00,淘森电脑专营店,1.3万+条评价
26,71694990903,博仑帅酷睿i3/i5/i7曲面窄边框超薄一体机电脑办公/家用/游戏台式一体式整机 E2 网课学习24 酷睿i5 8G/240G,1999.00,博仑帅一体机电脑旗舰店,1.2万+条评价
27,1334943183,戴尔（DELL）成就3671 商用办公台式机电脑 家用游戏设计制图主机英特尔i5-9400 单主机（无显示器） 8G 128G+1T 集显 定制,3599.00,戴尔新通路专卖店,70+条评价
28,8557860,"京品电脑	
武极 i3 9100/10100办公主机企业客服家用商用台式组装电脑主机兼容机/DIY组装机 配置一（i3 9100+8G+120G）",1688.00,武极电脑DIY旗舰店,1.9万+条评价
29,59778508909,攀升 M51 升10代i5 10400F/丽台P620 2G/8G/240G SSD+1T/商务键鼠/设计渲染建模专业图形设计台式组装电脑,4199.00,IPASON攀升电脑京东自营旗舰店,2700+条评价
30,67992032186,中柏（Jumper） EZbook S5 超轻薄笔记本电脑14英寸商务办公手提电脑学生超极本 深空灰N3350/6+64GB固态,999.00,中柏电脑旗舰店,1200+条评价
31,65550291193,华硕 i7 9700升十代10700F/华硕RTX2060主播直播吃鸡游戏台式电脑主机/DIY组装机,5669.00,超信达DIY电脑旗舰店,400+条评价
32,10020931272513,戴尔（Dell）Optiplex 3070MT 商用台式电脑 W10 三年 i3-9100 主机+21.5英寸显示器 4G 1T+512G SSD 集显,4599.00,柏莱泽电脑办公专营店,0条评价
33,59418715597,戴尔（DELL）成就3881 商用办公台式机 家用学习电脑整机 单主机（无显示器） G6400 8G内存 256G固态 定制,2329.00,戴尔新通路专卖店,300+条评价
34,100010235094,15.6英寸超轻薄本 高速固态硬盘 笔记本电脑轻薄超级本 学生网上课堂电脑 远程办公本 得峰电脑 全尺寸键盘Intel-J4105/12G内存 SSD512G高速固态硬盘,2119.00,得峰旗舰店,6.7万+条评价
35,10021667553760,宁美国度 魂 吃鸡游戏台式机电脑整机（i5 9400F/GTX1650-D6升级版/512G固态 三期免息）23.8英寸电脑套装,3999.00,宁美国度一体机京东自营旗舰店,2100+条评价
36,34029344426,戴尔（DELL）智锐3510（Latitude）15.6英寸超轻薄商用办公笔记本电脑 i5-10210U 高分 MX230 2G独显 标配 16G内存 512G固态,5458.00,戴尔商用京东自营官方旗舰店,400+条评价
37,52623507799,佐瀚（zuohan）酷睿i5四核/E5系列八核/6G独显台式电脑主机家用商务办公组装电竞游戏电脑整机 套餐四 i9级八核+3G独显+24英寸显示器全套,3599.00,淘森电脑专营店,1.3万+条评价
38,15660770362,硕扬 intel八核十六线程/GTX1060独显/32G台式电脑主机DIY组装机吃鸡LOL游戏办公 电脑主机 套餐四（i9级八核十六线程+32G+1060独显）,2179.00,硕扬DIY电脑旗舰店,8800+条评价
39,64488009826,华硕电脑 i5 9400F/10400F/GTX1660S吃鸡LOL游戏设计台式电脑主机diy组装机 华硕定制主机：规格三,3169.00,超信达DIY电脑旗舰店,5200+条评价
40,65361032763,博仑帅（BOLUNSHUAI） 18.5-27英寸一体机电脑办公家用游戏台式主机整机 A5限量升级至 24英寸酷睿i5 8G/240G,2099.00,博仑帅一体机电脑旗舰店,3.7万+条评价
41,100008261437,15.6英寸超轻薄本 高速固态硬盘 笔记本电脑轻薄超级本 学生网上课堂电脑 远程办公本 得峰电脑 银色--超窄边框Intel-J3455/8G内存 力荐SSD256G高速固态硬盘,1780.00,得峰旗舰店,6.7万+条评价
42,33530906937,酷睿i5/i7/1650 4GD6独显/办公游戏台式组装电脑主机DIY组装机整机 主机+24英寸曲面显示器 i7级六核/4G独显/16G/256G,2299.00,鑫石电脑专营店,1200+条评价
43,56765152255,雷神(ThundeRobot) 911Air星战三代 15.6英寸游戏笔记本电脑(十代八核i7-10870H 16G 512GSSD GTX1650Ti),6999.00,雷神京东自营官方旗舰店,2万+条评价
44,100012172678,联想新品ideapad15s酷睿版 15.6英寸轻薄笔记本电脑 办公设计游戏娱乐女生学生上网课便携本 标配：i3-10110U 8G内存 512G固态  银色,3479.00,联想航电授权专卖店,3.1万+条评价
45,10022880424045,"京品电脑	
宏碁(Acer)暗影骑士·擎 英特尔酷睿i5 144hz高色域 游戏本笔记本电脑（i5/16G/512G SSD GTX1650Ti 4G独显）",6299.00,宏碁京东自营旗舰店,4万+条评价
46,71185272114,"拍拍	
【二手9成新】戴尔（DELL）i7笔记本电脑商务手提轻薄办公学生游戏 六代i5/8G/240G/2G独显",2388.00,聚惠二手电脑专营店,4800+条评价
47,100007136957,方正（iFound）T229 21.5英寸IPS窄边框办公一体机台式电脑(4核J3160 8G 240G固态 WIFI 键鼠 三年上门服务),1899.00,iFound方正国际电脑京东自营旗舰店,4400+条评价
48,28259836668,武极 i5 10400F/RTX2060华硕信仰套装 游戏台式吃鸡电脑主机 DIY组装机,4888.00,武极电脑DIY旗舰店,100+条评价
49,10024060316201,航向者 intel八核十六线程/GTX泰坦6G/16G台式组装电脑主机DIY组装机吃鸡LOL游戏办公 主机+显示器 套一(AMD高频+8G内存+高清核显),1099.00,航向者组装电脑旗舰店,3600+条评价
50,64488009827,动力远航一体机电脑商务办公家用游戏酷睿I3/I5/I7台式整机 23.8英寸曲面 I3/8G/256G固态,1679.00,红马台式电脑专营店,800+条评价
51,27914580585,Apple 2020新款 MacBook Pro 13.3【带触控栏】八代i5 8G 512G 1.4GHz 深空灰 笔记本电脑 轻薄本 MXK52CH/A,11099.00,Apple产品京东自营旗舰店,2.8万+条评价
52,60090120653,联想（Lenovo）威6 2020英特尔酷睿i5-14英寸轻薄笔记本电脑学生商用办公游戏本 2G独显 i5-1035G1 16G 512G固态｜精装升级,4799.00,联想扬天授权旗舰店,1.2万+条评价
53,69462095861,"拍拍	
【二手99新】英特尔i7级六核1070独立显卡直播吃鸡游戏主机二手台式机电脑整机商务办公DIY组装机 套餐1：i5级四核 8G内存 120固态 独立显卡",1299.00,晶瑞二手电脑专营店,3100+条评价
54,4820523,联想（Lenovo） 扬天 S550 14英寸2020新款锐龙版（全新7mm）轻薄便携学习笔记本电脑 标配R5-4600U 8G内存 512G固态 指纹识别 双风扇散热,4299.00,联想朗通金牌专营店,6条评价
